raw_metar,station,valid_time_utc,is_auto,wind_dir_deg,wind_speed_kt,wind_gust_kt,visibility_m,weather_phenomena,sky_layer1_cover,sky_layer1_height_ft,sky_layer1_type,sky_layer2_cover,sky_layer2_height_ft,sky_layer2_type,sky_layer3_cover,sky_layer3_height_ft,sky_layer3_type,has_cb,temp_c,dewpoint_c,qnh_hpa,has_ts,ts_in_vicinity,ts_intensity,ceiling_ft,label_has_ts_h1,label_ts_in_vicinity_h1,label_visibility_m_h1,label_wind_speed_kt_h1,label_wind_gust_kt_h1,label_ceiling_ft_h1,label_has_ts_h3,label_ts_in_vicinity_h3,label_visibility_m_h3,label_wind_speed_kt_h3,label_wind_gust_kt_h3,label_ceiling_ft_h3,label_has_ts_h6,label_ts_in_vicinity_h6,label_visibility_m_h6,label_wind_speed_kt_h6,label_wind_gust_kt_h6,label_ceiling_ft_h6,label_has_ts_h12,label_ts_in_vicinity_h12,label_visibility_m_h12,label_wind_speed_kt_h12,label_wind_gust_kt_h12,label_ceiling_ft_h12,label_has_ts_h24,label_ts_in_vicinity_h24,label_visibility_m_h24,label_wind_speed_kt_h24,label_wind_gust_kt_h24,label_ceiling_ft_h24
METAR WALS 220800Z 26004KT 5000 -RA SCT017 25/24 Q1010 NOSIG,WALS,2026-07-22 08:00:00,0,260.0,4.0,,5000.0,"('-', None, 'RA', None, None)",SCT,1700.0,,,,,,,,0,25.0,24.0,1010.0,0,0,,,0.0,0.0,8000.0,1.0,,,0.0,0.0,5000.0,0.0,,,0.0,0.0,4100.0,1.0,,29000.0,0.0,0.0,4800.0,0.0,,1700.0,0.0,0.0,10000.0,4.0,,
METAR WALS 220830Z VRB01KT 8000 FEW017 25/24 Q1010 RERA NOSIG,WALS,2026-07-22 08:30:00,0,,1.0,,8000.0,,FEW,1700.0,,,,,,,,0,25.0,24.0,1010.0,0,0,,,0.0,0.0,10000.0,3.0,,,0.0,0.0,6000.0,1.0,,11000.0,0.0,0.0,650.0,1.0,,2800.0,0.0,0.0,2100.0,0.0,,1800.0,0.0,0.0,10000.0,5.0,,
METAR WALS 220930Z 33003KT 9999 FEW020 25/25 Q1010 NOSIG,WALS,2026-07-22 09:30:00,0,330.0,3.0,,10000.0,,FEW,2000.0,,,,,,,,0,25.0,25.0,1010.0,0,0,,,0.0,0.0,5000.0,0.0,,,0.0,0.0,3900.0,1.0,,13000.0,0.0,0.0,4700.0,1.0,,14000.0,0.0,0.0,7000.0,1.0,,1800.0,0.0,0.0,10000.0,6.0,,
METAR WALS 221000Z VRB02KT 7000 FEW020 25/25 Q1010 NOSIG,WALS,2026-07-22 10:00:00,0,,2.0,,7000.0,,FEW,2000.0,,,,,,,,0,25.0,25.0,1010.0,0,0,,,0.0,0.0,5000.0,0.0,,,0.0,0.0,3600.0,1.0,,12000.0,0.0,0.0,5000.0,1.0,,14000.0,0.0,0.0,3900.0,0.0,,2000.0,0.0,0.0,10000.0,6.0,,
METAR WALS 221030Z AUTO 00000KT 5000 FEW130 FEW170 25/25 Q1011 NOSIG,WALS,2026-07-22 10:30:00,1,0.0,0.0,,5000.0,,FEW,13000.0,,FEW,17000.0,,,,,0,25.0,25.0,1011.0,0,0,,,0.0,0.0,6000.0,1.0,,11000.0,0.0,0.0,3600.0,1.0,,12000.0,0.0,0.0,5000.0,1.0,,14000.0,0.0,0.0,3700.0,1.0,,2600.0,0.0,0.0,10000.0,4.0,,13000.0
METAR WALS 221130Z AUTO 07001KT 6000 BKN110 OVC270 25/25 Q1011 NOSIG,WALS,2026-07-22 11:30:00,1,70.0,1.0,,6000.0,,BKN,11000.0,,OVC,27000.0,,,,,0,25.0,25.0,1011.0,0,0,,11000.0,0.0,0.0,3900.0,1.0,,13000.0,0.0,0.0,650.0,1.0,,2800.0,0.0,0.0,6000.0,1.0,,12000.0,0.0,0.0,5000.0,2.0,,,0.0,0.0,10000.0,4.0,,
METAR WALS 221200Z AUTO 24001KT 3900 BR FEW110 BKN130 OVC280 25/25 Q1011,WALS,2026-07-22 12:00:00,1,240.0,1.0,,3900.0,"('', None, '', 'BR', None)",FEW,11000.0,,BKN,13000.0,,OVC,28000.0,,0,25.0,25.0,1011.0,0,0,,13000.0,0.0,0.0,3600.0,1.0,,12000.0,0.0,0.0,650.0,1.0,,2800.0,0.0,0.0,5000.0,1.0,,13000.0,0.0,0.0,10000.0,6.0,,,0.0,0.0,10000.0,4.0,,
METAR WALS 221330Z AUTO VRB01KT 3600 BR BKN120 OVC140 24/24 Q1012,WALS,2026-07-22 13:30:00,1,,1.0,,3600.0,"('', None, '', 'BR', None)",BKN,12000.0,,OVC,14000.0,,,,,0,24.0,24.0,1012.0,0,0,,12000.0,0.0,0.0,650.0,1.0,,2800.0,0.0,0.0,5000.0,1.0,,14000.0,0.0,0.0,5000.0,1.0,,11000.0,0.0,0.0,10000.0,8.0,,,0.0,0.0,10000.0,3.0,,12000.0
METAR WALS 221400Z AUTO VRB01KT 4100 BR SCT033 SCT120 BKN290 24/24 Q1012,WALS,2026-07-22 14:00:00,1,,1.0,,4100.0,"('', None, '', 'BR', None)",SCT,3300.0,,SCT,12000.0,,BKN,29000.0,,0,24.0,24.0,1012.0,0,0,,29000.0,0.0,0.0,650.0,1.0,,2800.0,0.0,0.0,3900.0,1.0,,9500.0,0.0,0.0,4800.0,0.0,,1700.0,,,,,,,0.0,0.0,10000.0,3.0,,12000.0
METAR WALS 221430Z AUTO VRB01KT 0650 R04/P2000D R22/0900N FG BKN028 BKN037 OVC160 24/24 Q1012,WALS,2026-07-22 14:30:00,1,,1.0,,650.0,"('', None, '', 'FG', None)",BKN,2800.0,,BKN,3700.0,,OVC,16000.0,,0,24.0,24.0,1012.0,0,0,,2800.0,0.0,0.0,4700.0,1.0,,14000.0,0.0,0.0,6000.0,1.0,,12000.0,0.0,0.0,2100.0,0.0,,1800.0,,,,,,,0.0,0.0,10000.0,1.0,,7500.0
METAR WALS 221530Z AUTO VRB01KT 4700 BR OVC140 24/24 Q1012,WALS,2026-07-22 15:30:00,1,,1.0,,4700.0,"('', None, '', 'BR', None)",OVC,14000.0,,,,,,,,0,24.0,24.0,1012.0,0,0,,14000.0,0.0,0.0,5000.0,1.0,,14000.0,0.0,0.0,4400.0,1.0,,8000.0,0.0,0.0,7000.0,1.0,,1800.0,0.0,0.0,10000.0,9.0,,,0.0,0.0,10000.0,1.0,,6500.0
METAR WALS 221600Z AUTO VRB01KT 5000 OVC140 24/24 Q1012,WALS,2026-07-22 16:00:00,1,,1.0,,5000.0,,OVC,14000.0,,,,,,,,0,24.0,24.0,1012.0,0,0,,14000.0,0.0,0.0,3900.0,1.0,,9500.0,0.0,0.0,5000.0,0.0,,7000.0,0.0,0.0,3900.0,0.0,,2000.0,0.0,0.0,10000.0,9.0,,,0.0,0.0,10000.0,1.0,,6500.0
METAR WALS 221700Z AUTO VRB01KT 3900 BR FEW080 BKN095 OVC130 24/24 Q1011,WALS,2026-07-22 17:00:00,1,,1.0,,3900.0,"('', None, '', 'BR', None)",FEW,8000.0,,BKN,9500.0,,OVC,13000.0,,0,24.0,24.0,1011.0,0,0,,9500.0,0.0,0.0,5000.0,1.0,,13000.0,0.0,0.0,4800.0,0.0,,1700.0,0.0,0.0,5000.0,2.0,,,0.0,0.0,10000.0,9.0,,,0.0,0.0,10000.0,2.0,,14000.0
METAR WALS 221730Z AUTO VRB01KT 6000 FEW100 BKN120 OVC160 24/24 Q1011,WALS,2026-07-22 17:30:00,1,,1.0,,6000.0,,FEW,10000.0,,BKN,12000.0,,OVC,16000.0,,0,24.0,24.0,1011.0,0,0,,12000.0,0.0,0.0,4400.0,1.0,,8000.0,0.0,0.0,2100.0,0.0,,1800.0,0.0,0.0,5000.0,2.0,,,,,,,,,0.0,0.0,10000.0,2.0,,14000.0
METAR WALS 221800Z AUTO VRB01KT 5000 FEW037 SCT075 BKN130 24/24 Q1011,WALS,2026-07-22 18:00:00,1,,1.0,,5000.0,,FEW,3700.0,,SCT,7500.0,,BKN,13000.0,,0,24.0,24.0,1011.0,0,0,,13000.0,0.0,0.0,5000.0,0.0,,7000.0,0.0,0.0,3400.0,1.0,,15000.0,0.0,0.0,10000.0,6.0,,,0.0,0.0,10000.0,9.0,,,0.0,0.0,10000.0,2.0,,17000.0
METAR WALS 221830Z AUTO VRB01KT 4400 BR FEW036 SCT060 BKN080 24/24 Q1010,WALS,2026-07-22 18:30:00,1,,1.0,,4400.0,"('', None, '', 'BR', None)",FEW,3600.0,,SCT,6000.0,,BKN,8000.0,,0,24.0,24.0,1010.0,0,0,,8000.0,0.0,0.0,5000.0,1.0,,11000.0,0.0,0.0,7000.0,1.0,,1800.0,0.0,0.0,10000.0,8.0,,,0.0,0.0,10000.0,9.0,,,0.0,0.0,8000.0,3.0,,17000.0
METAR WALS 221900Z AUTO 00000KT 5000 FEW016 SCT039 BKN070 24/24 Q1010,WALS,2026-07-22 19:00:00,1,0.0,0.0,,5000.0,,FEW,1600.0,,SCT,3900.0,,BKN,7000.0,,0,24.0,24.0,1010.0,0,0,,7000.0,0.0,0.0,4800.0,0.0,,1700.0,0.0,0.0,3900.0,0.0,,2000.0,0.0,0.0,10000.0,8.0,,,0.0,0.0,10000.0,8.0,,,0.0,0.0,9000.0,4.0,,2200.0
METAR WALS 221930Z AUTO VRB01KT 5000 SCT016 BKN110 OVC140 24/24 Q1010,WALS,2026-07-22 19:30:00,1,,1.0,,5000.0,,SCT,1600.0,,BKN,11000.0,,OVC,14000.0,,0,24.0,24.0,1010.0,0,0,,11000.0,0.0,0.0,2100.0,0.0,,1800.0,0.0,0.0,3700.0,1.0,,2600.0,0.0,0.0,10000.0,8.0,,,0.0,0.0,8000.0,11.0,,,0.0,0.0,10000.0,4.0,,6000.0
METAR WALS 222000Z AUTO 00000KT 4800 BR BKN017 BKN120 OVC140 24/24 Q1010,WALS,2026-07-22 20:00:00,1,0.0,0.0,,4800.0,"('', None, '', 'BR', None)",BKN,1700.0,,BKN,12000.0,,OVC,14000.0,,0,24.0,24.0,1010.0,0,0,,1700.0,0.0,0.0,3400.0,1.0,,15000.0,0.0,0.0,5000.0,2.0,,,,,,,,,0.0,0.0,10000.0,4.0,,,0.0,0.0,10000.0,3.0,,3600.0
METAR WALS 222030Z AUTO 00000KT 2100 BR BKN018 BKN046 OVC110 24/24 Q1010,WALS,2026-07-22 20:30:00,1,0.0,0.0,,2100.0,"('', None, '', 'BR', None)",BKN,1800.0,,BKN,4600.0,,OVC,11000.0,,0,24.0,24.0,1010.0,0,0,,1800.0,0.0,0.0,7000.0,1.0,,1800.0,0.0,0.0,5000.0,2.0,,,,,,,,,0.0,0.0,10000.0,5.0,,,0.0,0.0,9000.0,0.0,,2000.0
METAR WALS 222100Z AUTO 34001KT 3400 BR FEW022 SCT120 OVC150 24/24 Q1011,WALS,2026-07-22 21:00:00,1,340.0,1.0,,3400.0,"('', None, '', 'BR', None)",FEW,2200.0,,SCT,12000.0,,OVC,15000.0,,0,24.0,24.0,1011.0,0,0,,15000.0,0.0,0.0,3900.0,0.0,,2000.0,0.0,0.0,10000.0,6.0,,,,,,,,,0.0,0.0,10000.0,6.0,,,0.0,0.0,9000.0,3.0,,2100.0
METAR WALS 222130Z AUTO VRB01KT 7000 BKN018 BKN050 OVC150 24/24 Q1011,WALS,2026-07-22 21:30:00,1,,1.0,,7000.0,,BKN,1800.0,,BKN,5000.0,,OVC,15000.0,,0,24.0,24.0,1011.0,0,0,,1800.0,0.0,0.0,3700.0,1.0,,2600.0,0.0,0.0,10000.0,8.0,,,0.0,0.0,10000.0,9.0,,,0.0,0.0,10000.0,6.0,,,0.0,0.0,10000.0,3.0,,2200.0
METAR WALS 222200Z AUTO 00000KT 3900 -RA SCT015 BKN020 OVC150 24/24 Q1011,WALS,2026-07-22 22:00:00,1,0.0,0.0,,3900.0,"('-', None, 'RA', None, None)",SCT,1500.0,,BKN,2000.0,,OVC,15000.0,,0,24.0,24.0,1011.0,0,0,,2000.0,0.0,0.0,5000.0,2.0,,,0.0,0.0,10000.0,8.0,,,0.0,0.0,10000.0,9.0,,,0.0,0.0,10000.0,6.0,,,0.0,0.0,8000.0,3.0,,
METAR WALS 222230Z AUTO 26001KT 3700 BR SCT021 BKN026 OVC180 24/24 Q1011,WALS,2026-07-22 22:30:00,1,260.0,1.0,,3700.0,"('', None, '', 'BR', None)",SCT,2100.0,,BKN,2600.0,,OVC,18000.0,,0,24.0,24.0,1011.0,0,0,,2600.0,0.0,0.0,5000.0,2.0,,,0.0,0.0,10000.0,8.0,,,0.0,0.0,10000.0,9.0,,,0.0,0.0,10000.0,4.0,,13000.0,0.0,0.0,8000.0,1.0,,
METAR WALS 222300Z VRB02KT 5000 FEW019 24/24 Q1012 NOSIG,WALS,2026-07-22 23:00:00,0,,2.0,,5000.0,,FEW,1900.0,,,,,,,,0,24.0,24.0,1012.0,0,0,,,0.0,0.0,10000.0,6.0,,,,,,,,,0.0,0.0,10000.0,9.0,,,0.0,0.0,10000.0,4.0,,13000.0,0.0,0.0,8000.0,2.0,,
METAR WALS 230000Z 25006KT 210V270 9999 FEW019 27/25 Q1012 NOSIG,WALS,2026-07-23 00:00:00,0,250.0,6.0,,10000.0,,FEW,1900.0,,,,,,,,0,27.0,25.0,1012.0,0,0,,,0.0,0.0,10000.0,8.0,,,,,,,,,0.0,0.0,10000.0,9.0,,,0.0,0.0,10000.0,4.0,,,0.0,0.0,10000.0,3.0,,
METAR WALS 230030Z 24008KT 9999 FEW019 28/24 Q1012 NOSIG,WALS,2026-07-23 00:30:00,0,240.0,8.0,,10000.0,,FEW,1900.0,,,,,,,,0,28.0,24.0,1012.0,0,0,,,0.0,0.0,10000.0,8.0,,,0.0,0.0,10000.0,9.0,,,0.0,0.0,10000.0,9.0,,,0.0,0.0,10000.0,2.0,,12000.0,0.0,0.0,10000.0,8.0,,
METAR WALS 230100Z 23008KT 9999 FEW020 28/24 Q1012 NOSIG,WALS,2026-07-23 01:00:00,0,230.0,8.0,,10000.0,,FEW,2000.0,,,,,,,,0,28.0,24.0,1012.0,0,0,,,,,,,,,0.0,0.0,10000.0,9.0,,,0.0,0.0,10000.0,8.0,,,0.0,0.0,10000.0,3.0,,12000.0,0.0,0.0,10000.0,8.0,,
METAR WALS 230400Z 21009KT 180V240 9999 SCT018 30/23 Q1010 NOSIG,WALS,2026-07-23 04:00:00,0,210.0,9.0,,10000.0,,SCT,1800.0,,,,,,,,0,30.0,23.0,1010.0,0,0,,,0.0,0.0,10000.0,9.0,,,0.0,0.0,10000.0,8.0,,,0.0,0.0,10000.0,6.0,,,0.0,0.0,10000.0,1.0,,6500.0,0.0,0.0,10000.0,8.0,,
METAR WALS 230430Z 21009KT 180V250 9999 SCT018 30/24 Q1010 NOSIG,WALS,2026-07-23 04:30:00,0,210.0,9.0,,10000.0,,SCT,1800.0,,,,,,,,0,30.0,24.0,1010.0,0,0,,,,,,,,,0.0,0.0,8000.0,11.0,,,0.0,0.0,10000.0,4.0,,13000.0,0.0,0.0,10000.0,4.0,,11000.0,0.0,0.0,10000.0,8.0,,
METAR WALS 230630Z 21009KT 9999 SCT018 29/24 Q1008 NOSIG,WALS,2026-07-23 06:30:00,0,210.0,9.0,,10000.0,,SCT,1800.0,,,,,,,,0,29.0,24.0,1008.0,0,0,,,0.0,0.0,8000.0,11.0,,,0.0,0.0,10000.0,6.0,,,0.0,0.0,10000.0,2.0,,12000.0,0.0,0.0,8000.0,3.0,,17000.0,,,,,,
METAR WALS 230700Z 22008KT 190V250 9999 SCT018 30/24 Q1008 NOSIG,WALS,2026-07-23 07:00:00,0,220.0,8.0,,10000.0,,SCT,1800.0,,,,,,,,0,30.0,24.0,1008.0,0,0,,,0.0,0.0,10000.0,4.0,,,0.0,0.0,10000.0,6.0,,,0.0,0.0,10000.0,3.0,,12000.0,0.0,0.0,9000.0,4.0,,2200.0,0.0,0.0,10000.0,7.0,,
METAR WALS 230730Z 21011KT 150V240 8000 -RA SCT018 26/23 Q1008 NOSIG,WALS,2026-07-23 07:30:00,0,210.0,11.0,,8000.0,"('-', None, 'RA', None, None)",SCT,1800.0,,,,,,,,0,26.0,23.0,1008.0,0,0,,,0.0,0.0,10000.0,5.0,,,0.0,0.0,10000.0,4.0,,13000.0,0.0,0.0,10000.0,3.0,,12000.0,0.0,0.0,10000.0,4.0,,6000.0,0.0,0.0,10000.0,7.0,,
METAR WALS 230800Z 21004KT 180V250 9999 SCT018 28/24 Q1008 RERA NOSIG,WALS,2026-07-23 08:00:00,0,210.0,4.0,,10000.0,,SCT,1800.0,,,,,,,,0,28.0,24.0,1008.0,0,0,,,0.0,0.0,10000.0,6.0,,,0.0,0.0,10000.0,4.0,,13000.0,0.0,0.0,10000.0,3.0,,12000.0,0.0,0.0,10000.0,3.0,,3600.0,0.0,0.0,10000.0,7.0,,
METAR WALS 230830Z 23005KT 190V280 9999 FEW018 29/25 Q1008 NOSIG,WALS,2026-07-23 08:30:00,0,230.0,5.0,,10000.0,,FEW,1800.0,,,,,,,,0,29.0,25.0,1008.0,0,0,,,0.0,0.0,10000.0,6.0,,,0.0,0.0,10000.0,4.0,,,0.0,0.0,10000.0,1.0,,7500.0,0.0,0.0,9000.0,0.0,,2000.0,0.0,0.0,10000.0,7.0,,
METAR WALS 230900Z 21006KT 180V240 9999 SCT020 29/24 Q1008 NOSIG,WALS,2026-07-23 09:00:00,0,210.0,6.0,,10000.0,,SCT,2000.0,,,,,,,,0,29.0,24.0,1008.0,0,0,,,0.0,0.0,10000.0,6.0,,,0.0,0.0,10000.0,4.0,,,0.0,0.0,10000.0,1.0,,7500.0,0.0,0.0,9000.0,3.0,,2100.0,0.0,0.0,10000.0,6.0,,
METAR WALS 230930Z 22006KT 200V260 9999 SCT020 29/24 Q1009 NOSIG,WALS,2026-07-23 09:30:00,0,220.0,6.0,,10000.0,,SCT,2000.0,,,,,,,,0,29.0,24.0,1009.0,0,0,,,0.0,0.0,10000.0,4.0,,13000.0,0.0,0.0,10000.0,2.0,,12000.0,0.0,0.0,10000.0,1.0,,6500.0,0.0,0.0,10000.0,3.0,,2200.0,0.0,0.0,10000.0,6.0,,
METAR WALS 231100Z AUTO 23004KT 9999 FEW021 SCT043 BKN130 27/24 Q1010 NOSIG,WALS,2026-07-23 11:00:00,1,230.0,4.0,,10000.0,,FEW,2100.0,,SCT,4300.0,,BKN,13000.0,,0,27.0,24.0,1010.0,0,0,,13000.0,0.0,0.0,10000.0,4.0,,,0.0,0.0,10000.0,3.0,,12000.0,0.0,0.0,10000.0,2.0,,14000.0,0.0,0.0,8000.0,2.0,,,0.0,0.0,10000.0,5.0,,
METAR WALS 231130Z AUTO 22004KT 9999 SCT020 SCT060 SCT110 26/24 Q1010 NOSIG,WALS,2026-07-23 11:30:00,1,220.0,4.0,,10000.0,,SCT,2000.0,,SCT,6000.0,,SCT,11000.0,,0,26.0,24.0,1010.0,0,0,,,0.0,0.0,10000.0,2.0,,12000.0,0.0,0.0,10000.0,1.0,,7500.0,0.0,0.0,10000.0,2.0,,14000.0,0.0,0.0,10000.0,3.0,,,0.0,0.0,10000.0,3.0,,
METAR WALS 231230Z AUTO VRB02KT 9999 FEW022 BKN120 OVC160 26/24 Q1011,WALS,2026-07-23 12:30:00,1,,2.0,,10000.0,,FEW,2200.0,,BKN,12000.0,,OVC,16000.0,,0,26.0,24.0,1011.0,0,0,,12000.0,0.0,0.0,10000.0,3.0,,12000.0,0.0,0.0,10000.0,1.0,,6500.0,0.0,0.0,8000.0,3.0,,17000.0,0.0,0.0,10000.0,8.0,,,0.0,0.0,10000.0,4.0,,
METAR WALS 231300Z AUTO 24003KT 9999 FEW022 BKN120 OVC160 26/24 Q1011,WALS,2026-07-23 13:00:00,1,240.0,3.0,,10000.0,,FEW,2200.0,,BKN,12000.0,,OVC,16000.0,,0,26.0,24.0,1011.0,0,0,,12000.0,0.0,0.0,10000.0,3.0,,12000.0,0.0,0.0,10000.0,1.0,,6500.0,0.0,0.0,9000.0,4.0,,2200.0,0.0,0.0,10000.0,8.0,,,0.0,0.0,10000.0,2.0,,1700.0
METAR WALS 231330Z AUTO 25003KT 9999 BKN120 OVC150 26/24 Q1012,WALS,2026-07-23 13:30:00,1,250.0,3.0,,10000.0,,BKN,12000.0,,OVC,15000.0,,,,,0,26.0,24.0,1012.0,0,0,,12000.0,0.0,0.0,10000.0,1.0,,7500.0,0.0,0.0,10000.0,4.0,,11000.0,0.0,0.0,10000.0,4.0,,6000.0,0.0,0.0,10000.0,7.0,,2000.0,0.0,0.0,10000.0,2.0,,1700.0
METAR WALS 231500Z AUTO VRB01KT 9999 FEW023 BKN075 OVC140 25/24 Q1012,WALS,2026-07-23 15:00:00,1,,1.0,,10000.0,,FEW,2300.0,,BKN,7500.0,,OVC,14000.0,,0,25.0,24.0,1012.0,0,0,,7500.0,0.0,0.0,10000.0,1.0,,6500.0,0.0,0.0,10000.0,2.0,,17000.0,0.0,0.0,9000.0,3.0,,2100.0,0.0,0.0,10000.0,9.0,,,0.0,0.0,10000.0,1.0,,
METAR WALS 231530Z AUTO 24001KT 9999 SCT023 BKN065 OVC130 25/24 Q1012,WALS,2026-07-23 15:30:00,1,240.0,1.0,,10000.0,,SCT,2300.0,,BKN,6500.0,,OVC,13000.0,,0,25.0,24.0,1012.0,0,0,,6500.0,0.0,0.0,10000.0,4.0,,11000.0,0.0,0.0,8000.0,3.0,,17000.0,0.0,0.0,10000.0,3.0,,2200.0,0.0,0.0,10000.0,9.0,,,0.0,0.0,10000.0,1.0,,1800.0
METAR WALS 231630Z AUTO 20004KT 9999 FEW080 BKN110 OVC130 25/24 Q1011,WALS,2026-07-23 16:30:00,1,200.0,4.0,,10000.0,,FEW,8000.0,,BKN,11000.0,,OVC,13000.0,,0,25.0,24.0,1011.0,0,0,,11000.0,0.0,0.0,10000.0,2.0,,14000.0,0.0,0.0,10000.0,4.0,,6000.0,0.0,0.0,8000.0,1.0,,,0.0,0.0,10000.0,8.0,,,0.0,0.0,9000.0,2.0,,
METAR WALS 231700Z AUTO 22002KT 9999 SCT120 OVC140 25/24 Q1010,WALS,2026-07-23 17:00:00,1,220.0,2.0,,10000.0,,SCT,12000.0,,OVC,14000.0,,,,,0,25.0,24.0,1010.0,0,0,,14000.0,0.0,0.0,10000.0,2.0,,17000.0,0.0,0.0,10000.0,3.0,,3600.0,0.0,0.0,8000.0,2.0,,,0.0,0.0,10000.0,10.0,,,0.0,0.0,10000.0,1.0,,31000.0
METAR WALS 231800Z AUTO VRB02KT 9999 FEW110 FEW130 OVC170 25/24 Q1010,WALS,2026-07-23 18:00:00,1,,2.0,,10000.0,,FEW,11000.0,,FEW,13000.0,,OVC,17000.0,,0,25.0,24.0,1010.0,0,0,,17000.0,0.0,0.0,9000.0,4.0,,2200.0,0.0,0.0,9000.0,3.0,,2100.0,0.0,0.0,10000.0,3.0,,,0.0,0.0,10000.0,10.0,,2000.0,0.0,0.0,6000.0,1.0,,
METAR WALS 231830Z AUTO 27003KT 8000 SCT019 BKN170 OVC190 25/24 Q1010,WALS,2026-07-23 18:30:00,1,270.0,3.0,,8000.0,,SCT,1900.0,,BKN,17000.0,,OVC,19000.0,,0,25.0,24.0,1010.0,0,0,,17000.0,0.0,0.0,10000.0,4.0,,6000.0,0.0,0.0,10000.0,3.0,,2200.0,0.0,0.0,10000.0,8.0,,,,,,,,,0.0,0.0,7000.0,0.0,,
METAR WALS 231900Z AUTO 27004KT 9000 SCT017 BKN022 OVC150 24/24 Q1010,WALS,2026-07-23 19:00:00,1,270.0,4.0,,9000.0,,SCT,1700.0,,BKN,2200.0,,OVC,15000.0,,0,24.0,24.0,1010.0,0,0,,2200.0,0.0,0.0,10000.0,3.0,,3600.0,0.0,0.0,8000.0,3.0,,,0.0,0.0,10000.0,8.0,,,0.0,0.0,10000.0,7.0,,,0.0,0.0,7000.0,0.0,,
METAR WALS 231930Z AUTO 29004KT 9999 SCT018 SCT033 OVC060 25/24 Q1010,WALS,2026-07-23 19:30:00,1,290.0,4.0,,10000.0,,SCT,1800.0,,SCT,3300.0,,OVC,6000.0,,0,25.0,24.0,1010.0,0,0,,6000.0,0.0,0.0,9000.0,0.0,,2000.0,0.0,0.0,8000.0,1.0,,,0.0,0.0,10000.0,7.0,,2000.0,0.0,0.0,10000.0,7.0,,,0.0,0.0,3900.0,0.0,,3100.0
METAR WALS 232000Z AUTO 26003KT 9999 FEW021 SCT027 BKN036 24/23 Q1010,WALS,2026-07-23 20:00:00,1,260.0,3.0,,10000.0,,FEW,2100.0,,SCT,2700.0,,BKN,3600.0,,0,24.0,23.0,1010.0,0,0,,3600.0,0.0,0.0,9000.0,3.0,,2100.0,0.0,0.0,8000.0,2.0,,,0.0,0.0,10000.0,9.0,,,0.0,0.0,10000.0,7.0,,,0.0,0.0,650.0,2.0,,1900.0
METAR WALS 232030Z AUTO 00000KT 9000 BKN020 OVC027 24/24 Q1010,WALS,2026-07-23 20:30:00,1,0.0,0.0,,9000.0,,BKN,2000.0,,OVC,2700.0,,,,,0,24.0,24.0,1010.0,0,0,,2000.0,0.0,0.0,10000.0,3.0,,2200.0,0.0,0.0,10000.0,3.0,,,0.0,0.0,10000.0,7.0,,,0.0,0.0,10000.0,7.0,,,0.0,0.0,900.0,0.0,,2600.0
METAR WALS 232100Z AUTO 28003KT 9000 BKN021 BKN027 OVC031 24/24 Q1010,WALS,2026-07-23 21:00:00,1,280.0,3.0,,9000.0,,BKN,2100.0,,BKN,2700.0,,OVC,3100.0,,0,24.0,24.0,1010.0,0,0,,2100.0,0.0,0.0,8000.0,3.0,,,0.0,0.0,10000.0,3.0,,,0.0,0.0,10000.0,9.0,,,0.0,0.0,10000.0,6.0,,,0.0,0.0,2400.0,1.0,,2000.0
METAR WALS 232130Z AUTO 26003KT 9999 BKN022 OVC029 24/23 Q1010,WALS,2026-07-23 21:30:00,1,260.0,3.0,,10000.0,,BKN,2200.0,,OVC,2900.0,,,,,0,24.0,23.0,1010.0,0,0,,2200.0,0.0,0.0,8000.0,1.0,,,0.0,0.0,10000.0,8.0,,,0.0,0.0,10000.0,9.0,,,0.0,0.0,10000.0,6.0,,,0.0,0.0,700.0,1.0,,1700.0
METAR WALS 232200Z 26003KT 8000 FEW015 24/23 Q1010 NOSIG,WALS,2026-07-23 22:00:00,0,260.0,3.0,,8000.0,,FEW,1500.0,,,,,,,,0,24.0,23.0,1010.0,0,0,,,0.0,0.0,8000.0,2.0,,,0.0,0.0,10000.0,8.0,,,0.0,0.0,10000.0,8.0,,,0.0,0.0,10000.0,5.0,,,0.0,0.0,4000.0,1.0,,2400.0
METAR WALS 232230Z 24001KT 8000 FEW015 23/23 Q1010 NOSIG,WALS,2026-07-23 22:30:00,0,240.0,1.0,,8000.0,,FEW,1500.0,,,,,,,,0,23.0,23.0,1010.0,0,0,,,0.0,0.0,10000.0,3.0,,,0.0,0.0,10000.0,7.0,,2000.0,0.0,0.0,10000.0,8.0,,,0.0,0.0,10000.0,5.0,,,0.0,0.0,4000.0,1.0,,
METAR WALS 232300Z 30002KT 8000 FEW015 24/23 Q1010 NOSIG,WALS,2026-07-23 23:00:00,0,300.0,2.0,,8000.0,,FEW,1500.0,,,,,,,,0,24.0,23.0,1010.0,0,0,,,0.0,0.0,10000.0,3.0,,,0.0,0.0,10000.0,9.0,,,0.0,0.0,10000.0,10.0,,,0.0,0.0,10000.0,5.0,,,0.0,0.0,7000.0,1.0,,
METAR WALS 232330Z 27003KT 9999 FEW015 25/24 Q1011 NOSIG,WALS,2026-07-23 23:30:00,0,270.0,3.0,,10000.0,,FEW,1500.0,,,,,,,,0,25.0,24.0,1011.0,0,0,,,0.0,0.0,10000.0,8.0,,,0.0,0.0,10000.0,7.0,,,0.0,0.0,10000.0,10.0,,2000.0,0.0,0.0,10000.0,3.0,,,0.0,0.0,8000.0,3.0,,
METAR WALS 240100Z 25008KT 220V280 9999 FEW017 28/24 Q1011 NOSIG,WALS,2026-07-24 01:00:00,0,250.0,8.0,,10000.0,,FEW,1700.0,,,,,,,,0,28.0,24.0,1011.0,0,0,,,0.0,0.0,10000.0,9.0,,,0.0,0.0,10000.0,8.0,,,0.0,0.0,10000.0,7.0,,,0.0,0.0,10000.0,2.0,,1700.0,,,,,,
METAR WALS 240130Z 24007KT 9999 BKN020 28/24 Q1011 NOSIG,WALS,2026-07-24 01:30:00,0,240.0,7.0,,10000.0,,BKN,2000.0,,,,,,,,0,28.0,24.0,1011.0,0,0,,2000.0,0.0,0.0,10000.0,7.0,,,0.0,0.0,10000.0,8.0,,,0.0,0.0,10000.0,7.0,,,0.0,0.0,10000.0,2.0,,1700.0,,,,,,
METAR WALS 240200Z 24009KT 9999 SCT020 29/24 Q1011 NOSIG,WALS,2026-07-24 02:00:00,0,240.0,9.0,,10000.0,,SCT,2000.0,,,,,,,,0,29.0,24.0,1011.0,0,0,,,0.0,0.0,10000.0,9.0,,,0.0,0.0,10000.0,10.0,,,0.0,0.0,10000.0,7.0,,,0.0,0.0,10000.0,3.0,,1700.0,,,,,,
METAR WALS 240230Z 23007KT 200V270 9999 SCT020 31/25 Q1011 NOSIG,WALS,2026-07-24 02:30:00,0,230.0,7.0,,10000.0,,SCT,2000.0,,,,,,,,0,31.0,25.0,1011.0,0,0,,,0.0,0.0,10000.0,9.0,,,0.0,0.0,10000.0,10.0,,2000.0,0.0,0.0,10000.0,7.0,,,0.0,0.0,10000.0,3.0,,1700.0,0.0,0.0,10000.0,9.0,,
METAR WALS 240300Z 22009KT 170V250 9999 SCT020 30/24 Q1011 NOSIG,WALS,2026-07-24 03:00:00,0,220.0,9.0,,10000.0,,SCT,2000.0,,,,,,,,0,30.0,24.0,1011.0,0,0,,,0.0,0.0,10000.0,8.0,,,0.0,0.0,10000.0,10.0,,2000.0,0.0,0.0,10000.0,6.0,,,0.0,0.0,10000.0,1.0,,,0.0,0.0,10000.0,9.0,,
METAR WALS 240430Z AUTO 22008KT 180V260 9999 SCT034 32/23 Q1009 NOSIG,WALS,2026-07-24 04:30:00,1,220.0,8.0,,10000.0,,SCT,3400.0,,,,,,,,0,32.0,23.0,1009.0,0,0,,,0.0,0.0,10000.0,10.0,,2000.0,0.0,0.0,10000.0,7.0,,,0.0,0.0,10000.0,5.0,,,0.0,0.0,9000.0,2.0,,,,,,,,
METAR WALS 240500Z 22010KT 9999 SCT020 30/23 Q1009 NOSIG,WALS,2026-07-24 05:00:00,0,220.0,10.0,,10000.0,,SCT,2000.0,,,,,,,,0,30.0,23.0,1009.0,0,0,,,0.0,0.0,10000.0,10.0,,2000.0,0.0,0.0,10000.0,7.0,,,0.0,0.0,10000.0,5.0,,,0.0,0.0,10000.0,1.0,,31000.0,0.0,0.0,10000.0,5.0,,
METAR WALS 240530Z 23010KT 180V250 9999 FEW015TCU BKN020 30/23 Q1009 NOSIG RMK TCU OTF,WALS,2026-07-24 05:30:00,0,230.0,10.0,,10000.0,,FEW,1500.0,TCU,BKN,2000.0,,,,,0,30.0,23.0,1009.0,0,0,,2000.0,,,,,,,0.0,0.0,10000.0,7.0,,,0.0,0.0,10000.0,3.0,,,0.0,0.0,10000.0,1.0,,31000.0,0.0,0.0,10000.0,5.0,,
METAR WALS 240730Z 21007KT 150V240 9999 FEW020 30/23 Q1008 NOSIG,WALS,2026-07-24 07:30:00,0,210.0,7.0,,10000.0,,FEW,2000.0,,,,,,,,0,30.0,23.0,1008.0,0,0,,,0.0,0.0,10000.0,7.0,,,0.0,0.0,10000.0,5.0,,,0.0,0.0,10000.0,2.0,,1700.0,0.0,0.0,3900.0,0.0,,3100.0,0.0,0.0,10000.0,8.0,,
METAR WALS 240800Z 22007KT 180V260 9999 FEW020 31/23 Q1008 NOSIG,WALS,2026-07-24 08:00:00,0,220.0,7.0,,10000.0,,FEW,2000.0,,,,,,,,0,31.0,23.0,1008.0,0,0,,,0.0,0.0,10000.0,6.0,,,0.0,0.0,10000.0,5.0,,,0.0,0.0,10000.0,3.0,,1700.0,0.0,0.0,650.0,2.0,,1900.0,0.0,0.0,10000.0,7.0,,
METAR WALS 240930Z 22006KT 190V250 9999 FEW020 29/23 Q1008 NOSIG,WALS,2026-07-24 09:30:00,0,220.0,6.0,,10000.0,,FEW,2000.0,,,,,,,,0,29.0,23.0,1008.0,0,0,,,0.0,0.0,10000.0,5.0,,,0.0,0.0,10000.0,4.0,,,0.0,0.0,10000.0,1.0,,1800.0,0.0,0.0,700.0,1.0,,1700.0,0.0,0.0,10000.0,6.0,,
METAR WALS 241000Z AUTO 21005KT 180V240 9999 NCD 28/23 Q1008 NOSIG,WALS,2026-07-24 10:00:00,1,210.0,5.0,,10000.0,,NCD,,,,,,,,,0,28.0,23.0,1008.0,0,0,,,0.0,0.0,10000.0,5.0,,,0.0,0.0,10000.0,2.0,,1700.0,0.0,0.0,10000.0,1.0,,1800.0,0.0,0.0,4000.0,1.0,,2400.0,0.0,0.0,10000.0,6.0,,
METAR WALS 241030Z AUTO 21005KT 9999 NCD 27/23 Q1009 NOSIG,WALS,2026-07-24 10:30:00,1,210.0,5.0,,10000.0,,NCD,,,,,,,,,0,27.0,23.0,1009.0,0,0,,,0.0,0.0,10000.0,3.0,,,0.0,0.0,10000.0,2.0,,1700.0,0.0,0.0,9000.0,2.0,,,0.0,0.0,4000.0,1.0,,,0.0,0.0,10000.0,6.0,,
METAR WALS 241130Z AUTO 22003KT 9999 SCT018 SCT055 SCT070 26/23 Q1009,WALS,2026-07-24 11:30:00,1,220.0,3.0,,10000.0,,SCT,1800.0,,SCT,5500.0,,SCT,7000.0,,0,26.0,23.0,1009.0,0,0,,,0.0,0.0,10000.0,4.0,,,0.0,0.0,10000.0,3.0,,1700.0,0.0,0.0,10000.0,1.0,,31000.0,0.0,0.0,8000.0,3.0,,,0.0,0.0,10000.0,4.0,,
METAR WALS 241200Z AUTO 23004KT 9999 SCT018 SCT042 SCT049 26/23 Q1010,WALS,2026-07-24 12:00:00,1,230.0,4.0,,10000.0,,SCT,1800.0,,SCT,4200.0,,SCT,4900.0,,0,26.0,23.0,1010.0,0,0,,,0.0,0.0,10000.0,2.0,,1700.0,0.0,0.0,10000.0,1.0,,,0.0,0.0,6000.0,1.0,,,0.0,0.0,8000.0,3.0,,,0.0,0.0,10000.0,2.0,,2800.0
METAR WALS 241330Z AUTO 24002KT 9999 BKN017 BKN046 BKN070 25/24 Q1010,WALS,2026-07-24 13:30:00,1,240.0,2.0,,10000.0,,BKN,1700.0,,BKN,4600.0,,BKN,7000.0,,0,25.0,24.0,1010.0,0,0,,1700.0,0.0,0.0,10000.0,3.0,,1700.0,0.0,0.0,9000.0,2.0,,,0.0,0.0,3900.0,0.0,,3100.0,,,,,,,0.0,0.0,10000.0,2.0,,2400.0
METAR WALS 241400Z AUTO 25003KT 9999 BKN017 BKN065 24/23 Q1010,WALS,2026-07-24 14:00:00,1,250.0,3.0,,10000.0,,BKN,1700.0,,BKN,6500.0,,,,,0,24.0,23.0,1010.0,0,0,,1700.0,0.0,0.0,10000.0,1.0,,,0.0,0.0,10000.0,1.0,,31000.0,0.0,0.0,650.0,2.0,,1900.0,,,,,,,0.0,0.0,10000.0,1.0,,6000.0
METAR WALS 241500Z AUTO 05001KT 9999 FEW017 SCT320 24/23 Q1011,WALS,2026-07-24 15:00:00,1,50.0,1.0,,10000.0,,FEW,1700.0,,SCT,32000.0,,,,,0,24.0,23.0,1011.0,0,0,,,0.0,0.0,10000.0,1.0,,1800.0,0.0,0.0,6000.0,1.0,,,0.0,0.0,2400.0,1.0,,2000.0,0.0,0.0,10000.0,9.0,,,0.0,0.0,10000.0,3.0,,
METAR WALS 241530Z AUTO VRB01KT 9999 BKN018 BKN027 BKN065 24/23 Q1011,WALS,2026-07-24 15:30:00,1,,1.0,,10000.0,,BKN,1800.0,,BKN,2700.0,,BKN,6500.0,,0,24.0,23.0,1011.0,0,0,,1800.0,0.0,0.0,9000.0,2.0,,,0.0,0.0,7000.0,0.0,,,0.0,0.0,700.0,1.0,,1700.0,0.0,0.0,10000.0,5.0,,,0.0,0.0,9000.0,1.0,,
METAR WALS 241630Z AUTO VRB02KT 9000 FEW017 SCT023 SCT028 23/23 Q1010,WALS,2026-07-24 16:30:00,1,,2.0,,9000.0,,FEW,1700.0,,SCT,2300.0,,SCT,2800.0,,0,23.0,23.0,1010.0,0,0,,,0.0,0.0,10000.0,1.0,,31000.0,0.0,0.0,3900.0,0.0,,3100.0,0.0,0.0,4000.0,1.0,,,,,,,,,0.0,0.0,7000.0,1.0,,
METAR WALS 241700Z AUTO 36001KT 9999 FEW024 FEW034 BKN310 23/23 Q1010,WALS,2026-07-24 17:00:00,1,360.0,1.0,,10000.0,,FEW,2400.0,,FEW,3400.0,,BKN,31000.0,,0,23.0,23.0,1010.0,0,0,,31000.0,0.0,0.0,6000.0,1.0,,,0.0,0.0,650.0,2.0,,1900.0,0.0,0.0,7000.0,1.0,,,0.0,0.0,10000.0,5.0,,,0.0,0.0,7000.0,1.0,,
METAR WALS 241800Z AUTO 16001KT 6000 FEW022 FEW055 SCT310 23/23 Q1010,WALS,2026-07-24 18:00:00,1,160.0,1.0,,6000.0,,FEW,2200.0,,FEW,5500.0,,SCT,31000.0,,0,23.0,23.0,1010.0,0,0,,,0.0,0.0,7000.0,0.0,,,0.0,0.0,2400.0,1.0,,2000.0,0.0,0.0,8000.0,3.0,,,0.0,0.0,10000.0,9.0,,,0.0,0.0,5000.0,3.0,,4300.0
METAR WALS 241830Z AUTO 00000KT 7000 FEW060 FEW240 SCT310 23/23 Q1009,WALS,2026-07-24 18:30:00,1,0.0,0.0,,7000.0,,FEW,6000.0,,FEW,24000.0,,SCT,31000.0,,0,23.0,23.0,1009.0,0,0,,,0.0,0.0,3900.0,0.0,,3100.0,0.0,0.0,700.0,1.0,,1700.0,,,,,,,0.0,0.0,10000.0,9.0,,,0.0,0.0,6000.0,1.0,,4000.0
METAR WALS 241930Z AUTO 00000KT 3900 BR SCT018 SCT023 BKN031 22/22 Q1009,WALS,2026-07-24 19:30:00,1,0.0,0.0,,3900.0,"('', None, '', 'BR', None)",SCT,1800.0,,SCT,2300.0,,BKN,3100.0,,0,22.0,22.0,1009.0,0,0,,3100.0,0.0,0.0,900.0,0.0,,2600.0,0.0,0.0,4000.0,1.0,,,,,,,,,0.0,0.0,10000.0,8.0,,,0.0,0.0,3900.0,1.0,,4300.0
METAR WALS 242000Z AUTO 35002KT 0650 R04/P2000D R22/0900U FG BKN019 BKN025 OVC041 22/22 Q1009,WALS,2026-07-24 20:00:00,1,350.0,2.0,,650.0,"('', None, '', 'FG', None)",BKN,1900.0,,BKN,2500.0,,OVC,4100.0,,0,22.0,22.0,1009.0,0,0,,1900.0,0.0,0.0,2400.0,1.0,,2000.0,0.0,0.0,7000.0,1.0,,,,,,,,,0.0,0.0,10000.0,7.0,,,0.0,0.0,2900.0,0.0,,
METAR WALS 242030Z AUTO 00000KT 0900 R04/P2000D R22/1300D FG BKN026 BKN033 BKN039 22/22 Q1009,WALS,2026-07-24 20:30:00,1,0.0,0.0,,900.0,"('', None, '', 'FG', None)",BKN,2600.0,,BKN,3300.0,,BKN,3900.0,,0,22.0,22.0,1009.0,0,0,,2600.0,0.0,0.0,700.0,1.0,,1700.0,0.0,0.0,8000.0,3.0,,,0.0,0.0,10000.0,9.0,,,0.0,0.0,10000.0,7.0,,,0.0,0.0,1500.0,0.0,,4200.0
METAR WALS 242100Z AUTO VRB01KT 2400 BR BKN020 OVC032 22/22 Q1010,WALS,2026-07-24 21:00:00,1,,1.0,,2400.0,"('', None, '', 'BR', None)",BKN,2000.0,,OVC,3200.0,,,,,0,22.0,22.0,1010.0,0,0,,2000.0,0.0,0.0,4000.0,1.0,,2400.0,0.0,0.0,8000.0,3.0,,,0.0,0.0,10000.0,9.0,,,0.0,0.0,10000.0,7.0,,,0.0,0.0,700.0,1.0,,4100.0
METAR WALS 242130Z AUTO 36001KT 0700 R04/P2000U R22/1000D FG SCT002 BKN017 OVC041 22/22 Q1010,WALS,2026-07-24 21:30:00,1,360.0,1.0,,700.0,"('', None, '', 'FG', None)",SCT,200.0,,BKN,1700.0,,OVC,4100.0,,0,22.0,22.0,1010.0,0,0,,1700.0,0.0,0.0,4000.0,1.0,,,,,,,,,0.0,0.0,10000.0,5.0,,,0.0,0.0,10000.0,6.0,,,0.0,0.0,1000.0,1.0,,4200.0
METAR WALS 242200Z AUTO VRB01KT 4000 BR FEW018 BKN024 OVC049 22/22 Q1010,WALS,2026-07-24 22:00:00,1,,1.0,,4000.0,"('', None, '', 'BR', None)",FEW,1800.0,,BKN,2400.0,,OVC,4900.0,,0,22.0,22.0,1010.0,0,0,,2400.0,0.0,0.0,7000.0,1.0,,,,,,,,,0.0,0.0,10000.0,5.0,,,0.0,0.0,10000.0,6.0,,,0.0,0.0,2200.0,0.0,,4800.0
METAR WALS 242230Z VRB01KT 4000 BR FEW015 22/22 Q1011 NOSIG,WALS,2026-07-24 22:30:00,0,,1.0,,4000.0,"('', None, '', 'BR', None)",FEW,1500.0,,,,,,,,0,22.0,22.0,1011.0,0,0,,,0.0,0.0,8000.0,3.0,,,,,,,,,,,,,,,0.0,0.0,10000.0,6.0,,,0.0,0.0,2000.0,1.0,,
METAR WALS 242300Z VRB01KT 7000 FEW015 23/23 Q1011 NOSIG,WALS,2026-07-24 23:00:00,0,,1.0,,7000.0,,FEW,1500.0,,,,,,,,0,23.0,23.0,1011.0,0,0,,,0.0,0.0,8000.0,3.0,,,,,,,,,0.0,0.0,10000.0,5.0,,,0.0,0.0,10000.0,5.0,,,0.0,0.0,1600.0,1.0,,
METAR WALS 242330Z 27003KT 8000 NSC 25/23 Q1011 NOSIG,WALS,2026-07-24 23:30:00,0,270.0,3.0,,8000.0,,NSC,,,,,,,,,0,25.0,23.0,1011.0,0,0,,,,,,,,,0.0,0.0,10000.0,9.0,,,0.0,0.0,10000.0,5.0,,,0.0,0.0,10000.0,4.0,,,0.0,0.0,6000.0,1.0,,
METAR WALS 250300Z 23009KT 180V260 9999 SCT020 31/24 Q1011 NOSIG,WALS,2026-07-25 03:00:00,0,230.0,9.0,,10000.0,,SCT,2000.0,,,,,,,,0,31.0,24.0,1011.0,0,0,,,0.0,0.0,10000.0,5.0,,,0.0,0.0,10000.0,9.0,,,0.0,0.0,10000.0,7.0,,,0.0,0.0,10000.0,3.0,,,,,,,,
METAR WALS 250330Z 23005KT 190V280 9999 SCT020 32/23 Q1010 NOSIG,WALS,2026-07-25 03:30:00,0,230.0,5.0,,10000.0,,SCT,2000.0,,,,,,,,0,32.0,23.0,1010.0,0,0,,,,,,,,,0.0,0.0,10000.0,9.0,,,0.0,0.0,10000.0,6.0,,,0.0,0.0,9000.0,1.0,,,,,,,,
METAR WALS 250530Z 20005KT 140V240 9999 SCT020 32/24 Q1009 NOSIG,WALS,2026-07-25 05:30:00,0,200.0,5.0,,10000.0,,SCT,2000.0,,,,,,,,0,32.0,24.0,1009.0,0,0,,,0.0,0.0,10000.0,9.0,,,0.0,0.0,10000.0,7.0,,,0.0,0.0,10000.0,4.0,,,0.0,0.0,7000.0,1.0,,,0.0,0.0,10000.0,4.0,,2000.0
METAR WALS 250600Z 24009KT 170V280 9999 SCT020 33/24 Q1008 NOSIG,WALS,2026-07-25 06:00:00,0,240.0,9.0,,10000.0,,SCT,2000.0,,,,,,,,0,33.0,24.0,1008.0,0,0,,,0.0,0.0,10000.0,8.0,,,0.0,0.0,10000.0,7.0,,,0.0,0.0,10000.0,2.0,,2800.0,0.0,0.0,5000.0,3.0,,4300.0,0.0,0.0,10000.0,4.0,,2000.0
METAR WALS 250730Z 22008KT 190V260 9999 SCT020 33/23 Q1007 NOSIG,WALS,2026-07-25 07:30:00,0,220.0,8.0,,10000.0,,SCT,2000.0,,,,,,,,0,33.0,23.0,1007.0,0,0,,,0.0,0.0,10000.0,7.0,,,0.0,0.0,10000.0,6.0,,,0.0,0.0,10000.0,2.0,,2400.0,0.0,0.0,3900.0,1.0,,4300.0,0.0,0.0,10000.0,5.0,,
METAR WALS 250800Z 22007KT 170V250 9999 SCT020 33/23 Q1007 NOSIG,WALS,2026-07-25 08:00:00,0,220.0,7.0,,10000.0,,SCT,2000.0,,,,,,,,0,33.0,23.0,1007.0,0,0,,,0.0,0.0,10000.0,7.0,,,0.0,0.0,10000.0,5.0,,,0.0,0.0,10000.0,1.0,,6000.0,0.0,0.0,2900.0,0.0,,,0.0,0.0,10000.0,5.0,,
METAR WALS 250900Z 19007KT 150V240 9999 FEW020 31/25 Q1007 NOSIG,WALS,2026-07-25 09:00:00,0,190.0,7.0,,10000.0,,FEW,2000.0,,,,,,,,0,31.0,25.0,1007.0,0,0,,,0.0,0.0,10000.0,6.0,,,0.0,0.0,10000.0,2.0,,2800.0,0.0,0.0,10000.0,3.0,,,0.0,0.0,700.0,1.0,,4100.0,0.0,0.0,10000.0,5.0,,2000.0
METAR WALS 250930Z 18006KT 140V230 9999 FEW020 30/24 Q1008 NOSIG,WALS,2026-07-25 09:30:00,0,180.0,6.0,,10000.0,,FEW,2000.0,,,,,,,,0,30.0,24.0,1008.0,0,0,,,0.0,0.0,10000.0,6.0,,,0.0,0.0,10000.0,2.0,,2600.0,0.0,0.0,9000.0,1.0,,,0.0,0.0,1000.0,1.0,,4200.0,0.0,0.0,10000.0,5.0,,2000.0
METAR WALS 251000Z AUTO 20006KT 160V240 9999 NCD 29/24 Q1008,WALS,2026-07-25 10:00:00,1,200.0,6.0,,10000.0,,NCD,,,,,,,,,0,29.0,24.0,1008.0,0,0,,,0.0,0.0,10000.0,5.0,,,0.0,0.0,10000.0,2.0,,2400.0,0.0,0.0,10000.0,2.0,,,0.0,0.0,2200.0,0.0,,4800.0,0.0,0.0,800.0,10.0,,300.0
METAR WALS 251100Z AUTO 21005KT 180V240 9999 FEW037 SCT060 27/23 Q1009,WALS,2026-07-25 11:00:00,1,210.0,5.0,,10000.0,,FEW,3700.0,,SCT,6000.0,,,,,0,27.0,23.0,1009.0,0,0,,,0.0,0.0,10000.0,2.0,,2800.0,0.0,0.0,10000.0,1.0,,6000.0,0.0,0.0,7000.0,1.0,,,0.0,0.0,1600.0,1.0,,,0.0,0.0,10000.0,2.0,,3600.0
METAR WALS 251130Z AUTO 21004KT 170V240 9999 FEW016 FEW055 27/23 Q1009,WALS,2026-07-25 11:30:00,1,210.0,4.0,,10000.0,,FEW,1600.0,,FEW,5500.0,,,,,0,27.0,23.0,1009.0,0,0,,,0.0,0.0,10000.0,2.0,,2600.0,0.0,0.0,10000.0,1.0,,6000.0,0.0,0.0,7000.0,1.0,,,0.0,0.0,6000.0,1.0,,,0.0,0.0,10000.0,1.0,,7000.0
METAR WALS 251200Z AUTO VRB02KT 9999 SCT016 SCT023 BKN028 26/24 Q1009,WALS,2026-07-25 12:00:00,1,,2.0,,10000.0,,SCT,1600.0,,SCT,2300.0,,BKN,2800.0,,0,26.0,24.0,1009.0,0,0,,2800.0,0.0,0.0,10000.0,2.0,,2400.0,0.0,0.0,10000.0,3.0,,,0.0,0.0,5000.0,3.0,,4300.0,0.0,0.0,6000.0,1.0,,,0.0,0.0,10000.0,3.0,,20000.0
METAR WALS 251230Z AUTO 33002KT 9999 SCT021 BKN026 BKN034 26/24 Q1010,WALS,2026-07-25 12:30:00,1,330.0,2.0,,10000.0,,SCT,2100.0,,BKN,2600.0,,BKN,3400.0,,0,26.0,24.0,1010.0,0,0,,2600.0,0.0,0.0,10000.0,2.0,,2400.0,0.0,0.0,9000.0,1.0,,,0.0,0.0,6000.0,1.0,,4000.0,0.0,0.0,10000.0,5.0,,,0.0,0.0,9000.0,2.0,,
METAR WALS 251300Z AUTO VRB02KT 9999 SCT020 BKN024 OVC060 25/24 Q1010,WALS,2026-07-25 13:00:00,1,,2.0,,10000.0,,SCT,2000.0,,BKN,2400.0,,OVC,6000.0,,0,25.0,24.0,1010.0,0,0,,2400.0,0.0,0.0,10000.0,1.0,,6000.0,0.0,0.0,10000.0,2.0,,,0.0,0.0,5000.0,0.0,,,0.0,0.0,10000.0,5.0,,,0.0,0.0,10000.0,1.0,,2600.0
METAR WALS 251400Z AUTO VRB01KT 9999 BKN060 24/24 Q1010,WALS,2026-07-25 14:00:00,1,,1.0,,10000.0,,BKN,6000.0,,,,,,,,0,24.0,24.0,1010.0,0,0,,6000.0,0.0,0.0,10000.0,3.0,,,0.0,0.0,7000.0,1.0,,,0.0,0.0,2900.0,0.0,,,0.0,0.0,10000.0,4.0,,,0.0,0.0,7000.0,1.0,,1700.0
METAR WALS 251430Z AUTO 18001KT 9999 FEW017 BKN060 24/24 Q1010,WALS,2026-07-25 14:30:00,1,180.0,1.0,,10000.0,,FEW,1700.0,,BKN,6000.0,,,,,0,24.0,24.0,1010.0,0,0,,6000.0,0.0,0.0,9000.0,1.0,,,0.0,0.0,7000.0,1.0,,,0.0,0.0,1500.0,0.0,,4200.0,0.0,0.0,10000.0,4.0,,,0.0,0.0,2000.0,0.0,,4300.0
METAR WALS 251500Z AUTO 26003KT 9999 FEW018 FEW032 SCT038 24/23 Q1010,WALS,2026-07-25 15:00:00,1,260.0,3.0,,10000.0,,FEW,1800.0,,FEW,3200.0,,SCT,3800.0,,0,24.0,23.0,1010.0,0,0,,,0.0,0.0,10000.0,2.0,,,0.0,0.0,5000.0,3.0,,4300.0,0.0,0.0,700.0,1.0,,4100.0,,,,,,,0.0,0.0,1400.0,1.0,,4500.0
METAR WALS 251530Z AUTO 17001KT 9000 SCT036 SCT044 24/23 Q1010,WALS,2026-07-25 15:30:00,1,170.0,1.0,,9000.0,,SCT,3600.0,,SCT,4400.0,,,,,0,24.0,23.0,1010.0,0,0,,,0.0,0.0,7000.0,1.0,,,0.0,0.0,6000.0,1.0,,4000.0,0.0,0.0,1000.0,1.0,,4200.0,,,,,,,0.0,0.0,700.0,0.0,,200.0
METAR WALS 251600Z AUTO 24002KT 9999 SCT034 SCT039 23/23 Q1010,WALS,2026-07-25 16:00:00,1,240.0,2.0,,10000.0,,SCT,3400.0,,SCT,3900.0,,,,,0,23.0,23.0,1010.0,0,0,,,0.0,0.0,7000.0,1.0,,,0.0,0.0,5000.0,0.0,,,0.0,0.0,2200.0,0.0,,4800.0,,,,,,,0.0,0.0,750.0,0.0,,200.0
METAR WALS 251630Z AUTO 36001KT 7000 FEW018 FEW024 FEW032 24/23 Q1010,WALS,2026-07-25 16:30:00,1,360.0,1.0,,7000.0,,FEW,1800.0,,FEW,2400.0,,FEW,3200.0,,0,24.0,23.0,1010.0,0,0,,,0.0,0.0,7000.0,1.0,,,0.0,0.0,3900.0,1.0,,4300.0,0.0,0.0,2000.0,1.0,,,0.0,0.0,10000.0,3.0,,,0.0,0.0,350.0,1.0,,100.0
METAR WALS 251700Z AUTO VRB01KT 7000 FEW029 FEW037 24/23 Q1010,WALS,2026-07-25 17:00:00,1,,1.0,,7000.0,,FEW,2900.0,,FEW,3700.0,,,,,0,24.0,23.0,1010.0,0,0,,,0.0,0.0,5000.0,3.0,,4300.0,0.0,0.0,2900.0,0.0,,,0.0,0.0,1600.0,1.0,,,0.0,0.0,10000.0,3.0,,,0.0,0.0,450.0,1.0,,200.0
METAR WALS 251730Z AUTO 36001KT 7000 FEW028 FEW043 FEW050 23/23 Q1010,WALS,2026-07-25 17:30:00,1,360.0,1.0,,7000.0,,FEW,2800.0,,FEW,4300.0,,FEW,5000.0,,0,23.0,23.0,1010.0,0,0,,,0.0,0.0,6000.0,1.0,,4000.0,0.0,0.0,1500.0,0.0,,4200.0,0.0,0.0,6000.0,1.0,,,0.0,0.0,10000.0,4.0,,2000.0,0.0,0.0,1100.0,2.0,,200.0
METAR WALS 251800Z AUTO 30003KT 5000 FEW017 SCT033 BKN043 23/23 Q1010,WALS,2026-07-25 18:00:00,1,300.0,3.0,,5000.0,,FEW,1700.0,,SCT,3300.0,,BKN,4300.0,,0,23.0,23.0,1010.0,0,0,,4300.0,0.0,0.0,5000.0,0.0,,,0.0,0.0,700.0,1.0,,4100.0,0.0,0.0,6000.0,1.0,,,0.0,0.0,10000.0,4.0,,2000.0,0.0,0.0,2400.0,1.0,,200.0
METAR WALS 251830Z AUTO VRB01KT 6000 FEW024 SCT034 BKN040 23/23 Q1010,WALS,2026-07-25 18:30:00,1,,1.0,,6000.0,,FEW,2400.0,,SCT,3400.0,,BKN,4000.0,,0,23.0,23.0,1010.0,0,0,,4000.0,0.0,0.0,3900.0,1.0,,4300.0,0.0,0.0,1000.0,1.0,,4200.0,0.0,0.0,10000.0,5.0,,,0.0,0.0,10000.0,5.0,,,0.0,0.0,2400.0,1.0,,200.0
METAR WALS 251900Z AUTO 00000KT 5000 FEW037 FEW050 23/23 Q1010,WALS,2026-07-25 19:00:00,1,0.0,0.0,,5000.0,,FEW,3700.0,,FEW,5000.0,,,,,0,23.0,23.0,1010.0,0,0,,,0.0,0.0,2900.0,0.0,,,0.0,0.0,2200.0,0.0,,4800.0,0.0,0.0,10000.0,5.0,,,0.0,0.0,10000.0,5.0,,,0.0,0.0,2200.0,1.0,,300.0
METAR WALS 251930Z AUTO 09001KT 3900 BR FEW029 SCT036 BKN043 23/23 Q1009,WALS,2026-07-25 19:30:00,1,90.0,1.0,,3900.0,"('', None, '', 'BR', None)",FEW,2900.0,,SCT,3600.0,,BKN,4300.0,,0,23.0,23.0,1009.0,0,0,,4300.0,0.0,0.0,1500.0,0.0,,4200.0,0.0,0.0,2000.0,1.0,,,0.0,0.0,10000.0,7.0,,,0.0,0.0,10000.0,5.0,,,0.0,0.0,4700.0,1.0,,200.0
METAR WALS 252000Z AUTO 00000KT 2900 BR FEW029 FEW038 FEW050 23/23 Q1009,WALS,2026-07-25 20:00:00,1,0.0,0.0,,2900.0,"('', None, '', 'BR', None)",FEW,2900.0,,FEW,3800.0,,FEW,5000.0,,0,23.0,23.0,1009.0,0,0,,,0.0,0.0,700.0,1.0,,4100.0,0.0,0.0,1600.0,1.0,,,0.0,0.0,10000.0,4.0,,,0.0,0.0,10000.0,5.0,,,0.0,0.0,2600.0,1.0,,200.0
METAR WALS 252030Z AUTO 00000KT 1500 R04/P2000U R22/1600D BR SCT022 SCT033 OVC042 22/22 Q1009,WALS,2026-07-25 20:30:00,1,0.0,0.0,,1500.0,"('', None, '', 'BR', None)",SCT,2200.0,,SCT,3300.0,,OVC,4200.0,,0,22.0,22.0,1009.0,0,0,,4200.0,0.0,0.0,1000.0,1.0,,4200.0,0.0,0.0,6000.0,1.0,,,0.0,0.0,10000.0,4.0,,,0.0,0.0,10000.0,5.0,,,0.0,0.0,350.0,1.0,,200.0
METAR WALS 252100Z AUTO 06001KT 0700 R04/P2000U R22/1000U FG OVC041 22/22 Q1009,WALS,2026-07-25 21:00:00,1,60.0,1.0,,700.0,"('', None, '', 'FG', None)",OVC,4100.0,,,,,,,,0,22.0,22.0,1009.0,0,0,,4100.0,0.0,0.0,2200.0,0.0,,4800.0,0.0,0.0,6000.0,1.0,,,,,,,,,0.0,0.0,10000.0,5.0,,2000.0,0.0,0.0,500.0,2.0,,200.0
METAR WALS 252130Z AUTO VRB01KT 1000 R04/1500N R22/P2000U BR OVC042 22/22 Q1009,WALS,2026-07-25 21:30:00,1,,1.0,,1000.0,"('', None, '', 'BR', None)",OVC,4200.0,,,,,,,,0,22.0,22.0,1009.0,0,0,,4200.0,0.0,0.0,2000.0,1.0,,,0.0,0.0,10000.0,5.0,,,,,,,,,0.0,0.0,10000.0,5.0,,2000.0,0.0,0.0,400.0,1.0,,200.0
METAR WALS 252200Z AUTO 00000KT 2200 BR SCT023 SCT039 OVC048 22/22 Q1010,WALS,2026-07-25 22:00:00,1,0.0,0.0,,2200.0,"('', None, '', 'BR', None)",SCT,2300.0,,SCT,3900.0,,OVC,4800.0,,0,22.0,22.0,1010.0,0,0,,4800.0,0.0,0.0,1600.0,1.0,,,0.0,0.0,10000.0,5.0,,,,,,,,,0.0,0.0,800.0,10.0,,300.0,0.0,0.0,200.0,2.0,,200.0
METAR WALS 252230Z 30001KT 2000 BR SCT010 22/22 Q1010 NOSIG,WALS,2026-07-25 22:30:00,0,300.0,1.0,,2000.0,"('', None, '', 'BR', None)",SCT,1000.0,,,,,,,,0,22.0,22.0,1010.0,0,0,,,0.0,0.0,6000.0,1.0,,,0.0,0.0,10000.0,7.0,,,0.0,0.0,10000.0,3.0,,,0.0,0.0,10000.0,3.0,,4300.0,0.0,0.0,100.0,1.0,,200.0
METAR WALS 252300Z VRB01KT 1600 BR SCT012 23/23 Q1010 BECMG TL2330 7000 NSW,WALS,2026-07-25 23:00:00,0,,1.0,,1600.0,"('', None, '', 'BR', None)",SCT,1200.0,,,,,,,,0,23.0,23.0,1010.0,0,0,,,0.0,0.0,6000.0,1.0,,,0.0,0.0,10000.0,4.0,,,0.0,0.0,10000.0,3.0,,,0.0,0.0,10000.0,2.0,,3600.0,0.0,0.0,300.0,2.0,,
METAR WALS 252330Z VRB01KT 6000 FEW015 25/24 Q1011 NOSIG,WALS,2026-07-25 23:30:00,0,,1.0,,6000.0,,FEW,1500.0,,,,,,,,0,25.0,24.0,1011.0,0,0,,,0.0,0.0,10000.0,5.0,,,0.0,0.0,10000.0,4.0,,,0.0,0.0,10000.0,4.0,,2000.0,0.0,0.0,10000.0,1.0,,7000.0,0.0,0.0,200.0,2.0,,200.0
METAR WALS 260100Z 21005KT 180V240 9999 SCT017 28/24 Q1011 NOSIG,WALS,2026-07-26 01:00:00,0,210.0,5.0,,10000.0,,SCT,1700.0,,,,,,,,0,28.0,24.0,1011.0,0,0,,,0.0,0.0,10000.0,4.0,,,,,,,,,0.0,0.0,10000.0,5.0,,,0.0,0.0,10000.0,1.0,,2600.0,0.0,0.0,10000.0,6.0,,1700.0
METAR WALS 260130Z 23007KT 200V260 9999 SCT018 30/24 Q1011 NOSIG,WALS,2026-07-26 01:30:00,0,230.0,7.0,,10000.0,,SCT,1800.0,,,,,,,,0,30.0,24.0,1011.0,0,0,,,0.0,0.0,10000.0,4.0,,,0.0,0.0,10000.0,3.0,,,0.0,0.0,10000.0,5.0,,,0.0,0.0,10000.0,1.0,,2600.0,0.0,0.0,10000.0,6.0,,1700.0
METAR WALS 260200Z 23004KT 180V260 9999 SCT020 31/24 Q1011 NOSIG,WALS,2026-07-26 02:00:00,0,230.0,4.0,,10000.0,,SCT,2000.0,,,,,,,,0,31.0,24.0,1011.0,0,0,,,,,,,,,0.0,0.0,10000.0,3.0,,,0.0,0.0,10000.0,5.0,,,0.0,0.0,7000.0,1.0,,1700.0,0.0,0.0,10000.0,6.0,,1800.0
METAR WALS 260500Z 23003KT 190V290 9999 SCT020 31/23 Q1009 NOSIG,WALS,2026-07-26 05:00:00,0,230.0,3.0,,10000.0,,SCT,2000.0,,,,,,,,0,31.0,23.0,1009.0,0,0,,,0.0,0.0,10000.0,4.0,,2000.0,0.0,0.0,10000.0,5.0,,,0.0,0.0,10000.0,2.0,,3600.0,0.0,0.0,450.0,1.0,,200.0,0.0,0.0,10000.0,8.0,,
METAR WALS 260530Z 19004KT 120V250 9999 FEW018TCU BKN020 32/24 Q1008 NOSIG RMK TCU TO SE,WALS,2026-07-26 05:30:00,0,190.0,4.0,,10000.0,,FEW,1800.0,TCU,BKN,2000.0,,,,,0,32.0,24.0,1008.0,0,0,,2000.0,0.0,0.0,10000.0,5.0,,,0.0,0.0,10000.0,5.0,,,0.0,0.0,10000.0,1.0,,7000.0,0.0,0.0,1100.0,2.0,,200.0,0.0,0.0,10000.0,5.0,,
METAR WALS 260700Z 21005KT 140V250 9999 SCT020 32/24 Q1007 NOSIG,WALS,2026-07-26 07:00:00,0,210.0,5.0,,10000.0,,SCT,2000.0,,,,,,,,0,32.0,24.0,1007.0,0,0,,,0.0,0.0,10000.0,5.0,,,0.0,0.0,800.0,10.0,,300.0,0.0,0.0,10000.0,1.0,,2600.0,0.0,0.0,2200.0,1.0,,300.0,,,,,,
METAR WALS 260730Z 19005KT 150V220 9999 SCT020 32/24 Q1007 NOSIG,WALS,2026-07-26 07:30:00,0,190.0,5.0,,10000.0,,SCT,2000.0,,,,,,,,0,32.0,24.0,1007.0,0,0,,,0.0,0.0,10000.0,5.0,,,0.0,0.0,10000.0,3.0,,4300.0,0.0,0.0,10000.0,1.0,,2600.0,0.0,0.0,4700.0,1.0,,200.0,,,,,,
METAR WALS 260800Z 19005KT 150V230 9999 SCT020 31/24 Q1007 NOSIG,WALS,2026-07-26 08:00:00,0,190.0,5.0,,10000.0,,SCT,2000.0,,,,,,,,0,31.0,24.0,1007.0,0,0,,,0.0,0.0,10000.0,5.0,,2000.0,0.0,0.0,10000.0,2.0,,3600.0,0.0,0.0,7000.0,1.0,,1700.0,0.0,0.0,2600.0,1.0,,200.0,,,,,,
METAR WALS 260930Z 22005KT 160V260 9999 FEW015CB BKN020 29/24 Q1007 TEMPO TL0945 RA RMK CB TO SW AND W,WALS,2026-07-26 09:30:00,0,220.0,5.0,,10000.0,,FEW,1500.0,CB,BKN,2000.0,,,,,1,29.0,24.0,1007.0,0,0,,2000.0,0.0,0.0,10000.0,3.0,,4300.0,0.0,0.0,9000.0,2.0,,,0.0,0.0,700.0,0.0,,200.0,0.0,0.0,400.0,1.0,,200.0,0.0,0.0,10000.0,5.0,,
METAR WALS 261000Z AUTO 21010KT 170V230 0800 R04/1400U R22/P2000D +RA BKN003 BKN009 OVC026 25/24 Q1008,WALS,2026-07-26 10:00:00,1,210.0,10.0,,800.0,"('+', None, 'RA', None, None)",BKN,300.0,,BKN,900.0,,OVC,2600.0,,0,25.0,24.0,1008.0,0,0,,300.0,0.0,0.0,10000.0,2.0,,3600.0,0.0,0.0,10000.0,1.0,,2600.0,0.0,0.0,750.0,0.0,,200.0,0.0,0.0,200.0,2.0,,200.0,0.0,0.0,10000.0,3.0,,
METAR WALS 261030Z AUTO VRB03KT 9999 -RA FEW029 OVC043 24/24 Q1008,WALS,2026-07-26 10:30:00,1,,3.0,,10000.0,"('-', None, 'RA', None, None)",FEW,2900.0,,OVC,4300.0,,,,,0,24.0,24.0,1008.0,0,0,,4300.0,0.0,0.0,10000.0,1.0,,7000.0,0.0,0.0,10000.0,1.0,,2600.0,0.0,0.0,350.0,1.0,,100.0,0.0,0.0,100.0,1.0,,200.0,0.0,0.0,10000.0,3.0,,
METAR WALS 261100Z AUTO VRB02KT 9999 -RA BKN036 BKN065 OVC110 24/24 Q1009,WALS,2026-07-26 11:00:00,1,,2.0,,10000.0,"('-', None, 'RA', None, None)",BKN,3600.0,,BKN,6500.0,,OVC,11000.0,,0,24.0,24.0,1009.0,0,0,,3600.0,0.0,0.0,10000.0,3.0,,20000.0,0.0,0.0,7000.0,1.0,,1700.0,0.0,0.0,450.0,1.0,,200.0,0.0,0.0,300.0,2.0,,,,,,,,
METAR WALS 261130Z AUTO VRB01KT 9999 FEW004 SCT039 BKN070 25/24 Q1009,WALS,2026-07-26 11:30:00,1,,1.0,,10000.0,,FEW,400.0,,SCT,3900.0,,BKN,7000.0,,0,25.0,24.0,1009.0,0,0,,7000.0,0.0,0.0,9000.0,2.0,,,0.0,0.0,2000.0,0.0,,4300.0,0.0,0.0,1100.0,2.0,,200.0,0.0,0.0,200.0,2.0,,200.0,,,,,,
METAR WALS 261200Z AUTO 03003KT 9999 FEW039 SCT065 BKN200 24/24 Q1009,WALS,2026-07-26 12:00:00,1,30.0,3.0,,10000.0,,FEW,3900.0,,SCT,6500.0,,BKN,20000.0,,0,24.0,24.0,1009.0,0,0,,20000.0,0.0,0.0,10000.0,1.0,,2600.0,0.0,0.0,1400.0,1.0,,4500.0,0.0,0.0,2400.0,1.0,,200.0,0.0,0.0,200.0,2.0,,200.0,0.0,0.0,10000.0,2.0,,17000.0
METAR WALS 261230Z AUTO VRB02KT 9000 SCT022 SCT030 SCT036 24/24 Q1010,WALS,2026-07-26 12:30:00,1,,2.0,,9000.0,,SCT,2200.0,,SCT,3000.0,,SCT,3600.0,,0,24.0,24.0,1010.0,0,0,,,0.0,0.0,10000.0,1.0,,2600.0,0.0,0.0,700.0,0.0,,200.0,0.0,0.0,2400.0,1.0,,200.0,,,,,,,0.0,0.0,10000.0,2.0,,17000.0
METAR WALS 261300Z AUTO VRB01KT 9999 BKN026 BKN038 BKN047 24/24 Q1010,WALS,2026-07-26 13:00:00,1,,1.0,,10000.0,,BKN,2600.0,,BKN,3800.0,,BKN,4700.0,,0,24.0,24.0,1010.0,0,0,,2600.0,0.0,0.0,7000.0,1.0,,1700.0,0.0,0.0,750.0,0.0,,200.0,0.0,0.0,2200.0,1.0,,300.0,0.0,0.0,10000.0,6.0,,1700.0,0.0,0.0,10000.0,2.0,,17000.0
METAR WALS 261400Z AUTO VRB01KT 7000 BKN017 BKN023 BKN036 24/24 Q1011,WALS,2026-07-26 14:00:00,1,,1.0,,7000.0,,BKN,1700.0,,BKN,2300.0,,BKN,3600.0,,0,24.0,24.0,1011.0,0,0,,1700.0,0.0,0.0,1400.0,1.0,,4500.0,0.0,0.0,450.0,1.0,,200.0,0.0,0.0,2600.0,1.0,,200.0,0.0,0.0,10000.0,6.0,,1800.0,,,,,,
METAR WALS 261430Z AUTO 00000KT 2000 BR SCT017 SCT024 BKN043 24/23 Q1011,WALS,2026-07-26 14:30:00,1,0.0,0.0,,2000.0,"('', None, '', 'BR', None)",SCT,1700.0,,SCT,2400.0,,BKN,4300.0,,0,24.0,23.0,1011.0,0,0,,4300.0,0.0,0.0,700.0,0.0,,200.0,0.0,0.0,1100.0,2.0,,200.0,0.0,0.0,350.0,1.0,,200.0,0.0,0.0,10000.0,6.0,,1800.0,0.0,0.0,9000.0,1.0,,20000.0
METAR WALS 261500Z AUTO 13001KT 1400 R04/1700U R22/1900U BR SCT037 BKN045 OVC050 23/23 Q1011,WALS,2026-07-26 15:00:00,1,130.0,1.0,,1400.0,"('', None, '', 'BR', None)",SCT,3700.0,,BKN,4500.0,,OVC,5000.0,,0,23.0,23.0,1011.0,0,0,,4500.0,0.0,0.0,750.0,0.0,,200.0,0.0,0.0,2400.0,1.0,,200.0,0.0,0.0,500.0,2.0,,200.0,,,,,,,0.0,0.0,9000.0,1.0,,20000.0
METAR WALS 261530Z AUTO 00000KT 0700 R04/P2000U R22/1000U FG BKN002 OVC039 23/23 Q1011,WALS,2026-07-26 15:30:00,1,0.0,0.0,,700.0,"('', None, '', 'FG', None)",BKN,200.0,,OVC,3900.0,,,,,0,23.0,23.0,1011.0,0,0,,200.0,0.0,0.0,350.0,1.0,,100.0,0.0,0.0,2400.0,1.0,,200.0,0.0,0.0,400.0,1.0,,200.0,,,,,,,0.0,0.0,7000.0,1.0,,16000.0
METAR WALS 261600Z AUTO 00000KT 0750 R04/1000D R22/1400D FG OVC002 23/23 Q1011,WALS,2026-07-26 16:00:00,1,0.0,0.0,,750.0,"('', None, '', 'FG', None)",OVC,200.0,,,,,,,,0,23.0,23.0,1011.0,0,0,,200.0,0.0,0.0,450.0,1.0,,200.0,0.0,0.0,2200.0,1.0,,300.0,0.0,0.0,200.0,2.0,,200.0,,,,,,,0.0,0.0,7000.0,1.0,,16000.0
METAR WALS 261630Z AUTO VRB01KT 0350 R04/0500D R22/0900N FG OVC001 23/23 Q1011,WALS,2026-07-26 16:30:00,1,,1.0,,350.0,"('', None, '', 'FG', None)",OVC,100.0,,,,,,,,0,23.0,23.0,1011.0,0,0,,100.0,0.0,0.0,1100.0,2.0,,200.0,0.0,0.0,4700.0,1.0,,200.0,0.0,0.0,100.0,1.0,,200.0,0.0,0.0,10000.0,8.0,,,0.0,0.0,5000.0,1.0,,1800.0
METAR WALS 261700Z AUTO VRB01KT 0450 R04/P2000U R22/0700N FG OVC002 23/23 Q1011,WALS,2026-07-26 17:00:00,1,,1.0,,450.0,"('', None, '', 'FG', None)",OVC,200.0,,,,,,,,0,23.0,23.0,1011.0,0,0,,200.0,0.0,0.0,2400.0,1.0,,200.0,0.0,0.0,2600.0,1.0,,200.0,0.0,0.0,300.0,2.0,,,0.0,0.0,10000.0,8.0,,,0.0,0.0,5000.0,1.0,,1800.0
METAR WALS 261730Z AUTO 10002KT 1100 R04/1500D R22/P2000U BR OVC002 23/23 Q1010,WALS,2026-07-26 17:30:00,1,100.0,2.0,,1100.0,"('', None, '', 'BR', None)",OVC,200.0,,,,,,,,0,23.0,23.0,1010.0,0,0,,200.0,0.0,0.0,2400.0,1.0,,200.0,0.0,0.0,350.0,1.0,,200.0,0.0,0.0,200.0,2.0,,200.0,0.0,0.0,10000.0,5.0,,,0.0,0.0,3600.0,1.0,,1400.0
METAR WALS 261800Z AUTO VRB01KT 2400 BR BKN002 BKN014 OVC060 23/23 Q1010,WALS,2026-07-26 18:00:00,1,,1.0,,2400.0,"('', None, '', 'BR', None)",BKN,200.0,,BKN,1400.0,,OVC,6000.0,,0,23.0,23.0,1010.0,0,0,,200.0,0.0,0.0,2200.0,1.0,,300.0,0.0,0.0,500.0,2.0,,200.0,0.0,0.0,200.0,2.0,,200.0,0.0,0.0,10000.0,5.0,,,0.0,0.0,3600.0,1.0,,1400.0
METAR WALS 261900Z AUTO VRB01KT 2200 BR OVC003 22/22 Q1010,WALS,2026-07-26 19:00:00,1,,1.0,,2200.0,"('', None, '', 'BR', None)",OVC,300.0,,,,,,,,0,22.0,22.0,1010.0,0,0,,300.0,0.0,0.0,2600.0,1.0,,200.0,0.0,0.0,200.0,2.0,,200.0,0.0,0.0,10000.0,6.0,,1700.0,,,,,,,0.0,0.0,6000.0,2.0,,17000.0
METAR WALS 261930Z AUTO 04001KT 4700 BR OVC002 23/23 Q1010,WALS,2026-07-26 19:30:00,1,40.0,1.0,,4700.0,"('', None, '', 'BR', None)",OVC,200.0,,,,,,,,0,23.0,23.0,1010.0,0,0,,200.0,0.0,0.0,350.0,1.0,,200.0,0.0,0.0,100.0,1.0,,200.0,0.0,0.0,10000.0,6.0,,1700.0,,,,,,,0.0,0.0,6000.0,2.0,,17000.0
METAR WALS 262000Z AUTO VRB01KT 2600 BR OVC002 22/22 Q1010,WALS,2026-07-26 20:00:00,1,,1.0,,2600.0,"('', None, '', 'BR', None)",OVC,200.0,,,,,,,,0,22.0,22.0,1010.0,0,0,,200.0,0.0,0.0,500.0,2.0,,200.0,0.0,0.0,300.0,2.0,,,0.0,0.0,10000.0,6.0,,1800.0,,,,,,,0.0,0.0,1800.0,1.0,,1700.0
METAR WALS 262030Z AUTO 25001KT 0350 R04/0900U R22/0550N FG OVC002 22/23 Q1010,WALS,2026-07-26 20:30:00,1,250.0,1.0,,350.0,"('', None, '', 'FG', None)",OVC,200.0,,,,,,,,0,22.0,23.0,1010.0,0,0,,200.0,0.0,0.0,400.0,1.0,,200.0,0.0,0.0,200.0,2.0,,200.0,0.0,0.0,10000.0,6.0,,1800.0,,,,,,,0.0,0.0,4500.0,0.0,,2000.0
METAR WALS 262100Z AUTO VRB02KT 0500 R04/0750N R22/1700U FG OVC002 23/23 Q1010,WALS,2026-07-26 21:00:00,1,,2.0,,500.0,"('', None, '', 'FG', None)",OVC,200.0,,,,,,,,0,23.0,23.0,1010.0,0,0,,200.0,0.0,0.0,200.0,2.0,,200.0,0.0,0.0,200.0,2.0,,200.0,,,,,,,0.0,0.0,10000.0,5.0,,,0.0,0.0,1100.0,0.0,,1800.0
METAR WALS 262130Z AUTO VRB01KT 0400 R04/0600N R22/0600N FG OVC002 23/23 Q1010,WALS,2026-07-26 21:30:00,1,,1.0,,400.0,"('', None, '', 'FG', None)",OVC,200.0,,,,,,,,0,23.0,23.0,1010.0,0,0,,200.0,0.0,0.0,100.0,1.0,,200.0,,,,,,,,,,,,,0.0,0.0,10000.0,5.0,,,0.0,0.0,700.0,0.0,,200.0
METAR WALS 262200Z AUTO VRB02KT 0200 R04/0350N R22/0450N FG OVC002 22/22 Q1010,WALS,2026-07-26 22:00:00,1,,2.0,,200.0,"('', None, '', 'FG', None)",OVC,200.0,,,,,,,,0,22.0,22.0,1010.0,0,0,,200.0,0.0,0.0,300.0,2.0,,,0.0,0.0,10000.0,6.0,,1700.0,,,,,,,0.0,0.0,10000.0,3.0,,,0.0,0.0,700.0,0.0,,200.0
METAR WALS 262230Z AUTO VRB01KT 0100 R04/0650N R22/0300N FG OVC002 22/22 Q1010,WALS,2026-07-26 22:30:00,1,,1.0,,100.0,"('', None, '', 'FG', None)",OVC,200.0,,,,,,,,0,22.0,22.0,1010.0,0,0,,200.0,0.0,0.0,200.0,2.0,,200.0,0.0,0.0,10000.0,6.0,,1700.0,0.0,0.0,10000.0,8.0,,,0.0,0.0,10000.0,3.0,,,0.0,0.0,1500.0,1.0,,
METAR WALS 262300Z 02002KT 0300 R04/0650 R22/0550 FG SCT010 22/22 Q1011 BECMG TL2345 6000 NSW,WALS,2026-07-26 23:00:00,0,20.0,2.0,,300.0,"('', None, '', 'FG', None)",SCT,1000.0,,,,,,,,0,22.0,22.0,1011.0,0,0,,,0.0,0.0,200.0,2.0,,200.0,0.0,0.0,10000.0,6.0,,1800.0,0.0,0.0,10000.0,8.0,,,,,,,,,0.0,0.0,2500.0,1.0,,
METAR WALS 262330Z VRB02KT 0200 R04/0800 R22/0300 FG OVC002 23/23 Q1011 BECMG FM0015 6000 NSW,WALS,2026-07-26 23:30:00,0,,2.0,,200.0,"('', None, '', 'FG', None)",OVC,200.0,,,,,,,,0,23.0,23.0,1011.0,0,0,,200.0,,,,,,,0.0,0.0,10000.0,6.0,,1800.0,0.0,0.0,10000.0,5.0,,,,,,,,,0.0,0.0,2500.0,1.0,,
METAR WALS 270130Z 24006KT 9999 BKN017 29/25 Q1011 NOSIG,WALS,2026-07-27 01:30:00,0,240.0,6.0,,10000.0,,BKN,1700.0,,,,,,,,0,29.0,25.0,1011.0,0,0,,1700.0,0.0,0.0,10000.0,6.0,,1800.0,0.0,0.0,10000.0,8.0,,,,,,,,,0.0,0.0,10000.0,2.0,,17000.0,,,,,,
METAR WALS 270200Z 23006KT 200V270 9999 BKN018 30/25 Q1012 NOSIG,WALS,2026-07-27 02:00:00,0,230.0,6.0,,10000.0,,BKN,1800.0,,,,,,,,0,30.0,25.0,1012.0,0,0,,1800.0,,,,,,,0.0,0.0,10000.0,8.0,,,,,,,,,,,,,,,,,,,,
METAR WALS 270500Z 14008KT 110V230 9999 FEW017CB SCT018 28/25 Q1010 NOSIG RMK CB TO SE AND NW,WALS,2026-07-27 05:00:00,0,140.0,8.0,,10000.0,,FEW,1700.0,CB,SCT,1800.0,,,,,1,28.0,25.0,1010.0,0,0,,,0.0,0.0,10000.0,5.0,,,,,,,,,,,,,,,0.0,0.0,5000.0,1.0,,1800.0,0.0,0.0,10000.0,4.0,,
METAR WALS 270530Z 15005KT 110V190 9999 FEW018CB SCT020 29/25 Q1009 NOSIG RMK CB TO S,WALS,2026-07-27 05:30:00,0,150.0,5.0,,10000.0,,FEW,1800.0,CB,SCT,2000.0,,,,,1,29.0,25.0,1009.0,0,0,,,,,,,,,,,,,,,,,,,,,0.0,0.0,3600.0,1.0,,1400.0,0.0,0.0,10000.0,4.0,,
METAR WALS 270930Z 35005KT 330V030 9999 FEW018CB 26/24 Q1009 NOSIG RMK CB TO N,WALS,2026-07-27 09:30:00,0,350.0,5.0,,10000.0,,FEW,1800.0,CB,,,,,,,1,26.0,24.0,1009.0,0,0,,,0.0,0.0,10000.0,3.0,,,0.0,0.0,10000.0,2.0,,17000.0,0.0,0.0,7000.0,1.0,,16000.0,0.0,0.0,700.0,0.0,,200.0,0.0,0.0,10000.0,4.0,,
METAR WALS 271000Z 03003KT 350V080 9999 FEW018 26/24 Q1010 NOSIG,WALS,2026-07-27 10:00:00,0,30.0,3.0,,10000.0,,FEW,1800.0,,,,,,,,0,26.0,24.0,1010.0,0,0,,,,,,,,,0.0,0.0,10000.0,2.0,,17000.0,0.0,0.0,7000.0,1.0,,16000.0,0.0,0.0,700.0,0.0,,200.0,0.0,0.0,10000.0,2.0,,
METAR WALS 271230Z AUTO 32002KT 9999 SCT019 BKN170 OVC200 25/24 Q1010,WALS,2026-07-27 12:30:00,1,320.0,2.0,,10000.0,,SCT,1900.0,,BKN,17000.0,,OVC,20000.0,,0,25.0,24.0,1010.0,0,0,,17000.0,0.0,0.0,10000.0,2.0,,17000.0,0.0,0.0,7000.0,1.0,,16000.0,0.0,0.0,2400.0,2.0,,17000.0,0.0,0.0,10000.0,2.0,,,0.0,0.0,6000.0,1.0,,
METAR WALS 271300Z AUTO VRB02KT 9999 FEW016 BKN170 OVC210 24/24 Q1011,WALS,2026-07-27 13:00:00,1,,2.0,,10000.0,,FEW,1600.0,,BKN,17000.0,,OVC,21000.0,,0,24.0,24.0,1011.0,0,0,,17000.0,,,,,,,0.0,0.0,7000.0,1.0,,16000.0,0.0,0.0,6000.0,2.0,,17000.0,0.0,0.0,10000.0,2.0,,,0.0,0.0,6000.0,1.0,,
METAR WALS 271500Z AUTO 06001KT 9000 BKN200 OVC220 24/24 Q1012,WALS,2026-07-27 15:00:00,1,60.0,1.0,,9000.0,,BKN,20000.0,,OVC,22000.0,,,,,0,24.0,24.0,1012.0,0,0,,20000.0,0.0,0.0,7000.0,1.0,,16000.0,0.0,0.0,3600.0,1.0,,1400.0,0.0,0.0,1100.0,0.0,,1800.0,0.0,0.0,10000.0,3.0,,,0.0,0.0,6000.0,1.0,,8000.0
METAR WALS 271530Z AUTO VRB01KT 7000 FEW014 SCT130 BKN160 24/24 Q1012,WALS,2026-07-27 15:30:00,1,,1.0,,7000.0,,FEW,1400.0,,SCT,13000.0,,BKN,16000.0,,0,24.0,24.0,1012.0,0,0,,16000.0,0.0,0.0,5000.0,1.0,,1800.0,0.0,0.0,2400.0,2.0,,17000.0,0.0,0.0,700.0,0.0,,200.0,0.0,0.0,10000.0,4.0,,,0.0,0.0,5000.0,1.0,,9000.0
METAR WALS 271700Z AUTO VRB01KT 5000 OVC018 24/24 Q1011,WALS,2026-07-27 17:00:00,1,,1.0,,5000.0,,OVC,1800.0,,,,,,,,0,24.0,24.0,1011.0,0,0,,1800.0,0.0,0.0,3600.0,1.0,,1400.0,0.0,0.0,1800.0,1.0,,1700.0,0.0,0.0,2500.0,1.0,,,0.0,0.0,10000.0,4.0,,,0.0,0.0,3100.0,0.0,,7000.0
METAR WALS 271730Z AUTO VRB01KT 3600 BR BKN014 OVC020 24/24 Q1011,WALS,2026-07-27 17:30:00,1,,1.0,,3600.0,"('', None, '', 'BR', None)",BKN,1400.0,,OVC,2000.0,,,,,0,24.0,24.0,1011.0,0,0,,1400.0,0.0,0.0,2400.0,2.0,,17000.0,0.0,0.0,4500.0,0.0,,2000.0,0.0,0.0,2500.0,1.0,,,0.0,0.0,10000.0,4.0,,,0.0,0.0,5000.0,0.0,,6500.0
METAR WALS 271830Z AUTO 04002KT 2400 BR SCT014 BKN170 OVC210 23/23 Q1010,WALS,2026-07-27 18:30:00,1,40.0,2.0,,2400.0,"('', None, '', 'BR', None)",SCT,1400.0,,BKN,17000.0,,OVC,21000.0,,0,23.0,23.0,1010.0,0,0,,17000.0,0.0,0.0,6000.0,2.0,,17000.0,0.0,0.0,700.0,0.0,,200.0,0.0,0.0,10000.0,2.0,,,0.0,0.0,10000.0,3.0,,,0.0,0.0,4100.0,1.0,,7000.0
METAR WALS 271900Z AUTO 18002KT 6000 OVC170 23/23 Q1010,WALS,2026-07-27 19:00:00,1,180.0,2.0,,6000.0,,OVC,17000.0,,,,,,,,0,23.0,23.0,1010.0,0,0,,17000.0,0.0,0.0,1800.0,1.0,,1700.0,0.0,0.0,700.0,0.0,,200.0,0.0,0.0,10000.0,2.0,,,,,,,,,0.0,0.0,1200.0,0.0,,7000.0
METAR WALS 272000Z AUTO VRB01KT 1800 BR OVC017 23/23 Q1010,WALS,2026-07-27 20:00:00,1,,1.0,,1800.0,"('', None, '', 'BR', None)",OVC,1700.0,,,,,,,,0,23.0,23.0,1010.0,0,0,,1700.0,0.0,0.0,1100.0,0.0,,1800.0,0.0,0.0,2500.0,1.0,,,,,,,,,0.0,0.0,10000.0,4.0,,,0.0,0.0,3000.0,1.0,,6500.0
METAR WALS 272030Z AUTO 00000KT 4500 BR OVC020 23/23 Q1010,WALS,2026-07-27 20:30:00,1,0.0,0.0,,4500.0,"('', None, '', 'BR', None)",OVC,2000.0,,,,,,,,0,23.0,23.0,1010.0,0,0,,2000.0,0.0,0.0,700.0,0.0,,200.0,0.0,0.0,2500.0,1.0,,,0.0,0.0,10000.0,3.0,,,0.0,0.0,10000.0,4.0,,,0.0,0.0,3900.0,1.0,,6500.0
METAR WALS 272100Z AUTO 00000KT 1100 R04/P2000D R22/1400D BR SCT002 OVC018 23/23 Q1010,WALS,2026-07-27 21:00:00,1,0.0,0.0,,1100.0,"('', None, '', 'BR', None)",SCT,200.0,,OVC,1800.0,,,,,0,23.0,23.0,1010.0,0,0,,1800.0,0.0,0.0,700.0,0.0,,200.0,0.0,0.0,5000.0,1.0,,,0.0,0.0,10000.0,3.0,,,0.0,0.0,10000.0,4.0,,,0.0,0.0,500.0,3.0,,200.0
METAR WALS 272130Z AUTO 00000KT 0700 R04/1900U R22/1000U FG OVC002 23/23 Q1011,WALS,2026-07-27 21:30:00,1,0.0,0.0,,700.0,"('', None, '', 'FG', None)",OVC,200.0,,,,,,,,0,23.0,23.0,1011.0,0,0,,200.0,0.0,0.0,1500.0,1.0,,,0.0,0.0,10000.0,2.0,,,0.0,0.0,10000.0,4.0,,,0.0,0.0,10000.0,4.0,,,0.0,0.0,900.0,1.0,,100.0
METAR WALS 272230Z VRB01KT 1500 BR NSC 23/23 Q1011 BECMG TL2330 5000 NSW,WALS,2026-07-27 22:30:00,0,,1.0,,1500.0,"('', None, '', 'BR', None)",NSC,,,,,,,,,0,23.0,23.0,1011.0,0,0,,,0.0,0.0,2500.0,1.0,,,,,,,,,,,,,,,0.0,0.0,10000.0,2.0,,,0.0,0.0,100.0,1.0,,200.0
METAR WALS 272300Z VRB01KT 2500 1100NE BR NSC 23/23 Q1011 BECMG TL2330 6000 NSW,WALS,2026-07-27 23:00:00,0,,1.0,,2500.0,"('', None, '', 'BR', None)",NSC,,,,,,,,,0,23.0,23.0,1011.0,0,0,,,0.0,0.0,5000.0,1.0,,,,,,,,,0.0,0.0,10000.0,4.0,,,0.0,0.0,10000.0,1.0,,,0.0,0.0,100.0,1.0,,200.0
METAR WALS 280000Z VRB01KT 5000 FEW015 26/24 Q1012 NOSIG,WALS,2026-07-28 00:00:00,0,,1.0,,5000.0,,FEW,1500.0,,,,,,,,0,26.0,24.0,1012.0,0,0,,,0.0,0.0,10000.0,2.0,,,0.0,0.0,10000.0,3.0,,,0.0,0.0,10000.0,3.0,,,,,,,,,0.0,0.0,6000.0,1.0,,
METAR WALS 280030Z VRB02KT 9999 NSC 27/24 Q1012 NOSIG,WALS,2026-07-28 00:30:00,0,,2.0,,10000.0,,NSC,,,,,,,,,0,27.0,24.0,1012.0,0,0,,,,,,,,,0.0,0.0,10000.0,4.0,,,0.0,0.0,10000.0,3.0,,,0.0,0.0,6000.0,1.0,,,0.0,0.0,8000.0,2.0,,
METAR WALS 280300Z VRB03KT 9999 SCT020 32/24 Q1011 NOSIG,WALS,2026-07-28 03:00:00,0,,3.0,,10000.0,,SCT,2000.0,,,,,,,,0,32.0,24.0,1011.0,0,0,,,0.0,0.0,10000.0,4.0,,,0.0,0.0,10000.0,3.0,,,0.0,0.0,10000.0,4.0,,,0.0,0.0,6000.0,1.0,,8000.0,0.0,0.0,10000.0,3.0,,
METAR WALS 280330Z 19004KT 130V240 9999 SCT020 31/24 Q1010 NOSIG,WALS,2026-07-28 03:30:00,0,190.0,4.0,,10000.0,,SCT,2000.0,,,,,,,,0,31.0,24.0,1010.0,0,0,,,,,,,,,0.0,0.0,10000.0,3.0,,,0.0,0.0,10000.0,4.0,,,0.0,0.0,5000.0,1.0,,9000.0,0.0,0.0,10000.0,3.0,,
METAR WALS 280530Z 16004KT 100V230 9999 SCT020 33/24 Q1009 NOSIG,WALS,2026-07-28 05:30:00,0,160.0,4.0,,10000.0,,SCT,2000.0,,,,,,,,0,33.0,24.0,1009.0,0,0,,,0.0,0.0,10000.0,3.0,,,0.0,0.0,10000.0,4.0,,,0.0,0.0,10000.0,1.0,,,0.0,0.0,5000.0,0.0,,6500.0,,,,,,
METAR WALS 280600Z 17003KT 140V210 9999 SCT020 32/24 Q1008 NOSIG,WALS,2026-07-28 06:00:00,0,170.0,3.0,,10000.0,,SCT,2000.0,,,,,,,,0,32.0,24.0,1008.0,0,0,,,,,,,,,0.0,0.0,10000.0,4.0,,,,,,,,,0.0,0.0,5000.0,0.0,,6500.0,0.0,0.0,10000.0,3.0,,
METAR WALS 280830Z 21004KT 160V230 9999 FEW019CB SCT020 30/24 Q1007 NOSIG RMK CB TO NW,WALS,2026-07-28 08:30:00,0,210.0,4.0,,10000.0,,FEW,1900.0,CB,SCT,2000.0,,,,,1,30.0,24.0,1007.0,0,0,,,0.0,0.0,10000.0,4.0,,,0.0,0.0,10000.0,1.0,,,0.0,0.0,6000.0,1.0,,8000.0,0.0,0.0,3900.0,1.0,,6500.0,0.0,0.0,10000.0,3.0,,
METAR WALS 280900Z 20004KT 140V240 9999 FEW019CB SCT020 30/24 Q1007 NOSIG RMK CB TO N,WALS,2026-07-28 09:00:00,0,200.0,4.0,,10000.0,,FEW,1900.0,CB,SCT,2000.0,,,,,1,30.0,24.0,1007.0,0,0,,,0.0,0.0,10000.0,2.0,,,,,,,,,0.0,0.0,6000.0,1.0,,8000.0,0.0,0.0,500.0,3.0,,200.0,0.0,0.0,10000.0,3.0,,
METAR WALS 281030Z VRB02KT 9999 SCT020 28/25 Q1008 NOSIG,WALS,2026-07-28 10:30:00,0,,2.0,,10000.0,,SCT,2000.0,,,,,,,,0,28.0,25.0,1008.0,0,0,,,0.0,0.0,10000.0,1.0,,,0.0,0.0,6000.0,1.0,,,0.0,0.0,5000.0,1.0,,6500.0,0.0,0.0,100.0,1.0,,200.0,0.0,0.0,10000.0,2.0,,3400.0
METAR WALS 281100Z VRB01KT 9999 SCT020 28/25 Q1009 NOSIG,WALS,2026-07-28 11:00:00,0,,1.0,,10000.0,,SCT,2000.0,,,,,,,,0,28.0,25.0,1009.0,0,0,,,,,,,,,0.0,0.0,6000.0,1.0,,,0.0,0.0,3100.0,0.0,,7000.0,0.0,0.0,100.0,1.0,,200.0,0.0,0.0,8000.0,1.0,,2900.0
METAR WALS 281300Z VRB01KT 6000 SCT020 26/25 Q1010 NOSIG,WALS,2026-07-28 13:00:00,0,,1.0,,6000.0,,SCT,2000.0,,,,,,,,0,26.0,25.0,1010.0,0,0,,,0.0,0.0,6000.0,1.0,,,0.0,0.0,5000.0,1.0,,6500.0,0.0,0.0,1200.0,0.0,,7000.0,0.0,0.0,8000.0,2.0,,,,,,,,
METAR WALS 281330Z VRB01KT 6000 FEW020 25/25 Q1010 NOSIG,WALS,2026-07-28 13:30:00,0,,1.0,,6000.0,,FEW,2000.0,,,,,,,,0,25.0,25.0,1010.0,0,0,,,0.0,0.0,6000.0,1.0,,8000.0,0.0,0.0,5000.0,1.0,,6500.0,0.0,0.0,1400.0,1.0,,6500.0,,,,,,,0.0,0.0,7000.0,3.0,,2100.0
METAR WALS 281500Z AUTO 19001KT 6000 SCT018 OVC080 25/25 Q1011,WALS,2026-07-28 15:00:00,1,190.0,1.0,,6000.0,,SCT,1800.0,,OVC,8000.0,,,,,0,25.0,25.0,1011.0,0,0,,8000.0,0.0,0.0,5000.0,1.0,,6500.0,0.0,0.0,5000.0,0.0,,6500.0,0.0,0.0,500.0,3.0,,200.0,0.0,0.0,10000.0,3.0,,,0.0,0.0,6000.0,1.0,,2600.0
METAR WALS 281530Z AUTO VRB01KT 5000 SCT065 OVC090 25/25 Q1011,WALS,2026-07-28 15:30:00,1,,1.0,,5000.0,,SCT,6500.0,,OVC,9000.0,,,,,0,25.0,25.0,1011.0,0,0,,9000.0,0.0,0.0,5000.0,1.0,,6500.0,0.0,0.0,4100.0,1.0,,7000.0,0.0,0.0,900.0,1.0,,100.0,0.0,0.0,10000.0,3.0,,,0.0,0.0,4000.0,1.0,,2000.0
METAR WALS 281600Z AUTO VRB01KT 5000 FEW055 BKN065 OVC090 25/25 Q1011,WALS,2026-07-28 16:00:00,1,,1.0,,5000.0,,FEW,5500.0,,BKN,6500.0,,OVC,9000.0,,0,25.0,25.0,1011.0,0,0,,6500.0,0.0,0.0,3100.0,0.0,,7000.0,0.0,0.0,1200.0,0.0,,7000.0,0.0,0.0,550.0,1.0,,200.0,0.0,0.0,10000.0,3.0,,,0.0,0.0,4500.0,1.0,,2600.0
METAR WALS 281700Z AUTO 00000KT 3100 BR OVC070 25/25 Q1010,WALS,2026-07-28 17:00:00,1,0.0,0.0,,3100.0,"('', None, '', 'BR', None)",OVC,7000.0,,,,,,,,0,25.0,25.0,1010.0,0,0,,7000.0,0.0,0.0,5000.0,0.0,,6500.0,0.0,0.0,3000.0,1.0,,6500.0,0.0,0.0,100.0,1.0,,200.0,,,,,,,0.0,0.0,550.0,2.0,,100.0
METAR WALS 281730Z AUTO 00000KT 5000 OVC065 25/25 Q1010,WALS,2026-07-28 17:30:00,1,0.0,0.0,,5000.0,,OVC,6500.0,,,,,,,,0,25.0,25.0,1010.0,0,0,,6500.0,0.0,0.0,4100.0,1.0,,7000.0,0.0,0.0,3900.0,1.0,,6500.0,0.0,0.0,6000.0,1.0,,,,,,,,,0.0,0.0,4000.0,1.0,,2200.0
METAR WALS 281830Z AUTO VRB01KT 4100 BR OVC070 25/25 Q1010,WALS,2026-07-28 18:30:00,1,,1.0,,4100.0,"('', None, '', 'BR', None)",OVC,7000.0,,,,,,,,0,25.0,25.0,1010.0,0,0,,7000.0,0.0,0.0,1400.0,1.0,,6500.0,0.0,0.0,900.0,1.0,,100.0,0.0,0.0,8000.0,2.0,,,0.0,0.0,10000.0,3.0,,,0.0,0.0,350.0,2.0,,200.0
METAR WALS 281900Z AUTO 00000KT 1200 R04/P2000D R22/1700U BR OVC070 25/25 Q1009,WALS,2026-07-28 19:00:00,1,0.0,0.0,,1200.0,"('', None, '', 'BR', None)",OVC,7000.0,,,,,,,,0,25.0,25.0,1009.0,0,0,,7000.0,0.0,0.0,3000.0,1.0,,6500.0,0.0,0.0,550.0,1.0,,200.0,0.0,0.0,8000.0,2.0,,,0.0,0.0,10000.0,3.0,,,0.0,0.0,450.0,2.0,,100.0
METAR WALS 281930Z AUTO VRB01KT 1400 R04/P2000U R22/1800D BR OVC065 24/24 Q1009,WALS,2026-07-28 19:30:00,1,,1.0,,1400.0,"('', None, '', 'BR', None)",OVC,6500.0,,,,,,,,0,24.0,24.0,1009.0,0,0,,6500.0,0.0,0.0,3900.0,1.0,,6500.0,0.0,0.0,100.0,1.0,,200.0,,,,,,,0.0,0.0,10000.0,3.0,,,0.0,0.0,550.0,1.0,,200.0
METAR WALS 282000Z AUTO 36001KT 3000 BR OVC065 24/24 Q1009,WALS,2026-07-28 20:00:00,1,360.0,1.0,,3000.0,"('', None, '', 'BR', None)",OVC,6500.0,,,,,,,,0,24.0,24.0,1009.0,0,0,,6500.0,0.0,0.0,500.0,3.0,,200.0,0.0,0.0,100.0,1.0,,200.0,,,,,,,,,,,,,0.0,0.0,900.0,1.0,,2100.0
METAR WALS 282030Z AUTO 15001KT 3900 BR OVC065 24/24 Q1009,WALS,2026-07-28 20:30:00,1,150.0,1.0,,3900.0,"('', None, '', 'BR', None)",OVC,6500.0,,,,,,,,0,24.0,24.0,1009.0,0,0,,6500.0,0.0,0.0,900.0,1.0,,100.0,0.0,0.0,6000.0,1.0,,,0.0,0.0,10000.0,3.0,,,0.0,0.0,10000.0,3.0,,,0.0,0.0,450.0,2.0,,200.0
METAR WALS 282100Z AUTO 36003KT 0500 R04/P2000U R22/0700N FG BKN002 OVC015 23/23 Q1009,WALS,2026-07-28 21:00:00,1,360.0,3.0,,500.0,"('', None, '', 'FG', None)",BKN,200.0,,OVC,1500.0,,,,,0,23.0,23.0,1009.0,0,0,,200.0,0.0,0.0,550.0,1.0,,200.0,0.0,0.0,6000.0,1.0,,,0.0,0.0,10000.0,3.0,,,0.0,0.0,10000.0,3.0,,,0.0,0.0,300.0,1.0,,200.0
METAR WALS 282130Z AUTO VRB01KT 0900 R04/1300N R22/1400N FG BKN001 OVC070 23/23 Q1010,WALS,2026-07-28 21:30:00,1,,1.0,,900.0,"('', None, '', 'FG', None)",BKN,100.0,,OVC,7000.0,,,,,0,23.0,23.0,1010.0,0,0,,100.0,0.0,0.0,100.0,1.0,,200.0,0.0,0.0,8000.0,2.0,,,0.0,0.0,10000.0,3.0,,,0.0,0.0,10000.0,1.0,,,0.0,0.0,5000.0,2.0,,200.0
METAR WALS 282200Z AUTO VRB01KT 0550 R04/1800D R22/0900N FG OVC002 24/24 Q1010,WALS,2026-07-28 22:00:00,1,,1.0,,550.0,"('', None, '', 'FG', None)",OVC,200.0,,,,,,,,0,24.0,24.0,1010.0,0,0,,200.0,0.0,0.0,100.0,1.0,,200.0,0.0,0.0,8000.0,2.0,,,0.0,0.0,10000.0,3.0,,,0.0,0.0,10000.0,2.0,,3400.0,0.0,0.0,3300.0,1.0,,1600.0
METAR WALS 282230Z AUTO VRB01KT 0100 R04/1200D R22/0300N FG OVC002 24/24 Q1010,WALS,2026-07-28 22:30:00,1,,1.0,,100.0,"('', None, '', 'FG', None)",OVC,200.0,,,,,,,,0,24.0,24.0,1010.0,0,0,,200.0,0.0,0.0,6000.0,1.0,,,,,,,,,0.0,0.0,10000.0,3.0,,,0.0,0.0,10000.0,2.0,,3400.0,0.0,0.0,3000.0,2.0,,
METAR WALS 290000Z VRB01KT 6000 FEW010 27/25 Q1011 NOSIG,WALS,2026-07-29 00:00:00,0,,1.0,,6000.0,,FEW,1000.0,,,,,,,,0,27.0,25.0,1011.0,0,0,,,0.0,0.0,8000.0,2.0,,,0.0,0.0,10000.0,3.0,,,0.0,0.0,10000.0,3.0,,,0.0,0.0,10000.0,1.0,,3000.0,,,,,,
METAR WALS 290030Z VRB02KT 8000 FEW010 28/26 Q1011 NOSIG,WALS,2026-07-29 00:30:00,0,,2.0,,8000.0,,FEW,1000.0,,,,,,,,0,28.0,26.0,1011.0,0,0,,,,,,,,,0.0,0.0,10000.0,3.0,,,0.0,0.0,10000.0,3.0,,,0.0,0.0,10000.0,1.0,,3000.0,0.0,0.0,10000.0,4.0,,
METAR WALS 290300Z VRB03KT 9999 SCT020 32/23 Q1011 NOSIG,WALS,2026-07-29 03:00:00,0,,3.0,,10000.0,,SCT,2000.0,,,,,,,,0,32.0,23.0,1011.0,0,0,,,0.0,0.0,10000.0,3.0,,,0.0,0.0,10000.0,3.0,,,0.0,0.0,10000.0,3.0,,,0.0,0.0,6000.0,1.0,,2600.0,,,,,,
METAR WALS 290330Z 24003KT 170V310 9999 SCT020 33/24 Q1010 NOSIG,WALS,2026-07-29 03:30:00,0,240.0,3.0,,10000.0,,SCT,2000.0,,,,,,,,0,33.0,24.0,1010.0,0,0,,,0.0,0.0,10000.0,3.0,,,0.0,0.0,10000.0,3.0,,,0.0,0.0,10000.0,1.0,,,0.0,0.0,4000.0,1.0,,2000.0,0.0,0.0,10000.0,4.0,,
METAR WALS 290400Z VRB03KT 9999 SCT020 32/24 Q1010 NOSIG,WALS,2026-07-29 04:00:00,0,,3.0,,10000.0,,SCT,2000.0,,,,,,,,0,32.0,24.0,1010.0,0,0,,,,,,,,,0.0,0.0,10000.0,3.0,,,0.0,0.0,10000.0,2.0,,3400.0,0.0,0.0,4500.0,1.0,,2600.0,0.0,0.0,10000.0,4.0,,
METAR WALS 290630Z 04003KT 360V100 9999 FEW020 30/25 Q1008 NOSIG,WALS,2026-07-29 06:30:00,0,40.0,3.0,,10000.0,,FEW,2000.0,,,,,,,,0,30.0,25.0,1008.0,0,0,,,0.0,0.0,10000.0,3.0,,,0.0,0.0,10000.0,1.0,,,0.0,0.0,10000.0,1.0,,3000.0,0.0,0.0,350.0,2.0,,200.0,0.0,0.0,10000.0,6.0,,
METAR WALS 290700Z 02003KT 320V100 9999 FEW020 33/25 Q1008 NOSIG,WALS,2026-07-29 07:00:00,0,20.0,3.0,,10000.0,,FEW,2000.0,,,,,,,,0,33.0,25.0,1008.0,0,0,,,,,,,,,0.0,0.0,10000.0,2.0,,3400.0,,,,,,,0.0,0.0,450.0,2.0,,100.0,0.0,0.0,10000.0,8.0,,
METAR WALS 290900Z 15003KT 100V200 9999 FEW018CB FEW020 29/25 Q1007 NOSIG RMK CB TO W,WALS,2026-07-29 09:00:00,0,150.0,3.0,,10000.0,,FEW,1800.0,CB,FEW,2000.0,,,,,1,29.0,25.0,1007.0,0,0,,,0.0,0.0,10000.0,2.0,,3400.0,0.0,0.0,10000.0,1.0,,3000.0,0.0,0.0,6000.0,1.0,,2600.0,0.0,0.0,300.0,1.0,,200.0,0.0,0.0,10000.0,3.0,,
METAR WALS 290930Z VRB01KT 9999 FEW018CB FEW020 29/26 Q1008 NOSIG RMK CB TO W,WALS,2026-07-29 09:30:00,0,,1.0,,10000.0,,FEW,1800.0,CB,FEW,2000.0,,,,,1,29.0,26.0,1008.0,0,0,,,0.0,0.0,10000.0,2.0,,3400.0,0.0,0.0,10000.0,1.0,,3000.0,0.0,0.0,4000.0,1.0,,2000.0,0.0,0.0,5000.0,2.0,,200.0,0.0,0.0,10000.0,3.0,,
METAR WALS 291000Z AUTO 12002KT 9999 BKN034 BKN042 BKN110 28/26 Q1008 NOSIG,WALS,2026-07-29 10:00:00,1,120.0,2.0,,10000.0,,BKN,3400.0,,BKN,4200.0,,BKN,11000.0,,0,28.0,26.0,1008.0,0,0,,3400.0,0.0,0.0,8000.0,1.0,,2900.0,,,,,,,0.0,0.0,4500.0,1.0,,2600.0,0.0,0.0,3300.0,1.0,,1600.0,0.0,1.0,10000.0,3.0,,
METAR WALS 291130Z AUTO VRB01KT 8000 FEW020 BKN029 OVC210 26/26 Q1008,WALS,2026-07-29 11:30:00,1,,1.0,,8000.0,,FEW,2000.0,,BKN,2900.0,,OVC,21000.0,,0,26.0,26.0,1008.0,0,0,,2900.0,0.0,0.0,10000.0,1.0,,3000.0,0.0,0.0,6000.0,1.0,,2600.0,0.0,0.0,4000.0,1.0,,2200.0,0.0,0.0,3000.0,1.0,,,0.0,0.0,10000.0,2.0,,2300.0
METAR WALS 291200Z AUTO VRB01KT 9999 SCT021 SCT026 BKN030 26/25 Q1009,WALS,2026-07-29 12:00:00,1,,1.0,,10000.0,,SCT,2100.0,,SCT,2600.0,,BKN,3000.0,,0,26.0,25.0,1009.0,0,0,,3000.0,,,,,,,0.0,0.0,6000.0,1.0,,2600.0,0.0,0.0,800.0,0.0,,200.0,,,,,,,0.0,0.0,10000.0,2.0,,3200.0
METAR WALS 291400Z AUTO 20003KT 7000 BKN021 OVC025 25/25 Q1010,WALS,2026-07-29 14:00:00,1,200.0,3.0,,7000.0,,BKN,2100.0,,OVC,2500.0,,,,,0,25.0,25.0,1010.0,0,0,,2100.0,0.0,0.0,6000.0,1.0,,2600.0,0.0,0.0,550.0,2.0,,100.0,0.0,0.0,900.0,1.0,,2100.0,0.0,0.0,10000.0,5.0,,,0.0,0.0,9000.0,0.0,,
METAR WALS 291430Z AUTO VRB01KT 6000 SCT021 OVC026 25/25 Q1011,WALS,2026-07-29 14:30:00,1,,1.0,,6000.0,,SCT,2100.0,,OVC,2600.0,,,,,0,25.0,25.0,1011.0,0,0,,2600.0,0.0,0.0,4000.0,1.0,,2000.0,0.0,0.0,4000.0,1.0,,2200.0,0.0,0.0,450.0,2.0,,200.0,,,,,,,0.0,0.0,10000.0,1.0,,10000.0
METAR WALS 291530Z AUTO VRB01KT 4000 BR BKN020 BKN026 OVC031 25/25 Q1011,WALS,2026-07-29 15:30:00,1,,1.0,,4000.0,"('', None, '', 'BR', None)",BKN,2000.0,,BKN,2600.0,,OVC,3100.0,,0,25.0,25.0,1011.0,0,0,,2000.0,0.0,0.0,4500.0,1.0,,2600.0,0.0,0.0,350.0,2.0,,200.0,0.0,0.0,5000.0,2.0,,200.0,0.0,0.0,10000.0,4.0,,,0.0,0.0,4700.0,2.0,,10000.0
METAR WALS 291600Z AUTO VRB01KT 4500 BR BKN026 OVC030 24/24 Q1011,WALS,2026-07-29 16:00:00,1,,1.0,,4500.0,"('', None, '', 'BR', None)",BKN,2600.0,,OVC,3000.0,,,,,0,24.0,24.0,1011.0,0,0,,2600.0,0.0,0.0,550.0,2.0,,100.0,0.0,0.0,450.0,2.0,,100.0,0.0,0.0,3300.0,1.0,,1600.0,0.0,0.0,10000.0,4.0,,,0.0,0.0,6000.0,2.0,,
METAR WALS 291700Z AUTO 18002KT 0550 R04/0800N R22/P2000D FG OVC001 24/24 Q1010,WALS,2026-07-29 17:00:00,1,180.0,2.0,,550.0,"('', None, '', 'FG', None)",OVC,100.0,,,,,,,,0,24.0,24.0,1010.0,0,0,,100.0,0.0,0.0,800.0,0.0,,200.0,0.0,0.0,900.0,1.0,,2100.0,0.0,0.0,3000.0,1.0,,,0.0,0.0,10000.0,5.0,,,0.0,0.0,5000.0,1.0,,
METAR WALS 291730Z AUTO VRB01KT 4000 BR SCT001 BKN022 OVC047 24/24 Q1010,WALS,2026-07-29 17:30:00,1,,1.0,,4000.0,"('', None, '', 'BR', None)",SCT,100.0,,BKN,2200.0,,OVC,4700.0,,0,24.0,24.0,1010.0,0,0,,2200.0,0.0,0.0,350.0,2.0,,200.0,0.0,0.0,450.0,2.0,,200.0,0.0,0.0,3000.0,1.0,,,,,,,,,0.0,0.0,4300.0,1.0,,1300.0
METAR WALS 291800Z AUTO 00000KT 0800 R04/P2000D R22/1200N FG BKN002 BKN015 OVC033 24/24 Q1010,WALS,2026-07-29 18:00:00,1,0.0,0.0,,800.0,"('', None, '', 'FG', None)",BKN,200.0,,BKN,1500.0,,OVC,3300.0,,0,24.0,24.0,1010.0,0,0,,200.0,0.0,0.0,450.0,2.0,,100.0,0.0,0.0,300.0,1.0,,200.0,,,,,,,0.0,0.0,10000.0,6.0,,,0.0,0.0,4300.0,1.0,,1300.0
METAR WALS 291830Z AUTO 04002KT 0350 R04/0750D R22/0550N FG OVC002 24/24 Q1010,WALS,2026-07-29 18:30:00,1,40.0,2.0,,350.0,"('', None, '', 'FG', None)",OVC,200.0,,,,,,,,0,24.0,24.0,1010.0,0,0,,200.0,0.0,0.0,550.0,1.0,,200.0,0.0,0.0,5000.0,2.0,,200.0,0.0,0.0,10000.0,4.0,,,0.0,0.0,10000.0,6.0,,,0.0,0.0,700.0,1.0,,200.0
METAR WALS 291900Z AUTO VRB02KT 0450 R04/0650N R22/P2000D FG OVC001 24/24 Q1010,WALS,2026-07-29 19:00:00,1,,2.0,,450.0,"('', None, '', 'FG', None)",OVC,100.0,,,,,,,,0,24.0,24.0,1010.0,0,0,,100.0,0.0,0.0,900.0,1.0,,2100.0,0.0,0.0,3300.0,1.0,,1600.0,0.0,0.0,10000.0,4.0,,,0.0,0.0,10000.0,8.0,,,0.0,0.0,500.0,1.0,,200.0
METAR WALS 291930Z AUTO VRB01KT 0550 R04/0800D R22/P2000D FG OVC002 23/23 Q1009,WALS,2026-07-29 19:30:00,1,,1.0,,550.0,"('', None, '', 'FG', None)",OVC,200.0,,,,,,,,0,23.0,23.0,1009.0,0,0,,200.0,0.0,0.0,450.0,2.0,,200.0,0.0,0.0,3000.0,2.0,,,0.0,0.0,10000.0,5.0,,,0.0,0.0,10000.0,8.0,,,0.0,0.0,500.0,1.0,,200.0
METAR WALS 292000Z AUTO VRB01KT 0900 R04/1300U R22/1900D FG SCT002 BKN021 OVC060 23/23 Q1009,WALS,2026-07-29 20:00:00,1,,1.0,,900.0,"('', None, '', 'FG', None)",SCT,200.0,,BKN,2100.0,,OVC,6000.0,,0,23.0,23.0,1009.0,0,0,,2100.0,0.0,0.0,300.0,1.0,,200.0,0.0,0.0,3000.0,1.0,,,0.0,0.0,10000.0,5.0,,,0.0,0.0,10000.0,8.0,,,0.0,0.0,350.0,2.0,,200.0
METAR WALS 292030Z AUTO VRB02KT 0450 R04/1600D R22/0650N FG OVC002 23/23 Q1009,WALS,2026-07-29 20:30:00,1,,2.0,,450.0,"('', None, '', 'FG', None)",OVC,200.0,,,,,,,,0,23.0,23.0,1009.0,0,0,,200.0,0.0,0.0,5000.0,2.0,,200.0,0.0,0.0,3000.0,1.0,,,,,,,,,,,,,,,0.0,0.0,500.0,2.0,,200.0
METAR WALS 292100Z AUTO VRB01KT 0300 R04/0450N R22/P2000U FG OVC002 23/23 Q1010,WALS,2026-07-29 21:00:00,1,,1.0,,300.0,"('', None, '', 'FG', None)",OVC,200.0,,,,,,,,0,23.0,23.0,1010.0,0,0,,200.0,0.0,0.0,3300.0,1.0,,1600.0,,,,,,,,,,,,,0.0,0.0,10000.0,3.0,,,0.0,0.0,300.0,1.0,,200.0
METAR WALS 292130Z AUTO VRB02KT 5000 BKN002 BKN016 OVC027 23/23 Q1010,WALS,2026-07-29 21:30:00,1,,2.0,,5000.0,,BKN,200.0,,BKN,1600.0,,OVC,2700.0,,0,23.0,23.0,1010.0,0,0,,200.0,0.0,0.0,3000.0,2.0,,,0.0,0.0,10000.0,4.0,,,0.0,0.0,10000.0,4.0,,,0.0,0.0,10000.0,3.0,,,0.0,0.0,250.0,1.0,,200.0
METAR WALS 292200Z AUTO VRB01KT 3300 BR SCT003 OVC016 23/23 Q1010,WALS,2026-07-29 22:00:00,1,,1.0,,3300.0,"('', None, '', 'BR', None)",SCT,300.0,,OVC,1600.0,,,,,0,23.0,23.0,1010.0,0,0,,1600.0,0.0,0.0,3000.0,1.0,,,0.0,0.0,10000.0,4.0,,,0.0,0.0,10000.0,4.0,,,0.0,1.0,10000.0,3.0,,,0.0,0.0,150.0,1.0,,200.0
METAR WALS 292230Z VRB02KT 3000 BR SCT020 23/23 Q1011 NOSIG,WALS,2026-07-29 22:30:00,0,,2.0,,3000.0,"('', None, '', 'BR', None)",SCT,2000.0,,,,,,,,0,23.0,23.0,1011.0,0,0,,,0.0,0.0,3000.0,1.0,,,0.0,0.0,10000.0,5.0,,,0.0,0.0,10000.0,5.0,,,0.0,1.0,10000.0,3.0,,,0.0,0.0,300.0,1.0,,800.0
METAR WALS 292300Z VRB01KT 3000 R04/P2000 R22/1400 BR FEW018CB SCT020 23/23 Q1011 NOSIG RMK CB TO S,WALS,2026-07-29 23:00:00,0,,1.0,,3000.0,"('', None, '', 'BR', None)",FEW,1800.0,CB,SCT,2000.0,,,,,1,23.0,23.0,1011.0,0,0,,,,,,,,,0.0,0.0,10000.0,5.0,,,0.0,0.0,10000.0,5.0,,,0.0,0.0,10000.0,2.0,,2300.0,0.0,0.0,100.0,0.0,,800.0
METAR WALS 300100Z 24004KT 240V330 9999 FEW017 27/25 Q1011 NOSIG,WALS,2026-07-30 01:00:00,0,240.0,4.0,,10000.0,,FEW,1700.0,,,,,,,,0,27.0,25.0,1011.0,0,0,,,0.0,0.0,10000.0,5.0,,,0.0,0.0,10000.0,4.0,,,0.0,0.0,10000.0,8.0,,,,,,,,,0.0,0.0,10000.0,4.0,,
METAR WALS 300130Z 27005KT 240V300 9999 SCT017 28/25 Q1011 NOSIG,WALS,2026-07-30 01:30:00,0,270.0,5.0,,10000.0,,SCT,1700.0,,,,,,,,0,28.0,25.0,1011.0,0,0,,,,,,,,,0.0,0.0,10000.0,5.0,,,0.0,0.0,10000.0,8.0,,,0.0,0.0,9000.0,0.0,,,0.0,0.0,10000.0,5.0,,
METAR WALS 300400Z 22004KT 180V260 9999 SCT018 32/24 Q1010 NOSIG,WALS,2026-07-30 04:00:00,0,220.0,4.0,,10000.0,,SCT,1800.0,,,,,,,,0,32.0,24.0,1010.0,0,0,,,0.0,0.0,10000.0,5.0,,,0.0,0.0,10000.0,8.0,,,0.0,1.0,10000.0,3.0,,,0.0,0.0,6000.0,2.0,,,,,,,,
METAR WALS 300430Z 29005KT 220V010 9999 SCT020 33/24 Q1009 NOSIG,WALS,2026-07-30 04:30:00,0,290.0,5.0,,10000.0,,SCT,2000.0,,,,,,,,0,33.0,24.0,1009.0,0,0,,,,,,,,,0.0,0.0,10000.0,8.0,,,0.0,1.0,10000.0,3.0,,,0.0,0.0,6000.0,2.0,,,0.0,0.0,10000.0,4.0,,
METAR WALS 300630Z 23006KT 9999 SCT020 33/24 Q1008 NOSIG,WALS,2026-07-30 06:30:00,0,230.0,6.0,,10000.0,,SCT,2000.0,,,,,,,,0,33.0,24.0,1008.0,0,0,,,0.0,0.0,10000.0,8.0,,,0.0,0.0,10000.0,3.0,,,0.0,0.0,10000.0,2.0,,3200.0,0.0,0.0,700.0,1.0,,200.0,,,,,,
METAR WALS 300700Z 20008KT 140V240 9999 SCT020 32/25 Q1007 NOSIG,WALS,2026-07-30 07:00:00,0,200.0,8.0,,10000.0,,SCT,2000.0,,,,,,,,0,32.0,25.0,1007.0,0,0,,,0.0,0.0,10000.0,8.0,,,0.0,1.0,10000.0,3.0,,,,,,,,,0.0,0.0,500.0,1.0,,200.0,0.0,0.0,10000.0,9.0,,
METAR WALS 300730Z 17008KT 130V210 9999 FEW018CB SCT020 31/25 Q1007 NOSIG RMK CB TO N,WALS,2026-07-30 07:30:00,0,170.0,8.0,,10000.0,,FEW,1800.0,CB,SCT,2000.0,,,,,1,31.0,25.0,1007.0,0,0,,,,,,,,,0.0,1.0,10000.0,3.0,,,0.0,0.0,9000.0,0.0,,,0.0,0.0,500.0,1.0,,200.0,0.0,0.0,10000.0,9.0,,
METAR WALS 300930Z 20003KT 150V280 9999 FEW018CB 29/24 Q1007 NOSIG RMK CB TO N,WALS,2026-07-30 09:30:00,0,200.0,3.0,,10000.0,,FEW,1800.0,CB,,,,,,,1,29.0,24.0,1007.0,0,0,,,0.0,1.0,10000.0,3.0,,,0.0,0.0,10000.0,2.0,,3200.0,0.0,0.0,4700.0,2.0,,10000.0,0.0,0.0,250.0,1.0,,200.0,,,,,,
METAR WALS 301000Z 19003KT 140V230 9999 VCTS FEW018CB 29/25 Q1008 NOSIG RMK CB TO NW,WALS,2026-07-30 10:00:00,0,190.0,3.0,,10000.0,"('VC', 'TS', '', None, None)",FEW,1800.0,CB,,,,,,,1,29.0,25.0,1008.0,0,1,VC,,0.0,0.0,10000.0,2.0,,2300.0,,,,,,,0.0,0.0,6000.0,2.0,,,0.0,0.0,150.0,1.0,,200.0,0.0,0.0,10000.0,4.0,,
METAR WALS 301130Z AUTO VRB02KT 9999 SCT017 BKN023 OVC047 26/25 Q1009,WALS,2026-07-30 11:30:00,1,,2.0,,10000.0,,SCT,1700.0,,BKN,2300.0,,OVC,4700.0,,0,26.0,25.0,1009.0,0,0,,2300.0,0.0,0.0,10000.0,2.0,,3200.0,0.0,0.0,10000.0,1.0,,10000.0,0.0,0.0,4300.0,1.0,,1300.0,0.0,0.0,100.0,0.0,,800.0,0.0,0.0,10000.0,2.0,,4400.0
METAR WALS 301200Z AUTO VRB02KT 9999 FEW019 SCT023 BKN032 26/25 Q1009,WALS,2026-07-30 12:00:00,1,,2.0,,10000.0,,FEW,1900.0,,SCT,2300.0,,BKN,3200.0,,0,26.0,25.0,1009.0,0,0,,3200.0,,,,,,,0.0,0.0,10000.0,1.0,,10000.0,0.0,0.0,4300.0,1.0,,1300.0,,,,,,,0.0,0.0,10000.0,1.0,,1900.0
METAR WALS 301400Z AUTO 00000KT 9000 SCT020 SCT031 25/24 Q1011,WALS,2026-07-30 14:00:00,1,0.0,0.0,,9000.0,,SCT,2000.0,,SCT,3100.0,,,,,0,25.0,24.0,1011.0,0,0,,,0.0,0.0,10000.0,1.0,,10000.0,0.0,0.0,5000.0,1.0,,,0.0,0.0,350.0,2.0,,200.0,0.0,0.0,10000.0,6.0,,,0.0,0.0,8000.0,2.0,,4500.0
METAR WALS 301430Z AUTO VRB01KT 9999 FEW020 BKN100 25/24 Q1011,WALS,2026-07-30 14:30:00,1,,1.0,,10000.0,,FEW,2000.0,,BKN,10000.0,,,,,0,25.0,24.0,1011.0,0,0,,10000.0,0.0,0.0,4700.0,2.0,,10000.0,0.0,0.0,4300.0,1.0,,1300.0,0.0,0.0,500.0,2.0,,200.0,0.0,0.0,10000.0,6.0,,,0.0,0.0,8000.0,2.0,,4500.0
METAR WALS 301530Z AUTO VRB02KT 4700 BR FEW013 SCT018 BKN100 24/24 Q1011,WALS,2026-07-30 15:30:00,1,,2.0,,4700.0,"('', None, '', 'BR', None)",FEW,1300.0,,SCT,1800.0,,BKN,10000.0,,0,24.0,24.0,1011.0,0,0,,10000.0,0.0,0.0,6000.0,2.0,,,0.0,0.0,700.0,1.0,,200.0,0.0,0.0,250.0,1.0,,200.0,,,,,,,0.0,0.0,3900.0,1.0,,
METAR WALS 301600Z AUTO 06002KT 6000 SCT017 SCT021 24/24 Q1011,WALS,2026-07-30 16:00:00,1,60.0,2.0,,6000.0,,SCT,1700.0,,SCT,2100.0,,,,,0,24.0,24.0,1011.0,0,0,,,0.0,0.0,5000.0,1.0,,,0.0,0.0,500.0,1.0,,200.0,0.0,0.0,150.0,1.0,,200.0,,,,,,,0.0,0.0,3900.0,1.0,,
METAR WALS 301700Z AUTO 36001KT 5000 NCD 24/24 Q1011,WALS,2026-07-30 17:00:00,1,360.0,1.0,,5000.0,,NCD,,,,,,,,,0,24.0,24.0,1011.0,0,0,,,0.0,0.0,4300.0,1.0,,1300.0,0.0,0.0,350.0,2.0,,200.0,0.0,0.0,100.0,0.0,,800.0,0.0,0.0,10000.0,4.0,,,0.0,0.0,900.0,1.0,,1400.0
METAR WALS 301730Z AUTO 18001KT 4300 BR BKN013 BKN023 24/23 Q1010,WALS,2026-07-30 17:30:00,1,180.0,1.0,,4300.0,"('', None, '', 'BR', None)",BKN,1300.0,,BKN,2300.0,,,,,0,24.0,23.0,1010.0,0,0,,1300.0,0.0,0.0,700.0,1.0,,200.0,0.0,0.0,500.0,2.0,,200.0,0.0,0.0,100.0,0.0,,800.0,0.0,0.0,10000.0,4.0,,,0.0,0.0,900.0,1.0,,1400.0
METAR WALS 301830Z AUTO VRB01KT 0700 R04/P2000U R22/1000N FG OVC002 23/23 Q1010,WALS,2026-07-30 18:30:00,1,,1.0,,700.0,"('', None, '', 'FG', None)",OVC,200.0,,,,,,,,0,23.0,23.0,1010.0,0,0,,200.0,0.0,0.0,500.0,1.0,,200.0,0.0,0.0,250.0,1.0,,200.0,0.0,0.0,10000.0,4.0,,,,,,,,,0.0,0.0,500.0,2.0,,200.0
METAR WALS 301900Z AUTO 36001KT 0500 R04/1800D R22/0750N FG BKN002 BKN029 23/23 Q1010,WALS,2026-07-30 19:00:00,1,360.0,1.0,,500.0,"('', None, '', 'FG', None)",BKN,200.0,,BKN,2900.0,,,,,0,23.0,23.0,1010.0,0,0,,200.0,0.0,0.0,350.0,2.0,,200.0,0.0,0.0,150.0,1.0,,200.0,0.0,0.0,10000.0,4.0,,,0.0,0.0,10000.0,9.0,,,0.0,0.0,500.0,2.0,,200.0
METAR WALS 302000Z AUTO 06002KT 0350 R04/P2000D R22/0550N FG OVC002 23/23 Q1010,WALS,2026-07-30 20:00:00,1,60.0,2.0,,350.0,"('', None, '', 'FG', None)",OVC,200.0,,,,,,,,0,23.0,23.0,1010.0,0,0,,200.0,0.0,0.0,300.0,1.0,,200.0,0.0,0.0,100.0,0.0,,800.0,0.0,0.0,10000.0,6.0,,,0.0,0.0,10000.0,6.0,,,0.0,0.0,500.0,1.0,,200.0
METAR WALS 302030Z AUTO 06002KT 0500 R04/P2000D R22/0750N FG OVC002 23/23 Q1010,WALS,2026-07-30 20:30:00,1,60.0,2.0,,500.0,"('', None, '', 'FG', None)",OVC,200.0,,,,,,,,0,23.0,23.0,1010.0,0,0,,200.0,0.0,0.0,250.0,1.0,,200.0,0.0,0.0,100.0,0.0,,800.0,0.0,0.0,10000.0,6.0,,,0.0,0.0,10000.0,7.0,,,0.0,0.0,400.0,2.0,,100.0
METAR WALS 302100Z AUTO VRB01KT 0300 R04/0500N R22/0450N FG OVC002 23/23 Q1010,WALS,2026-07-30 21:00:00,1,,1.0,,300.0,"('', None, '', 'FG', None)",OVC,200.0,,,,,,,,0,23.0,23.0,1010.0,0,0,,200.0,0.0,0.0,150.0,1.0,,200.0,,,,,,,,,,,,,0.0,0.0,10000.0,7.0,,,0.0,0.0,800.0,1.0,,200.0
METAR WALS 302130Z AUTO VRB01KT 0250 R04/0375N R22/0450N FG OVC002 22/22 Q1010,WALS,2026-07-30 21:30:00,1,,1.0,,250.0,"('', None, '', 'FG', None)",OVC,200.0,,,,,,,,0,22.0,22.0,1010.0,0,0,,200.0,0.0,0.0,300.0,1.0,,800.0,0.0,0.0,10000.0,4.0,,,,,,,,,,,,,,,0.0,0.0,600.0,2.0,,200.0
METAR WALS 302200Z AUTO 02001KT 0150 R04/0600N R22/0300N FG OVC002 22/22 Q1010,WALS,2026-07-30 22:00:00,1,20.0,1.0,,150.0,"('', None, '', 'FG', None)",OVC,200.0,,,,,,,,0,22.0,22.0,1010.0,0,0,,200.0,0.0,0.0,100.0,0.0,,800.0,0.0,0.0,10000.0,4.0,,,,,,,,,0.0,0.0,10000.0,4.0,,,0.0,0.0,350.0,1.0,,200.0
METAR WALS 302230Z VRB01KT 0300 FG BKN008 22/22 Q1010 BECMG TL2400 9000 NSW,WALS,2026-07-30 22:30:00,0,,1.0,,300.0,"('', None, '', 'FG', None)",BKN,800.0,,,,,,,,0,22.0,22.0,1010.0,0,0,,800.0,0.0,0.0,100.0,0.0,,800.0,0.0,0.0,10000.0,5.0,,,0.0,0.0,10000.0,4.0,,,0.0,0.0,10000.0,4.0,,,0.0,0.0,350.0,1.0,,200.0
METAR WALS 302300Z 00000KT 0100 FG BKN008 23/23 Q1010 BECMG TL2400 8000 NSW,WALS,2026-07-30 23:00:00,0,0.0,0.0,,100.0,"('', None, '', 'FG', None)",BKN,800.0,,,,,,,,0,23.0,23.0,1010.0,0,0,,800.0,,,,,,,0.0,0.0,10000.0,6.0,,,0.0,0.0,10000.0,4.0,,,0.0,0.0,10000.0,2.0,,4400.0,0.0,0.0,100.0,1.0,,200.0
METAR WALS 310100Z 23004KT 170V270 9999 SCT015 29/26 Q1011 NOSIG,WALS,2026-07-31 01:00:00,0,230.0,4.0,,10000.0,,SCT,1500.0,,,,,,,,0,29.0,26.0,1011.0,0,0,,,0.0,0.0,10000.0,6.0,,,,,,,,,0.0,0.0,10000.0,9.0,,,0.0,0.0,10000.0,2.0,,,0.0,0.0,10000.0,5.0,,
METAR WALS 310130Z 23005KT 190V270 9999 SCT015 30/25 Q1011 NOSIG,WALS,2026-07-31 01:30:00,0,230.0,5.0,,10000.0,,SCT,1500.0,,,,,,,,0,30.0,25.0,1011.0,0,0,,,0.0,0.0,10000.0,6.0,,,0.0,0.0,10000.0,4.0,,,0.0,0.0,10000.0,9.0,,,0.0,0.0,10000.0,2.0,,,0.0,0.0,10000.0,5.0,,
METAR WALS 310200Z 20006KT 140V240 9999 SCT018 30/25 Q1011 NOSIG,WALS,2026-07-31 02:00:00,0,200.0,6.0,,10000.0,,SCT,1800.0,,,,,,,,0,30.0,25.0,1011.0,0,0,,,,,,,,,0.0,0.0,10000.0,4.0,,,0.0,0.0,10000.0,6.0,,,0.0,0.0,8000.0,2.0,,4500.0,0.0,0.0,10000.0,6.0,,
METAR WALS 310500Z 20004KT 140V260 9999 SCT020 34/24 Q1009 NOSIG,WALS,2026-07-31 05:00:00,0,200.0,4.0,,10000.0,,SCT,2000.0,,,,,,,,0,34.0,24.0,1009.0,0,0,,,0.0,0.0,10000.0,4.0,,,0.0,0.0,10000.0,6.0,,,0.0,0.0,10000.0,2.0,,4400.0,0.0,0.0,900.0,1.0,,1400.0,0.0,0.0,10000.0,5.0,,2000.0
METAR WALS 310530Z 21004KT 130V300 9999 SCT020 34/24 Q1008 NOSIG,WALS,2026-07-31 05:30:00,0,210.0,4.0,,10000.0,,SCT,2000.0,,,,,,,,0,34.0,24.0,1008.0,0,0,,,,,,,,,0.0,0.0,10000.0,7.0,,,0.0,0.0,10000.0,2.0,,4400.0,0.0,0.0,900.0,1.0,,1400.0,0.0,0.0,10000.0,4.0,,2000.0
METAR WALS 310730Z 15009KT 120V190 9999 SCT018 32/25 Q1007 NOSIG,WALS,2026-07-31 07:30:00,0,150.0,9.0,,10000.0,,SCT,1800.0,,,,,,,,0,32.0,25.0,1007.0,0,0,,,0.0,0.0,10000.0,7.0,,,0.0,0.0,10000.0,4.0,,,0.0,0.0,10000.0,2.0,,,0.0,0.0,500.0,1.0,,200.0,0.0,0.0,10000.0,5.0,,
METAR WALS 310800Z 17006KT 120V220 9999 SCT018 32/25 Q1007 NOSIG,WALS,2026-07-31 08:00:00,0,170.0,6.0,,10000.0,,SCT,1800.0,,,,,,,,0,32.0,25.0,1007.0,0,0,,,0.0,0.0,10000.0,7.0,,,0.0,0.0,10000.0,2.0,,4400.0,0.0,0.0,8000.0,2.0,,4500.0,0.0,0.0,500.0,1.0,,200.0,0.0,0.0,10000.0,6.0,,
METAR WALS 310830Z 16007KT 130V200 9999 SCT018 30/25 Q1007 NOSIG,WALS,2026-07-31 08:30:00,0,160.0,7.0,,10000.0,,SCT,1800.0,,,,,,,,0,30.0,25.0,1007.0,0,0,,,,,,,,,0.0,0.0,10000.0,2.0,,4400.0,0.0,0.0,8000.0,2.0,,4500.0,0.0,0.0,400.0,2.0,,100.0,0.0,0.0,10000.0,6.0,,
METAR WALS 311030Z AUTO 20004KT 170V230 9999 FEW043 FEW050 28/25 Q1008,WALS,2026-07-31 10:30:00,1,200.0,4.0,,10000.0,,FEW,4300.0,,FEW,5000.0,,,,,0,28.0,25.0,1008.0,0,0,,,0.0,0.0,10000.0,2.0,,4400.0,0.0,0.0,10000.0,2.0,,,0.0,0.0,1100.0,1.0,,1400.0,0.0,0.0,350.0,1.0,,200.0,0.0,0.0,10000.0,2.0,,
METAR WALS 311100Z AUTO VRB02KT 9999 FEW022 BKN044 BKN050 28/25 Q1008,WALS,2026-07-31 11:00:00,1,,2.0,,10000.0,,FEW,2200.0,,BKN,4400.0,,BKN,5000.0,,0,28.0,25.0,1008.0,0,0,,4400.0,0.0,0.0,10000.0,1.0,,1900.0,0.0,0.0,8000.0,2.0,,4500.0,0.0,0.0,900.0,1.0,,1400.0,0.0,0.0,100.0,1.0,,200.0,0.0,0.0,10000.0,2.0,,4500.0
METAR WALS 311230Z AUTO VRB01KT 9999 BKN019 BKN025 26/25 Q1009,WALS,2026-07-31 12:30:00,1,,1.0,,10000.0,,BKN,1900.0,,BKN,2500.0,,,,,0,26.0,25.0,1009.0,0,0,,1900.0,0.0,0.0,10000.0,2.0,,,0.0,0.0,3900.0,1.0,,,0.0,0.0,500.0,2.0,,200.0,,,,,,,0.0,0.0,10000.0,2.0,,3100.0
METAR WALS 311300Z AUTO 36002KT 9999 SCT020 26/25 Q1010,WALS,2026-07-31 13:00:00,1,360.0,2.0,,10000.0,,SCT,2000.0,,,,,,,,0,26.0,25.0,1010.0,0,0,,,0.0,0.0,8000.0,2.0,,4500.0,0.0,0.0,3900.0,1.0,,,0.0,0.0,500.0,2.0,,200.0,0.0,0.0,10000.0,5.0,,,0.0,0.0,10000.0,2.0,,3700.0
METAR WALS 311430Z AUTO 10002KT 8000 FEW022 SCT036 BKN045 25/25 Q1011,WALS,2026-07-31 14:30:00,1,100.0,2.0,,8000.0,,FEW,2200.0,,SCT,3600.0,,BKN,4500.0,,0,25.0,25.0,1011.0,0,0,,4500.0,0.0,0.0,3900.0,1.0,,,0.0,0.0,900.0,1.0,,1400.0,0.0,0.0,400.0,2.0,,100.0,0.0,0.0,10000.0,6.0,,,0.0,0.0,5000.0,1.0,,
METAR WALS 311500Z AUTO VRB01KT 4400 BR FEW035 SCT048 SCT055 24/24 Q1011,WALS,2026-07-31 15:00:00,1,,1.0,,4400.0,"('', None, '', 'BR', None)",FEW,3500.0,,SCT,4800.0,,SCT,5500.0,,0,24.0,24.0,1011.0,0,0,,,0.0,0.0,3900.0,1.0,,,0.0,0.0,600.0,2.0,,1600.0,0.0,0.0,800.0,1.0,,200.0,,,,,,,0.0,0.0,5000.0,1.0,,
METAR WALS 311530Z AUTO 28001KT 3900 BR NCD 24/24 Q1011,WALS,2026-07-31 15:30:00,1,280.0,1.0,,3900.0,"('', None, '', 'BR', None)",NCD,,,,,,,,,0,24.0,24.0,1011.0,0,0,,,0.0,0.0,1100.0,1.0,,1400.0,0.0,0.0,500.0,2.0,,200.0,0.0,0.0,600.0,2.0,,200.0,,,,,,,0.0,0.0,1200.0,1.0,,3100.0
METAR WALS 311630Z AUTO VRB01KT 1100 R04/P2000D R22/1600N BR BKN014 BKN055 24/24 Q1010,WALS,2026-07-31 16:30:00,1,,1.0,,1100.0,"('', None, '', 'BR', None)",BKN,1400.0,,BKN,5500.0,,,,,0,24.0,24.0,1010.0,0,0,,1400.0,0.0,0.0,900.0,1.0,,1400.0,0.0,0.0,500.0,1.0,,200.0,0.0,0.0,350.0,1.0,,200.0,0.0,0.0,10000.0,3.0,,2000.0,0.0,0.0,3000.0,0.0,,200.0
METAR WALS 311700Z AUTO VRB01KT 0900 R04/P2000D R22/1100D FG SCT002 BKN014 OVC045 24/24 Q1010,WALS,2026-07-31 17:00:00,1,,1.0,,900.0,"('', None, '', 'FG', None)",SCT,200.0,,BKN,1400.0,,OVC,4500.0,,0,24.0,24.0,1010.0,0,0,,1400.0,0.0,0.0,600.0,2.0,,1600.0,0.0,0.0,500.0,1.0,,200.0,0.0,0.0,100.0,1.0,,200.0,0.0,0.0,10000.0,5.0,,2000.0,0.0,0.0,600.0,1.0,,200.0
METAR WALS 311800Z AUTO 19002KT 0600 R04/0800N R22/P2000N FG BKN016 BKN044 OVC050 23/23 Q1010,WALS,2026-07-31 18:00:00,1,190.0,2.0,,600.0,"('', None, '', 'FG', None)",BKN,1600.0,,BKN,4400.0,,OVC,5000.0,,0,23.0,23.0,1010.0,0,0,,1600.0,0.0,0.0,500.0,2.0,,200.0,0.0,0.0,800.0,1.0,,200.0,0.0,0.0,700.0,1.0,,,0.0,0.0,10000.0,4.0,,2000.0,0.0,0.0,250.0,1.0,,200.0
METAR WALS 311830Z AUTO VRB02KT 0500 R04/1600D R22/0750N FG OVC002 23/23 Q1010,WALS,2026-07-31 18:30:00,1,,2.0,,500.0,"('', None, '', 'FG', None)",OVC,200.0,,,,,,,,0,23.0,23.0,1010.0,0,0,,200.0,0.0,0.0,500.0,1.0,,200.0,0.0,0.0,600.0,2.0,,200.0,,,,,,,0.0,0.0,10000.0,5.0,,,0.0,0.0,250.0,1.0,,200.0
METAR WALS 311930Z AUTO VRB01KT 0500 R04/1100U R22/0750N FG BKN002 BKN015 BKN031 23/23 Q1009,WALS,2026-07-31 19:30:00,1,,1.0,,500.0,"('', None, '', 'FG', None)",BKN,200.0,,BKN,1500.0,,BKN,3100.0,,0,23.0,23.0,1009.0,0,0,,200.0,0.0,0.0,400.0,2.0,,100.0,0.0,0.0,350.0,1.0,,200.0,0.0,0.0,10000.0,5.0,,,0.0,0.0,10000.0,5.0,,,0.0,0.0,350.0,0.0,,200.0
METAR WALS 312000Z AUTO VRB01KT 0500 R04/1700D R22/0750D FG OVC002 23/23 Q1009,WALS,2026-07-31 20:00:00,1,,1.0,,500.0,"('', None, '', 'FG', None)",OVC,200.0,,,,,,,,0,23.0,23.0,1009.0,0,0,,200.0,0.0,0.0,800.0,1.0,,200.0,0.0,0.0,100.0,1.0,,200.0,0.0,0.0,10000.0,6.0,,,0.0,0.0,10000.0,6.0,,,0.0,0.0,350.0,1.0,,200.0
METAR WALS 312030Z AUTO 20002KT 0400 R04/0550N R22/1000U FG OVC001 23/23 Q1009,WALS,2026-07-31 20:30:00,1,200.0,2.0,,400.0,"('', None, '', 'FG', None)",OVC,100.0,,,,,,,,0,23.0,23.0,1009.0,0,0,,100.0,0.0,0.0,600.0,2.0,,200.0,0.0,0.0,700.0,1.0,,,0.0,0.0,10000.0,6.0,,,0.0,0.0,10000.0,6.0,,,0.0,0.0,400.0,1.0,,200.0
METAR WALS 312100Z AUTO VRB01KT 0800 R04/1300U R22/1200U FG OVC002 23/23 Q1009,WALS,2026-07-31 21:00:00,1,,1.0,,800.0,"('', None, '', 'FG', None)",OVC,200.0,,,,,,,,0,23.0,23.0,1009.0,0,0,,200.0,0.0,0.0,350.0,1.0,,200.0,0.0,0.0,700.0,1.0,,,,,,,,,0.0,0.0,10000.0,5.0,,,0.0,0.0,300.0,2.0,,200.0
METAR WALS 312130Z AUTO VRB02KT 0600 R04/1000U R22/0800N FG OVC002 23/23 Q1009,WALS,2026-07-31 21:30:00,1,,2.0,,600.0,"('', None, '', 'FG', None)",OVC,200.0,,,,,,,,0,23.0,23.0,1009.0,0,0,,200.0,0.0,0.0,350.0,1.0,,200.0,,,,,,,,,,,,,0.0,0.0,10000.0,5.0,,,0.0,0.0,450.0,1.0,,200.0
METAR WALS 312200Z AUTO VRB01KT 0350 R04/P2000U R22/0650N FG OVC002 23/23 Q1010,WALS,2026-07-31 22:00:00,1,,1.0,,350.0,"('', None, '', 'FG', None)",OVC,200.0,,,,,,,,0,23.0,23.0,1010.0,0,0,,200.0,0.0,0.0,100.0,1.0,,200.0,0.0,0.0,10000.0,5.0,,,0.0,0.0,10000.0,3.0,,2000.0,0.0,0.0,10000.0,2.0,,,0.0,0.0,150.0,1.0,,200.0
METAR WALS 312230Z 36001KT 0350 R04/P2000 R22/0225 FG OVC002 23/23 Q1010 BECMG TL2430 6000 NSW,WALS,2026-07-31 22:30:00,0,360.0,1.0,,350.0,"('', None, '', 'FG', None)",OVC,200.0,,,,,,,,0,23.0,23.0,1010.0,0,0,,200.0,0.0,0.0,700.0,1.0,,,0.0,0.0,10000.0,5.0,,,0.0,0.0,10000.0,3.0,,2000.0,0.0,0.0,10000.0,2.0,,,0.0,0.0,100.0,1.0,,
METAR WALS 312300Z VRB01KT 0100 R04/0325 R22/0150 FG OVC002 23/23 Q1010 BECMG TL2430 6000 NSW,WALS,2026-07-31 23:00:00,0,,1.0,,100.0,"('', None, '', 'FG', None)",OVC,200.0,,,,,,,,0,23.0,23.0,1010.0,0,0,,200.0,0.0,0.0,700.0,1.0,,,0.0,0.0,10000.0,6.0,,,0.0,0.0,10000.0,5.0,,2000.0,0.0,0.0,10000.0,2.0,,4500.0,0.0,0.0,200.0,1.0,,
METAR WALS 312330Z VRB01KT 0700 0350SW R04/0500 FG VV002 24/24 Q1010 BECMG FM0015 6000,WALS,2026-07-31 23:30:00,0,,1.0,,700.0,"('', None, '', 'FG', None)",VV,200.0,,,,,,,,0,24.0,24.0,1010.0,0,0,,,,,,,,,0.0,0.0,10000.0,6.0,,,0.0,0.0,10000.0,4.0,,2000.0,0.0,0.0,10000.0,3.0,,5500.0,0.0,0.0,200.0,1.0,,
METAR WALS 010130Z 22005KT 9999 SCT017 30/25 Q1011 NOSIG,WALS,2026-08-01 01:30:00,0,220.0,5.0,,10000.0,,SCT,1700.0,,,,,,,,0,30.0,25.0,1011.0,0,0,,,0.0,0.0,10000.0,6.0,,,0.0,0.0,10000.0,3.0,,2000.0,0.0,0.0,10000.0,5.0,,,0.0,0.0,10000.0,2.0,,3700.0,0.0,0.0,10000.0,4.0,,
METAR WALS 010200Z 23006KT 200V270 9999 SCT020 31/25 Q1011 NOSIG,WALS,2026-08-01 02:00:00,0,230.0,6.0,,10000.0,,SCT,2000.0,,,,,,,,0,31.0,25.0,1011.0,0,0,,,,,,,,,0.0,0.0,10000.0,5.0,,2000.0,0.0,0.0,10000.0,6.0,,,0.0,0.0,8000.0,1.0,,,,,,,,
METAR WALS 010430Z 22003KT 150V280 9999 BKN020 32/24 Q1009 NOSIG,WALS,2026-08-01 04:30:00,0,220.0,3.0,,10000.0,,BKN,2000.0,,,,,,,,0,32.0,24.0,1009.0,0,0,,2000.0,0.0,0.0,10000.0,4.0,,2000.0,0.0,0.0,10000.0,5.0,,,0.0,0.0,10000.0,2.0,,,0.0,0.0,3000.0,0.0,,200.0,0.0,0.0,10000.0,7.0,,
METAR WALS 010500Z VRB05KT 9999 BKN020 32/24 Q1008 NOSIG,WALS,2026-08-01 05:00:00,0,,5.0,,10000.0,,BKN,2000.0,,,,,,,,0,32.0,24.0,1008.0,0,0,,2000.0,0.0,0.0,10000.0,4.0,,2000.0,0.0,0.0,10000.0,6.0,,,0.0,0.0,10000.0,2.0,,4500.0,0.0,0.0,600.0,1.0,,200.0,0.0,0.0,10000.0,7.0,,
METAR WALS 010530Z 18004KT 130V250 9999 BKN020 32/25 Q1008 NOSIG,WALS,2026-08-01 05:30:00,0,180.0,4.0,,10000.0,,BKN,2000.0,,,,,,,,0,32.0,25.0,1008.0,0,0,,2000.0,0.0,0.0,10000.0,5.0,,,0.0,0.0,10000.0,6.0,,,0.0,0.0,10000.0,3.0,,5500.0,0.0,0.0,400.0,0.0,,200.0,,,,,,
METAR WALS 010700Z 16005KT 110V210 9999 SCT020 34/25 Q1007 NOSIG,WALS,2026-08-01 07:00:00,0,160.0,5.0,,10000.0,,SCT,2000.0,,,,,,,,0,34.0,25.0,1007.0,0,0,,,0.0,0.0,10000.0,6.0,,,0.0,0.0,10000.0,2.0,,,0.0,0.0,10000.0,2.0,,3700.0,0.0,0.0,500.0,1.0,,200.0,0.0,0.0,10000.0,7.0,,
METAR WALS 010730Z 18005KT 140V230 9999 FEW018TCU SCT020 32/25 Q1007 NOSIG RMK TCU TO NW,WALS,2026-08-01 07:30:00,0,180.0,5.0,,10000.0,,FEW,1800.0,TCU,SCT,2000.0,,,,,0,32.0,25.0,1007.0,0,0,,,0.0,0.0,10000.0,6.0,,,0.0,0.0,10000.0,2.0,,,0.0,0.0,10000.0,2.0,,3700.0,0.0,0.0,350.0,0.0,,200.0,0.0,0.0,10000.0,7.0,,
METAR WALS 010800Z 16006KT 140V200 9999 SCT020 32/25 Q1007 NOSIG,WALS,2026-08-01 08:00:00,0,160.0,6.0,,10000.0,,SCT,2000.0,,,,,,,,0,32.0,25.0,1007.0,0,0,,,0.0,0.0,10000.0,5.0,,,0.0,0.0,10000.0,2.0,,4500.0,0.0,0.0,8000.0,1.0,,,0.0,0.0,350.0,1.0,,200.0,0.0,0.0,10000.0,9.0,,
METAR WALS 010930Z 19005KT 150V220 9999 FEW020 30/25 Q1007 NOSIG,WALS,2026-08-01 09:30:00,0,190.0,5.0,,10000.0,,FEW,2000.0,,,,,,,,0,30.0,25.0,1007.0,0,0,,,0.0,0.0,10000.0,2.0,,,0.0,0.0,10000.0,2.0,,3100.0,0.0,0.0,1200.0,1.0,,3100.0,0.0,0.0,450.0,1.0,,200.0,0.0,0.0,10000.0,7.0,,
METAR WALS 011000Z VRB02KT 9999 FEW020 29/25 Q1008 NOSIG,WALS,2026-08-01 10:00:00,0,,2.0,,10000.0,,FEW,2000.0,,,,,,,,0,29.0,25.0,1008.0,0,0,,,0.0,0.0,10000.0,2.0,,4500.0,0.0,0.0,10000.0,2.0,,3700.0,0.0,0.0,2600.0,1.0,,4100.0,0.0,0.0,150.0,1.0,,200.0,0.0,0.0,10000.0,7.0,,
METAR WALS 011030Z AUTO VRB02KT 9999 NCD 28/25 Q1008,WALS,2026-08-01 10:30:00,1,,2.0,,10000.0,,NCD,,,,,,,,,0,28.0,25.0,1008.0,0,0,,,0.0,0.0,10000.0,3.0,,5500.0,0.0,0.0,10000.0,2.0,,3700.0,0.0,0.0,3000.0,0.0,,200.0,0.0,0.0,100.0,1.0,,,0.0,0.0,10000.0,3.0,,
METAR WALS 011100Z AUTO VRB02KT 9999 -RA FEW023 SCT037 BKN045 28/25 Q1008,WALS,2026-08-01 11:00:00,1,,2.0,,10000.0,"('-', None, 'RA', None, None)",FEW,2300.0,,SCT,3700.0,,BKN,4500.0,,0,28.0,25.0,1008.0,0,0,,4500.0,0.0,0.0,10000.0,2.0,,,0.0,0.0,8000.0,1.0,,,0.0,0.0,600.0,1.0,,200.0,0.0,0.0,200.0,1.0,,,0.0,0.0,10000.0,3.0,,
METAR WALS 011130Z AUTO 18003KT 9999 FEW022 SCT043 BKN055 27/25 Q1008,WALS,2026-08-01 11:30:00,1,180.0,3.0,,10000.0,,FEW,2200.0,,SCT,4300.0,,BKN,5500.0,,0,27.0,25.0,1008.0,0,0,,5500.0,0.0,0.0,10000.0,2.0,,3100.0,0.0,0.0,5000.0,1.0,,,0.0,0.0,400.0,0.0,,200.0,0.0,0.0,200.0,1.0,,,0.0,0.0,10000.0,3.0,,
METAR WALS 011200Z AUTO VRB02KT 9999 FEW019 SCT035 SCT050 27/25 Q1009,WALS,2026-08-01 12:00:00,1,,2.0,,10000.0,,FEW,1900.0,,SCT,3500.0,,SCT,5000.0,,0,27.0,25.0,1009.0,0,0,,,0.0,0.0,10000.0,2.0,,3700.0,0.0,0.0,5000.0,1.0,,,0.0,0.0,250.0,1.0,,200.0,0.0,0.0,800.0,1.0,,200.0,0.0,0.0,10000.0,3.0,,
METAR WALS 011230Z AUTO VRB02KT 9999 SCT020 BKN031 OVC042 27/25 Q1009,WALS,2026-08-01 12:30:00,1,,2.0,,10000.0,,SCT,2000.0,,BKN,3100.0,,OVC,4200.0,,0,27.0,25.0,1009.0,0,0,,3100.0,0.0,0.0,10000.0,2.0,,3700.0,0.0,0.0,1200.0,1.0,,3100.0,0.0,0.0,250.0,1.0,,200.0,0.0,0.0,6000.0,1.0,,,0.0,0.0,10000.0,2.0,,
METAR WALS 011300Z AUTO 25002KT 9999 SCT019 BKN037 BKN044 26/25 Q1009,WALS,2026-08-01 13:00:00,1,250.0,2.0,,10000.0,,SCT,1900.0,,BKN,3700.0,,BKN,4400.0,,0,26.0,25.0,1009.0,0,0,,3700.0,0.0,0.0,8000.0,1.0,,,0.0,0.0,2600.0,1.0,,4100.0,0.0,0.0,500.0,1.0,,200.0,0.0,0.0,10000.0,4.0,,,0.0,0.0,10000.0,2.0,,
METAR WALS 011400Z AUTO 14001KT 8000 FEW022 SCT037 SCT045 25/25 Q1010,WALS,2026-08-01 14:00:00,1,140.0,1.0,,8000.0,,FEW,2200.0,,SCT,3700.0,,SCT,4500.0,,0,25.0,25.0,1010.0,0,0,,,0.0,0.0,5000.0,1.0,,,0.0,0.0,600.0,1.0,,200.0,0.0,0.0,350.0,1.0,,200.0,,,,,,,0.0,0.0,10000.0,1.0,,1400.0
METAR WALS 011430Z AUTO VRB01KT 5000 NCD 25/25 Q1010,WALS,2026-08-01 14:30:00,1,,1.0,,5000.0,,NCD,,,,,,,,,0,25.0,25.0,1010.0,0,0,,,0.0,0.0,1200.0,1.0,,3100.0,0.0,0.0,400.0,0.0,,200.0,0.0,0.0,400.0,1.0,,200.0,,,,,,,0.0,0.0,10000.0,1.0,,1300.0
METAR WALS 011500Z AUTO VRB01KT 5000 VV005 25/24 Q1010,WALS,2026-08-01 15:00:00,1,,1.0,,5000.0,,VV,500.0,,,,,,,,0,25.0,24.0,1010.0,0,0,,,0.0,0.0,2600.0,1.0,,4100.0,0.0,0.0,250.0,1.0,,200.0,0.0,0.0,300.0,2.0,,200.0,,,,,,,0.0,0.0,8000.0,1.0,,1400.0
METAR WALS 011530Z AUTO VRB01KT 1200 R04/P2000N R22/1500U BR SCT013 BKN031 OVC039 25/24 Q1010,WALS,2026-08-01 15:30:00,1,,1.0,,1200.0,"('', None, '', 'BR', None)",SCT,1300.0,,BKN,3100.0,,OVC,3900.0,,0,25.0,24.0,1010.0,0,0,,3100.0,0.0,0.0,3000.0,0.0,,200.0,0.0,0.0,250.0,1.0,,200.0,0.0,0.0,450.0,1.0,,200.0,0.0,0.0,10000.0,5.0,,,0.0,0.0,2700.0,1.0,,1500.0
METAR WALS 011600Z AUTO 03001KT 2600 BR SCT027 SCT032 BKN041 24/24 Q1010,WALS,2026-08-01 16:00:00,1,30.0,1.0,,2600.0,"('', None, '', 'BR', None)",SCT,2700.0,,SCT,3200.0,,BKN,4100.0,,0,24.0,24.0,1010.0,0,0,,4100.0,0.0,0.0,600.0,1.0,,200.0,0.0,0.0,500.0,1.0,,200.0,0.0,0.0,150.0,1.0,,200.0,0.0,0.0,10000.0,5.0,,,0.0,0.0,3400.0,1.0,,2300.0
METAR WALS 011630Z AUTO 00000KT 3000 BR BKN002 OVC037 24/24 Q1010,WALS,2026-08-01 16:30:00,1,0.0,0.0,,3000.0,"('', None, '', 'BR', None)",BKN,200.0,,OVC,3700.0,,,,,0,24.0,24.0,1010.0,0,0,,200.0,0.0,0.0,400.0,0.0,,200.0,0.0,0.0,350.0,0.0,,200.0,0.0,0.0,100.0,1.0,,,0.0,0.0,10000.0,7.0,,,0.0,0.0,900.0,0.0,,1500.0
METAR WALS 011700Z AUTO 36001KT 0600 R04/0900D R22/0800N FG OVC002 24/24 Q1010,WALS,2026-08-01 17:00:00,1,360.0,1.0,,600.0,"('', None, '', 'FG', None)",OVC,200.0,,,,,,,,0,24.0,24.0,1010.0,0,0,,200.0,0.0,0.0,250.0,1.0,,200.0,0.0,0.0,350.0,1.0,,200.0,0.0,0.0,200.0,1.0,,,0.0,0.0,10000.0,7.0,,,0.0,0.0,500.0,0.0,,1600.0
METAR WALS 011730Z AUTO 00000KT 0400 R04/P2000U R22/0600N FG OVC002 24/24 Q1010,WALS,2026-08-01 17:30:00,1,0.0,0.0,,400.0,"('', None, '', 'FG', None)",OVC,200.0,,,,,,,,0,24.0,24.0,1010.0,0,0,,200.0,0.0,0.0,250.0,1.0,,200.0,0.0,0.0,400.0,1.0,,200.0,0.0,0.0,200.0,1.0,,,,,,,,,0.0,0.0,550.0,1.0,,200.0
METAR WALS 011800Z AUTO 36001KT 0250 R04/1900U R22/0375N FG OVC002 23/23 Q1009,WALS,2026-08-01 18:00:00,1,360.0,1.0,,250.0,"('', None, '', 'FG', None)",OVC,200.0,,,,,,,,0,23.0,23.0,1009.0,0,0,,200.0,0.0,0.0,500.0,1.0,,200.0,0.0,0.0,300.0,2.0,,200.0,0.0,0.0,800.0,1.0,,200.0,0.0,0.0,10000.0,8.0,,,0.0,0.0,450.0,1.0,,300.0
METAR WALS 011830Z AUTO VRB01KT 0250 R04/0400N R22/0400N FG OVC002 23/23 Q1009,WALS,2026-08-01 18:30:00,1,,1.0,,250.0,"('', None, '', 'FG', None)",OVC,200.0,,,,,,,,0,23.0,23.0,1009.0,0,0,,200.0,0.0,0.0,350.0,0.0,,200.0,0.0,0.0,450.0,1.0,,200.0,0.0,0.0,6000.0,1.0,,,0.0,0.0,10000.0,8.0,,,0.0,0.0,300.0,0.0,,300.0
METAR WALS 011900Z AUTO VRB01KT 0500 R04/1600D R22/0700D FG OVC002 23/23 Q1009,WALS,2026-08-01 19:00:00,1,,1.0,,500.0,"('', None, '', 'FG', None)",OVC,200.0,,,,,,,,0,23.0,23.0,1009.0,0,0,,200.0,0.0,0.0,350.0,1.0,,200.0,0.0,0.0,150.0,1.0,,200.0,0.0,0.0,10000.0,4.0,,,0.0,0.0,10000.0,7.0,,,0.0,0.0,150.0,0.0,,300.0
METAR WALS 011930Z AUTO 00000KT 0350 R04/P2000D R22/0550N FG OVC002 23/23 Q1009,WALS,2026-08-01 19:30:00,1,0.0,0.0,,350.0,"('', None, '', 'FG', None)",OVC,200.0,,,,,,,,0,23.0,23.0,1009.0,0,0,,200.0,0.0,0.0,400.0,1.0,,200.0,0.0,0.0,100.0,1.0,,,0.0,0.0,10000.0,4.0,,,0.0,0.0,10000.0,7.0,,,0.0,0.0,100.0,1.0,,200.0
METAR WALS 012000Z AUTO VRB01KT 0350 R04/1300U R22/0550N FG OVC002 23/23 Q1009,WALS,2026-08-01 20:00:00,1,,1.0,,350.0,"('', None, '', 'FG', None)",OVC,200.0,,,,,,,,0,23.0,23.0,1009.0,0,0,,200.0,0.0,0.0,300.0,2.0,,200.0,0.0,0.0,200.0,1.0,,,,,,,,,0.0,0.0,10000.0,9.0,,,0.0,0.0,200.0,1.0,,200.0
METAR WALS 012030Z AUTO VRB01KT 0400 R04/0600N R22/0800N FG OVC002 23/23 Q1009,WALS,2026-08-01 20:30:00,1,,1.0,,400.0,"('', None, '', 'FG', None)",OVC,200.0,,,,,,,,0,23.0,23.0,1009.0,0,0,,200.0,0.0,0.0,450.0,1.0,,200.0,0.0,0.0,200.0,1.0,,,,,,,,,0.0,0.0,10000.0,9.0,,,0.0,0.0,300.0,1.0,,200.0
METAR WALS 012100Z AUTO 03002KT 0300 R04/1200D R22/0450N FG OVC002 22/22 Q1009,WALS,2026-08-01 21:00:00,1,30.0,2.0,,300.0,"('', None, '', 'FG', None)",OVC,200.0,,,,,,,,0,22.0,22.0,1009.0,0,0,,200.0,0.0,0.0,150.0,1.0,,200.0,0.0,0.0,800.0,1.0,,200.0,,,,,,,0.0,0.0,10000.0,7.0,,,0.0,0.0,300.0,0.0,,200.0
METAR WALS 012130Z AUTO VRB01KT 0450 R04/0800N R22/0650N FG OVC002 22/22 Q1009,WALS,2026-08-01 21:30:00,1,,1.0,,450.0,"('', None, '', 'FG', None)",OVC,200.0,,,,,,,,0,22.0,22.0,1009.0,0,0,,200.0,0.0,0.0,100.0,1.0,,,0.0,0.0,6000.0,1.0,,,0.0,0.0,10000.0,5.0,,,0.0,0.0,10000.0,7.0,,,0.0,0.0,200.0,0.0,,200.0
METAR WALS 012200Z AUTO VRB01KT 0150 R04/0300N R22/0325N FG OVC002 23/23 Q1009,WALS,2026-08-01 22:00:00,1,,1.0,,150.0,"('', None, '', 'FG', None)",OVC,200.0,,,,,,,,0,23.0,23.0,1009.0,0,0,,200.0,0.0,0.0,200.0,1.0,,,0.0,0.0,10000.0,4.0,,,0.0,0.0,10000.0,5.0,,,0.0,0.0,10000.0,7.0,,,0.0,0.0,150.0,2.0,,200.0
METAR WALS 012230Z VRB01KT 0100 FG VV005 23/22 Q1009 BECMG TL2415 6000 NSW,WALS,2026-08-01 22:30:00,0,,1.0,,100.0,"('', None, '', 'FG', None)",VV,500.0,,,,,,,,0,23.0,22.0,1009.0,0,0,,,0.0,0.0,200.0,1.0,,,0.0,0.0,10000.0,4.0,,,0.0,0.0,10000.0,7.0,,,0.0,0.0,10000.0,3.0,,,0.0,0.0,100.0,0.0,,200.0
METAR WALS 012300Z VRB01KT 0200 FG VV005 23/23 Q1010 BECMG TL2430 6000 NSW,WALS,2026-08-01 23:00:00,0,,1.0,,200.0,"('', None, '', 'FG', None)",VV,500.0,,,,,,,,0,23.0,23.0,1010.0,0,0,,,0.0,0.0,800.0,1.0,,200.0,,,,,,,0.0,0.0,10000.0,7.0,,,0.0,0.0,10000.0,3.0,,,0.0,0.0,200.0,1.0,,200.0
METAR WALS 020000Z VRB01KT 0800 R04/0900 R22/0650 FG OVC002 25/24 Q1011 BECMG TL0100 5000 NSW,WALS,2026-08-02 00:00:00,0,,1.0,,800.0,"('', None, '', 'FG', None)",OVC,200.0,,,,,,,,0,25.0,24.0,1011.0,0,0,,200.0,0.0,0.0,10000.0,4.0,,,,,,,,,0.0,0.0,10000.0,8.0,,,0.0,0.0,10000.0,3.0,,,0.0,0.0,1000.0,1.0,,
METAR WALS 020030Z VRB01KT 6000 SCT002 26/25 Q1011 NOSIG,WALS,2026-08-02 00:30:00,0,,1.0,,6000.0,,SCT,200.0,,,,,,,,0,26.0,25.0,1011.0,0,0,,,0.0,0.0,10000.0,4.0,,,0.0,0.0,10000.0,5.0,,,0.0,0.0,10000.0,8.0,,,0.0,0.0,10000.0,2.0,,,0.0,0.0,8000.0,2.0,,
METAR WALS 020100Z 26004KT 220V300 9999 SCT013 28/26 Q1011 NOSIG,WALS,2026-08-02 01:00:00,0,260.0,4.0,,10000.0,,SCT,1300.0,,,,,,,,0,28.0,26.0,1011.0,0,0,,,,,,,,,0.0,0.0,10000.0,5.0,,,0.0,0.0,10000.0,7.0,,,0.0,0.0,10000.0,2.0,,,0.0,0.0,10000.0,4.0,,
METAR WALS 020400Z 22005KT 180V260 9999 SCT022 31/23 Q1009 NOSIG,WALS,2026-08-02 04:00:00,0,220.0,5.0,,10000.0,,SCT,2200.0,,,,,,,,0,31.0,23.0,1009.0,0,0,,,0.0,0.0,10000.0,7.0,,,0.0,0.0,10000.0,7.0,,,0.0,0.0,10000.0,7.0,,,0.0,0.0,3400.0,1.0,,2300.0,0.0,0.0,10000.0,5.0,,
METAR WALS 020430Z 23007KT 180V270 9999 SCT022 34/23 Q1009 NOSIG,WALS,2026-08-02 04:30:00,0,230.0,7.0,,10000.0,,SCT,2200.0,,,,,,,,0,34.0,23.0,1009.0,0,0,,,,,,,,,0.0,0.0,10000.0,7.0,,,0.0,0.0,10000.0,3.0,,,0.0,0.0,900.0,0.0,,1500.0,0.0,0.0,10000.0,4.0,,
METAR WALS 020630Z 20008KT 150V250 9999 SCT025 33/25 Q1007 NOSIG,WALS,2026-08-02 06:30:00,0,200.0,8.0,,10000.0,,SCT,2500.0,,,,,,,,0,33.0,25.0,1007.0,0,0,,,0.0,0.0,10000.0,7.0,,,0.0,0.0,10000.0,7.0,,,0.0,0.0,10000.0,2.0,,,0.0,0.0,300.0,0.0,,300.0,,,,,,
METAR WALS 020700Z AUTO 19007KT 150V230 9999 FEW036 FEW048 33/25 Q1007 NOSIG,WALS,2026-08-02 07:00:00,1,190.0,7.0,,10000.0,,FEW,3600.0,,FEW,4800.0,,,,,0,33.0,25.0,1007.0,0,0,,,0.0,0.0,10000.0,9.0,,,0.0,0.0,10000.0,7.0,,,0.0,0.0,10000.0,2.0,,,0.0,0.0,150.0,0.0,,300.0,0.0,0.0,10000.0,7.0,,
METAR WALS 020830Z AUTO 19009KT 150V220 9999 NCD 31/25 Q1007 NOSIG,WALS,2026-08-02 08:30:00,1,190.0,9.0,,10000.0,,NCD,,,,,,,,,0,31.0,25.0,1007.0,0,0,,,0.0,0.0,10000.0,7.0,,,0.0,0.0,10000.0,3.0,,,0.0,0.0,10000.0,1.0,,1300.0,0.0,0.0,300.0,1.0,,200.0,0.0,0.0,10000.0,7.0,,
METAR WALS 020900Z 18007KT 140V220 9999 FEW025 31/25 Q1008 NOSIG,WALS,2026-08-02 09:00:00,0,180.0,7.0,,10000.0,,FEW,2500.0,,,,,,,,0,31.0,25.0,1008.0,0,0,,,0.0,0.0,10000.0,7.0,,,0.0,0.0,10000.0,3.0,,,0.0,0.0,8000.0,1.0,,1400.0,0.0,0.0,300.0,0.0,,200.0,,,,,,
METAR WALS 020930Z 18007KT 110V230 9999 FEW025 30/25 Q1008 NOSIG,WALS,2026-08-02 09:30:00,0,180.0,7.0,,10000.0,,FEW,2500.0,,,,,,,,0,30.0,25.0,1008.0,0,0,,,0.0,0.0,10000.0,3.0,,,0.0,0.0,10000.0,2.0,,,0.0,0.0,2700.0,1.0,,1500.0,0.0,0.0,200.0,0.0,,200.0,,,,,,
METAR WALS 021030Z AUTO 18003KT 120V220 9999 FEW120 28/25 Q1008,WALS,2026-08-02 10:30:00,1,180.0,3.0,,10000.0,,FEW,12000.0,,,,,,,,0,28.0,25.0,1008.0,0,0,,,0.0,0.0,10000.0,3.0,,,0.0,0.0,10000.0,3.0,,1400.0,0.0,0.0,900.0,0.0,,1500.0,0.0,0.0,100.0,0.0,,200.0,,,,,,
METAR WALS 021100Z AUTO 18003KT 150V220 9999 SCT022 27/24 Q1008,WALS,2026-08-02 11:00:00,1,180.0,3.0,,10000.0,,SCT,2200.0,,,,,,,,0,27.0,24.0,1008.0,0,0,,,0.0,0.0,10000.0,3.0,,,0.0,0.0,10000.0,1.0,,1400.0,0.0,0.0,500.0,0.0,,1600.0,0.0,0.0,200.0,1.0,,200.0,0.0,0.0,10000.0,4.0,,
METAR WALS 021130Z AUTO 20003KT 9999 FEW018 FEW039 SCT110 27/24 Q1009,WALS,2026-08-02 11:30:00,1,200.0,3.0,,10000.0,,FEW,1800.0,,FEW,3900.0,,SCT,11000.0,,0,27.0,24.0,1009.0,0,0,,,0.0,0.0,10000.0,2.0,,,0.0,0.0,10000.0,1.0,,1300.0,0.0,0.0,550.0,1.0,,200.0,0.0,0.0,200.0,1.0,,200.0,0.0,0.0,10000.0,4.0,,
METAR WALS 021200Z AUTO 23003KT 190V260 9999 FEW017 FEW110 27/24 Q1009,WALS,2026-08-02 12:00:00,1,230.0,3.0,,10000.0,,FEW,1700.0,,FEW,11000.0,,,,,0,27.0,24.0,1009.0,0,0,,,0.0,0.0,10000.0,2.0,,,0.0,0.0,8000.0,1.0,,1400.0,0.0,0.0,450.0,1.0,,300.0,0.0,0.0,1000.0,1.0,,,0.0,0.0,10000.0,2.0,,
METAR WALS 021230Z AUTO 25002KT 9999 FEW015 SCT020 SCT110 26/24 Q1009,WALS,2026-08-02 12:30:00,1,250.0,2.0,,10000.0,,FEW,1500.0,,SCT,2000.0,,SCT,11000.0,,0,26.0,24.0,1009.0,0,0,,,0.0,0.0,10000.0,3.0,,1400.0,0.0,0.0,2700.0,1.0,,1500.0,0.0,0.0,300.0,0.0,,300.0,0.0,0.0,8000.0,2.0,,,0.0,0.0,10000.0,2.0,,
METAR WALS 021330Z AUTO 27003KT 9999 OVC014 26/24 Q1010,WALS,2026-08-02 13:30:00,1,270.0,3.0,,10000.0,,OVC,1400.0,,,,,,,,0,26.0,24.0,1010.0,0,0,,1400.0,0.0,0.0,10000.0,1.0,,1300.0,0.0,0.0,900.0,0.0,,1500.0,0.0,0.0,100.0,1.0,,200.0,0.0,0.0,10000.0,4.0,,,,,,,,
METAR WALS 021400Z AUTO VRB01KT 9999 BKN014 BKN027 OVC043 25/24 Q1010,WALS,2026-08-02 14:00:00,1,,1.0,,10000.0,,BKN,1400.0,,BKN,2700.0,,OVC,4300.0,,0,25.0,24.0,1010.0,0,0,,1400.0,0.0,0.0,8000.0,1.0,,1400.0,0.0,0.0,500.0,0.0,,1600.0,0.0,0.0,200.0,1.0,,200.0,,,,,,,0.0,0.0,6000.0,1.0,,
METAR WALS 021430Z AUTO 11001KT 9999 OVC013 25/24 Q1010,WALS,2026-08-02 14:30:00,1,110.0,1.0,,10000.0,,OVC,1300.0,,,,,,,,0,25.0,24.0,1010.0,0,0,,1300.0,0.0,0.0,2700.0,1.0,,1500.0,0.0,0.0,550.0,1.0,,200.0,0.0,0.0,300.0,1.0,,200.0,,,,,,,0.0,0.0,6000.0,1.0,,
METAR WALS 021500Z AUTO VRB01KT 8000 BKN014 BKN028 BKN035 24/24 Q1010,WALS,2026-08-02 15:00:00,1,,1.0,,8000.0,,BKN,1400.0,,BKN,2800.0,,BKN,3500.0,,0,24.0,24.0,1010.0,0,0,,1400.0,0.0,0.0,3400.0,1.0,,2300.0,0.0,0.0,450.0,1.0,,300.0,0.0,0.0,300.0,0.0,,200.0,,,,,,,0.0,0.0,6000.0,1.0,,
METAR WALS 021530Z AUTO VRB01KT 2700 BR BKN015 BKN027 BKN040 24/24 Q1010,WALS,2026-08-02 15:30:00,1,,1.0,,2700.0,"('', None, '', 'BR', None)",BKN,1500.0,,BKN,2700.0,,BKN,4000.0,,0,24.0,24.0,1010.0,0,0,,1500.0,0.0,0.0,900.0,0.0,,1500.0,0.0,0.0,300.0,0.0,,300.0,0.0,0.0,200.0,0.0,,200.0,0.0,0.0,10000.0,5.0,,,0.0,0.0,6000.0,1.0,,
METAR WALS 021600Z AUTO VRB01KT 3400 BR SCT016 BKN023 SCT031 24/23 Q1010,WALS,2026-08-02 16:00:00,1,,1.0,,3400.0,"('', None, '', 'BR', None)",SCT,1600.0,,BKN,2300.0,,SCT,3100.0,,0,24.0,23.0,1010.0,0,0,,2300.0,0.0,0.0,500.0,0.0,,1600.0,0.0,0.0,150.0,0.0,,300.0,0.0,0.0,150.0,2.0,,200.0,0.0,0.0,10000.0,5.0,,,0.0,0.0,2500.0,3.0,,
METAR WALS 021630Z AUTO 00000KT 0900 R04/P2000D R22/1300D FG BKN015 BKN019 OVC110 23/23 Q1010,WALS,2026-08-02 16:30:00,1,0.0,0.0,,900.0,"('', None, '', 'FG', None)",BKN,1500.0,,BKN,1900.0,,OVC,11000.0,,0,23.0,23.0,1010.0,0,0,,1500.0,0.0,0.0,550.0,1.0,,200.0,0.0,0.0,100.0,1.0,,200.0,0.0,0.0,100.0,0.0,,200.0,0.0,0.0,10000.0,4.0,,,0.0,0.0,2500.0,3.0,,
METAR WALS 021700Z AUTO 00000KT 0500 R04/P2000D R22/0750D FG BKN016 BKN026 OVC110 23/23 Q1010,WALS,2026-08-02 17:00:00,1,0.0,0.0,,500.0,"('', None, '', 'FG', None)",BKN,1600.0,,BKN,2600.0,,OVC,11000.0,,0,23.0,23.0,1010.0,0,0,,1600.0,0.0,0.0,450.0,1.0,,300.0,0.0,0.0,200.0,1.0,,200.0,0.0,0.0,200.0,1.0,,200.0,0.0,0.0,10000.0,4.0,,,0.0,0.0,5000.0,2.0,,
METAR WALS 021730Z AUTO VRB01KT 0550 R04/1700D R22/0800U FG BKN002 BKN017 BKN026 23/23 Q1010,WALS,2026-08-02 17:30:00,1,,1.0,,550.0,"('', None, '', 'FG', None)",BKN,200.0,,BKN,1700.0,,BKN,2600.0,,0,23.0,23.0,1010.0,0,0,,200.0,0.0,0.0,300.0,0.0,,300.0,0.0,0.0,300.0,1.0,,200.0,0.0,0.0,200.0,1.0,,200.0,,,,,,,0.0,0.0,5000.0,2.0,,
METAR WALS 021800Z AUTO VRB01KT 0450 R04/P2000U R22/0700N FG BKN003 BKN027 BKN044 23/23 Q1009,WALS,2026-08-02 18:00:00,1,,1.0,,450.0,"('', None, '', 'FG', None)",BKN,300.0,,BKN,2700.0,,BKN,4400.0,,0,23.0,23.0,1009.0,0,0,,300.0,0.0,0.0,150.0,0.0,,300.0,0.0,0.0,300.0,0.0,,200.0,0.0,0.0,1000.0,1.0,,,,,,,,,0.0,0.0,400.0,1.0,,
METAR WALS 021830Z AUTO 00000KT 0300 R04/1800D R22/0450N FG OVC003 22/22 Q1009,WALS,2026-08-02 18:30:00,1,0.0,0.0,,300.0,"('', None, '', 'FG', None)",OVC,300.0,,,,,,,,0,22.0,22.0,1009.0,0,0,,300.0,0.0,0.0,100.0,1.0,,200.0,0.0,0.0,200.0,0.0,,200.0,0.0,0.0,8000.0,2.0,,,,,,,,,0.0,0.0,500.0,2.0,,
METAR WALS 021900Z AUTO 00000KT 0150 R04/P2000U R22/0250N FG OVC003 22/22 Q1009,WALS,2026-08-02 19:00:00,1,0.0,0.0,,150.0,"('', None, '', 'FG', None)",OVC,300.0,,,,,,,,0,22.0,22.0,1009.0,0,0,,300.0,0.0,0.0,200.0,1.0,,200.0,0.0,0.0,150.0,2.0,,200.0,0.0,0.0,10000.0,4.0,,,0.0,0.0,10000.0,7.0,,,0.0,0.0,250.0,1.0,,100.0
METAR WALS 021930Z AUTO VRB01KT 0100 R04/P2000U R22/0200N FG OVC002 22/22 Q1009,WALS,2026-08-02 19:30:00,1,,1.0,,100.0,"('', None, '', 'FG', None)",OVC,200.0,,,,,,,,0,22.0,22.0,1009.0,0,0,,200.0,0.0,0.0,300.0,1.0,,200.0,0.0,0.0,100.0,0.0,,200.0,0.0,0.0,10000.0,4.0,,,0.0,0.0,10000.0,7.0,,,0.0,0.0,250.0,1.0,,100.0
METAR WALS 022000Z AUTO 30001KT 0200 R04/1200D R22/0275N FG OVC002 22/22 Q1009,WALS,2026-08-02 20:00:00,1,300.0,1.0,,200.0,"('', None, '', 'FG', None)",OVC,200.0,,,,,,,,0,22.0,22.0,1009.0,0,0,,200.0,0.0,0.0,300.0,0.0,,200.0,0.0,0.0,200.0,1.0,,200.0,,,,,,,0.0,0.0,10000.0,7.0,,,0.0,0.0,250.0,1.0,,100.0
METAR WALS 022030Z AUTO 36001KT 0300 R04/0400N R22/1000D FG OVC002 22/22 Q1009,WALS,2026-08-02 20:30:00,1,360.0,1.0,,300.0,"('', None, '', 'FG', None)",OVC,200.0,,,,,,,,0,22.0,22.0,1009.0,0,0,,200.0,0.0,0.0,200.0,0.0,,200.0,0.0,0.0,200.0,1.0,,200.0,,,,,,,0.0,0.0,10000.0,7.0,,,0.0,0.0,650.0,1.0,,100.0
METAR WALS 022100Z AUTO 00000KT 0300 R04/0550N R22/0500N FG OVC002 22/22 Q1009,WALS,2026-08-02 21:00:00,1,0.0,0.0,,300.0,"('', None, '', 'FG', None)",OVC,200.0,,,,,,,,0,22.0,22.0,1009.0,0,0,,200.0,0.0,0.0,150.0,2.0,,200.0,0.0,0.0,1000.0,1.0,,,,,,,,,,,,,,,0.0,0.0,550.0,1.0,,200.0
METAR WALS 022130Z AUTO 00000KT 0200 R04/0350N R22/0550N FG OVC002 22/22 Q1010,WALS,2026-08-02 21:30:00,1,0.0,0.0,,200.0,"('', None, '', 'FG', None)",OVC,200.0,,,,,,,,0,22.0,22.0,1010.0,0,0,,200.0,0.0,0.0,100.0,0.0,,200.0,0.0,0.0,8000.0,2.0,,,0.0,0.0,10000.0,5.0,,,,,,,,,0.0,0.0,350.0,1.0,,200.0
METAR WALS 022200Z AUTO 03002KT 0150 R04/0275N R22/0325N FG OVC002 22/22 Q1010,WALS,2026-08-02 22:00:00,1,30.0,2.0,,150.0,"('', None, '', 'FG', None)",OVC,200.0,,,,,,,,0,22.0,22.0,1010.0,0,0,,200.0,0.0,0.0,200.0,1.0,,200.0,0.0,0.0,10000.0,4.0,,,0.0,0.0,10000.0,5.0,,,,,,,,,0.0,0.0,150.0,2.0,,100.0
METAR WALS 022230Z 00000KT 0100 FG OVC002 22/22 Q1010 NOSIG,WALS,2026-08-02 22:30:00,0,0.0,0.0,,100.0,"('', None, '', 'FG', None)",OVC,200.0,,,,,,,,0,22.0,22.0,1010.0,0,0,,200.0,0.0,0.0,200.0,1.0,,200.0,0.0,0.0,10000.0,4.0,,,0.0,0.0,10000.0,4.0,,,,,,,,,0.0,0.0,150.0,2.0,,100.0
METAR WALS 022300Z VRB01KT 0200 FG OVC002 22/22 Q1010 BECMG TL0030 6000 NSW,WALS,2026-08-02 23:00:00,0,,1.0,,200.0,"('', None, '', 'FG', None)",OVC,200.0,,,,,,,,0,22.0,22.0,1010.0,0,0,,200.0,0.0,0.0,1000.0,1.0,,,,,,,,,0.0,0.0,10000.0,4.0,,,0.0,0.0,10000.0,4.0,,,,,,,,
METAR WALS 030000Z VRB01KT 1000 R04/P2000 R22/0750 FG SCT005 24/24 Q1011 BECMG TL0030 6000 NSW,WALS,2026-08-03 00:00:00,0,,1.0,,1000.0,"('', None, '', 'FG', None)",SCT,500.0,,,,,,,,0,24.0,24.0,1011.0,0,0,,,0.0,0.0,10000.0,4.0,,,,,,,,,,,,,,,0.0,0.0,10000.0,2.0,,,,,,,,
METAR WALS 030030Z VRB02KT 8000 NSC 26/25 Q1011 NOSIG,WALS,2026-08-03 00:30:00,0,,2.0,,8000.0,,NSC,,,,,,,,,0,26.0,25.0,1011.0,0,0,,,0.0,0.0,10000.0,4.0,,,0.0,0.0,10000.0,5.0,,,,,,,,,0.0,0.0,10000.0,2.0,,,0.0,0.0,10000.0,4.0,,
METAR WALS 030100Z 27004KT 210V300 9999 FEW020 28/25 Q1011 NOSIG,WALS,2026-08-03 01:00:00,0,270.0,4.0,,10000.0,,FEW,2000.0,,,,,,,,0,28.0,25.0,1011.0,0,0,,,,,,,,,0.0,0.0,10000.0,5.0,,,0.0,0.0,10000.0,7.0,,,,,,,,,0.0,0.0,10000.0,4.0,,
METAR WALS 030400Z 25005KT 9999 SCT020 33/23 Q1010 NOSIG,WALS,2026-08-03 04:00:00,0,250.0,5.0,,10000.0,,SCT,2000.0,,,,,,,,0,33.0,23.0,1010.0,0,0,,,0.0,0.0,10000.0,4.0,,,0.0,0.0,10000.0,7.0,,,,,,,,,0.0,0.0,2500.0,3.0,,,0.0,0.0,10000.0,6.0,,
METAR WALS 030430Z 17004KT 9999 SCT020 33/23 Q1009 NOSIG,WALS,2026-08-03 04:30:00,0,170.0,4.0,,10000.0,,SCT,2000.0,,,,,,,,0,33.0,23.0,1009.0,0,0,,,,,,,,,0.0,0.0,10000.0,7.0,,,,,,,,,0.0,0.0,2500.0,3.0,,,0.0,0.0,10000.0,5.0,,
METAR WALS 030730Z 18007KT 150V220 9999 SCT020 34/24 Q1007 NOSIG,WALS,2026-08-03 07:30:00,0,180.0,7.0,,10000.0,,SCT,2000.0,,,,,,,,0,34.0,24.0,1007.0,0,0,,,0.0,0.0,10000.0,7.0,,,,,,,,,,,,,,,0.0,0.0,250.0,1.0,,100.0,0.0,0.0,10000.0,6.0,,
METAR WALS 030800Z 18007KT 150V220 9999 FEW020 34/24 Q1007 NOSIG,WALS,2026-08-03 08:00:00,0,180.0,7.0,,10000.0,,FEW,2000.0,,,,,,,,0,34.0,24.0,1007.0,0,0,,,,,,,,,0.0,0.0,10000.0,4.0,,,0.0,0.0,6000.0,1.0,,,0.0,0.0,250.0,1.0,,100.0,0.0,0.0,10000.0,6.0,,
METAR WALS 031130Z AUTO 15004KT 130V190 9999 NCD 28/24 Q1009,WALS,2026-08-03 11:30:00,1,150.0,4.0,,10000.0,,NCD,,,,,,,,,0,28.0,24.0,1009.0,0,0,,,0.0,0.0,10000.0,2.0,,,0.0,0.0,6000.0,1.0,,,0.0,0.0,5000.0,2.0,,,,,,,,,0.0,0.0,10000.0,3.0,,4700.0
METAR WALS 031200Z AUTO VRB02KT 9999 NCD 26/24 Q1009,WALS,2026-08-03 12:00:00,1,,2.0,,10000.0,,NCD,,,,,,,,,0,26.0,24.0,1009.0,0,0,,,,,,,,,0.0,0.0,6000.0,1.0,,,0.0,0.0,400.0,1.0,,,,,,,,,0.0,0.0,10000.0,3.0,,4700.0
METAR WALS 031430Z AUTO 31001KT 6000 NCD 24/23 Q1011,WALS,2026-08-03 14:30:00,1,310.0,1.0,,6000.0,,NCD,,,,,,,,,0,24.0,23.0,1011.0,0,0,,,0.0,0.0,6000.0,1.0,,,0.0,0.0,5000.0,2.0,,,0.0,0.0,650.0,1.0,,100.0,,,,,,,0.0,0.0,7000.0,1.0,,
METAR WALS 031500Z AUTO 32001KT 6000 NCD 23/23 Q1011,WALS,2026-08-03 15:00:00,1,320.0,1.0,,6000.0,,NCD,,,,,,,,,0,23.0,23.0,1011.0,0,0,,,0.0,0.0,2500.0,3.0,,,0.0,0.0,400.0,1.0,,,0.0,0.0,550.0,1.0,,200.0,,,,,,,0.0,0.0,6000.0,1.0,,
METAR WALS 031630Z AUTO 02003KT 2500 BR NCD 23/22 Q1011,WALS,2026-08-03 16:30:00,1,20.0,3.0,,2500.0,"('', None, '', 'BR', None)",NCD,,,,,,,,,0,23.0,22.0,1011.0,0,0,,,0.0,0.0,5000.0,2.0,,,0.0,0.0,250.0,1.0,,100.0,0.0,0.0,150.0,2.0,,100.0,0.0,0.0,10000.0,5.0,,,0.0,0.0,1900.0,1.0,,3000.0
METAR WALS 031700Z AUTO 05002KT 5000 NCD 23/22 Q1010,WALS,2026-08-03 17:00:00,1,50.0,2.0,,5000.0,,NCD,,,,,,,,,0,23.0,22.0,1010.0,0,0,,,0.0,0.0,400.0,1.0,,,0.0,0.0,250.0,1.0,,100.0,,,,,,,0.0,0.0,10000.0,5.0,,,0.0,0.0,550.0,1.0,,1900.0
METAR WALS 031800Z AUTO 02001KT 0400 R04/1700U R22/0600N FG VV002 22/22 Q1010,WALS,2026-08-03 18:00:00,1,20.0,1.0,,400.0,"('', None, '', 'FG', None)",VV,200.0,,,,,,,,0,22.0,22.0,1010.0,0,0,,,0.0,0.0,250.0,1.0,,100.0,0.0,0.0,550.0,1.0,,200.0,,,,,,,,,,,,,0.0,0.0,1300.0,1.0,,200.0
METAR WALS 031830Z AUTO 35002KT 0500 R04/P2000D R22/0750D FG VV000 22/21 Q1010,WALS,2026-08-03 18:30:00,1,350.0,2.0,,500.0,"('', None, '', 'FG', None)",VV,0.0,,,,,,,,0,22.0,21.0,1010.0,0,0,,,0.0,0.0,250.0,1.0,,100.0,0.0,0.0,350.0,1.0,,200.0,0.0,0.0,10000.0,4.0,,,0.0,0.0,10000.0,6.0,,,0.0,0.0,1600.0,2.0,,200.0
METAR WALS 031900Z AUTO 36001KT 0250 R04/0600N R22/0375N FG OVC001 21/21 Q1010,WALS,2026-08-03 19:00:00,1,360.0,1.0,,250.0,"('', None, '', 'FG', None)",OVC,100.0,,,,,,,,0,21.0,21.0,1010.0,0,0,,100.0,0.0,0.0,250.0,1.0,,100.0,0.0,0.0,150.0,2.0,,100.0,0.0,0.0,10000.0,4.0,,,0.0,0.0,10000.0,6.0,,,0.0,0.0,550.0,1.0,,1800.0
METAR WALS 031930Z AUTO 36001KT 0250 R04/0900N R22/0400N FG OVC001 21/21 Q1010,WALS,2026-08-03 19:30:00,1,360.0,1.0,,250.0,"('', None, '', 'FG', None)",OVC,100.0,,,,,,,,0,21.0,21.0,1010.0,0,0,,100.0,0.0,0.0,650.0,1.0,,100.0,0.0,0.0,150.0,2.0,,100.0,0.0,0.0,10000.0,6.0,,,0.0,0.0,10000.0,6.0,,,0.0,0.0,550.0,1.0,,1800.0
METAR WALS 032000Z AUTO VRB01KT 0250 R04/0750N R22/0400N FG OVC001 21/21 Q1010,WALS,2026-08-03 20:00:00,1,,1.0,,250.0,"('', None, '', 'FG', None)",OVC,100.0,,,,,,,,0,21.0,21.0,1010.0,0,0,,100.0,0.0,0.0,550.0,1.0,,200.0,,,,,,,0.0,0.0,10000.0,6.0,,,0.0,0.0,10000.0,6.0,,,0.0,0.0,1300.0,1.0,,2300.0
METAR WALS 032030Z AUTO VRB01KT 0650 R04/P2000U R22/0900U FG BKN001 21/21 Q1010,WALS,2026-08-03 20:30:00,1,,1.0,,650.0,"('', None, '', 'FG', None)",BKN,100.0,,,,,,,,0,21.0,21.0,1010.0,0,0,,100.0,0.0,0.0,350.0,1.0,,200.0,,,,,,,,,,,,,,,,,,,0.0,0.0,700.0,2.0,,2200.0
METAR WALS 032100Z AUTO VRB01KT 0550 R04/0800N R22/1900D FG OVC002 21/21 Q1010,WALS,2026-08-03 21:00:00,1,,1.0,,550.0,"('', None, '', 'FG', None)",OVC,200.0,,,,,,,,0,21.0,21.0,1010.0,0,0,,200.0,0.0,0.0,150.0,2.0,,100.0,,,,,,,,,,,,,0.0,0.0,10000.0,6.0,,,0.0,0.0,700.0,1.0,,3000.0
METAR WALS 032130Z AUTO 32001KT 0350 R04/0600N R22/0550N FG BKN002 21/21 Q1010,WALS,2026-08-03 21:30:00,1,320.0,1.0,,350.0,"('', None, '', 'FG', None)",BKN,200.0,,,,,,,,0,21.0,21.0,1010.0,0,0,,200.0,0.0,0.0,150.0,2.0,,100.0,0.0,0.0,10000.0,4.0,,,0.0,0.0,10000.0,6.0,,,0.0,0.0,10000.0,6.0,,,0.0,0.0,7000.0,1.0,,5500.0
METAR WALS 032200Z AUTO 34002KT 0150 R04/1600N R22/0400N FG OVC001 21/21 Q1010,WALS,2026-08-03 22:00:00,1,340.0,2.0,,150.0,"('', None, '', 'FG', None)",OVC,100.0,,,,,,,,0,21.0,21.0,1010.0,0,0,,100.0,,,,,,,0.0,0.0,10000.0,4.0,,,0.0,0.0,10000.0,6.0,,,0.0,0.0,10000.0,4.0,,,0.0,0.0,4200.0,2.0,,5500.0
METAR WALS 040100Z 24004KT 180V290 CAVOK 28/25 Q1012 NOSIG,WALS,2026-08-04 01:00:00,0,240.0,4.0,,10000.0,,,,,,,,,,,0,28.0,25.0,1012.0,0,0,,,0.0,0.0,10000.0,6.0,,,0.0,0.0,10000.0,6.0,,,0.0,0.0,10000.0,6.0,,,0.0,0.0,10000.0,4.0,,4600.0,0.0,0.0,10000.0,6.0,,
METAR WALS 040130Z 22006KT 180V260 9999 FEW020 29/25 Q1012 NOSIG,WALS,2026-08-04 01:30:00,0,220.0,6.0,,10000.0,,FEW,2000.0,,,,,,,,0,29.0,25.0,1012.0,0,0,,,,,,,,,0.0,0.0,10000.0,5.0,,,0.0,0.0,10000.0,6.0,,,,,,,,,0.0,0.0,10000.0,6.0,,
METAR WALS 040400Z 22006KT 210V340 9999 SCT020 32/23 Q1010 NOSIG,WALS,2026-08-04 04:00:00,0,220.0,6.0,,10000.0,,SCT,2000.0,,,,,,,,0,32.0,23.0,1010.0,0,0,,,0.0,0.0,10000.0,5.0,,,0.0,0.0,10000.0,6.0,,,0.0,0.0,10000.0,4.0,,,0.0,0.0,3900.0,1.0,,,0.0,0.0,10000.0,5.0,,
METAR WALS 040430Z 22005KT 150V260 9999 SCT020 33/23 Q1009 NOSIG,WALS,2026-08-04 04:30:00,0,220.0,5.0,,10000.0,,SCT,2000.0,,,,,,,,0,33.0,23.0,1009.0,0,0,,,,,,,,,0.0,0.0,10000.0,6.0,,,0.0,0.0,10000.0,5.0,,,0.0,0.0,1900.0,1.0,,3000.0,0.0,0.0,10000.0,5.0,,
METAR WALS 040700Z 24006KT 220V280 9999 SCT020 34/22 Q1007 NOSIG,WALS,2026-08-04 07:00:00,0,240.0,6.0,,10000.0,,SCT,2000.0,,,,,,,,0,34.0,22.0,1007.0,0,0,,,0.0,0.0,10000.0,6.0,,,0.0,0.0,10000.0,4.0,,,0.0,0.0,10000.0,4.0,,4600.0,0.0,0.0,550.0,1.0,,1800.0,0.0,0.0,10000.0,8.0,,
METAR WALS 040730Z 19006KT 140V240 9999 FEW020 33/24 Q1007 NOSIG,WALS,2026-08-04 07:30:00,0,190.0,6.0,,10000.0,,FEW,2000.0,,,,,,,,0,33.0,24.0,1007.0,0,0,,,,,,,,,0.0,0.0,10000.0,5.0,,,,,,,,,0.0,0.0,550.0,1.0,,1800.0,0.0,0.0,10000.0,9.0,,
METAR WALS 040930Z 20006KT 150V240 9999 FEW020 30/24 Q1008 NOSIG,WALS,2026-08-04 09:30:00,0,200.0,6.0,,10000.0,,FEW,2000.0,,,,,,,,0,30.0,24.0,1008.0,0,0,,,0.0,0.0,10000.0,5.0,,,0.0,0.0,10000.0,4.0,,4600.0,0.0,0.0,6000.0,1.0,,,0.0,0.0,7000.0,1.0,,5500.0,0.0,0.0,10000.0,5.0,,
METAR WALS 041000Z AUTO 21004KT 160V250 9999 NCD 29/24 Q1008,WALS,2026-08-04 10:00:00,1,210.0,4.0,,10000.0,,NCD,,,,,,,,,0,29.0,24.0,1008.0,0,0,,,0.0,0.0,10000.0,5.0,,,0.0,0.0,10000.0,4.0,,4600.0,0.0,0.0,3900.0,1.0,,,0.0,0.0,4200.0,2.0,,5500.0,0.0,0.0,10000.0,5.0,,
METAR WALS 041030Z AUTO 20005KT 140V230 9999 FEW029 FEW040 28/24 Q1008,WALS,2026-08-04 10:30:00,1,200.0,5.0,,10000.0,,FEW,2900.0,,FEW,4000.0,,,,,0,28.0,24.0,1008.0,0,0,,,0.0,0.0,10000.0,3.0,,4700.0,,,,,,,0.0,0.0,1900.0,1.0,,3000.0,0.0,0.0,300.0,1.0,,,0.0,0.0,10000.0,4.0,,
METAR WALS 041200Z AUTO 23003KT 9999 FEW029 OVC047 27/25 Q1009,WALS,2026-08-04 12:00:00,1,230.0,3.0,,10000.0,,FEW,2900.0,,OVC,4700.0,,,,,0,27.0,25.0,1009.0,0,0,,4700.0,0.0,0.0,10000.0,4.0,,4600.0,0.0,0.0,6000.0,1.0,,,0.0,0.0,1300.0,1.0,,200.0,,,,,,,0.0,0.0,10000.0,2.0,,6500.0
METAR WALS 041230Z AUTO 24004KT 9999 OVC046 27/25 Q1009,WALS,2026-08-04 12:30:00,1,240.0,4.0,,10000.0,,OVC,4600.0,,,,,,,,0,27.0,25.0,1009.0,0,0,,4600.0,,,,,,,0.0,0.0,6000.0,1.0,,,0.0,0.0,1600.0,2.0,,200.0,0.0,0.0,10000.0,6.0,,,0.0,0.0,10000.0,1.0,,6000.0
METAR WALS 041430Z AUTO 26001KT 7000 NCD 24/24 Q1010,WALS,2026-08-04 14:30:00,1,260.0,1.0,,7000.0,,NCD,,,,,,,,,0,24.0,24.0,1010.0,0,0,,,0.0,0.0,6000.0,1.0,,,0.0,0.0,550.0,1.0,,1900.0,0.0,0.0,700.0,2.0,,2200.0,,,,,,,0.0,0.0,10000.0,0.0,,
METAR WALS 041500Z AUTO VRB01KT 6000 FEW027 FEW039 24/24 Q1010,WALS,2026-08-04 15:00:00,1,,1.0,,6000.0,,FEW,2700.0,,FEW,3900.0,,,,,0,24.0,24.0,1010.0,0,0,,,0.0,0.0,3900.0,1.0,,,0.0,0.0,1300.0,1.0,,200.0,0.0,0.0,700.0,1.0,,3000.0,,,,,,,0.0,0.0,9000.0,1.0,,
METAR WALS 041600Z AUTO VRB01KT 3900 BR FEW028 FEW037 SCT046 24/23 Q1010,WALS,2026-08-04 16:00:00,1,,1.0,,3900.0,"('', None, '', 'BR', None)",FEW,2800.0,,FEW,3700.0,,SCT,4600.0,,0,24.0,23.0,1010.0,0,0,,,0.0,0.0,550.0,1.0,,1900.0,0.0,0.0,550.0,1.0,,1800.0,0.0,0.0,4200.0,2.0,,5500.0,0.0,0.0,10000.0,5.0,,,0.0,0.0,6000.0,1.0,,
METAR WALS 041630Z AUTO 17001KT 1900 BR SCT021 BKN030 BKN039 23/23 Q1010,WALS,2026-08-04 16:30:00,1,170.0,1.0,,1900.0,"('', None, '', 'BR', None)",SCT,2100.0,,BKN,3000.0,,BKN,3900.0,,0,23.0,23.0,1010.0,0,0,,3000.0,0.0,0.0,550.0,1.0,,1900.0,0.0,0.0,550.0,1.0,,1800.0,0.0,0.0,300.0,1.0,,,0.0,0.0,10000.0,5.0,,,0.0,0.0,8000.0,1.0,,4900.0
METAR WALS 041700Z AUTO VRB01KT 0550 R04/P2000N R22/0800N FG OVC019 23/23 Q1010,WALS,2026-08-04 17:00:00,1,,1.0,,550.0,"('', None, '', 'FG', None)",OVC,1900.0,,,,,,,,0,23.0,23.0,1010.0,0,0,,1900.0,0.0,0.0,1300.0,1.0,,200.0,0.0,0.0,1300.0,1.0,,2300.0,0.0,0.0,450.0,0.0,,,0.0,0.0,10000.0,6.0,,,0.0,0.0,8000.0,1.0,,4900.0
METAR WALS 041800Z AUTO VRB01KT 1300 R04/P2000D R22/1600D BR BKN002 OVC017 23/23 Q1010,WALS,2026-08-04 18:00:00,1,,1.0,,1300.0,"('', None, '', 'BR', None)",BKN,200.0,,OVC,1700.0,,,,,0,23.0,23.0,1010.0,0,0,,200.0,0.0,0.0,550.0,1.0,,1800.0,0.0,0.0,700.0,1.0,,3000.0,,,,,,,,,,,,,0.0,0.0,3500.0,2.0,,3800.0
METAR WALS 041830Z AUTO 18002KT 1600 BR BKN002 OVC016 23/23 Q1010,WALS,2026-08-04 18:30:00,1,180.0,2.0,,1600.0,"('', None, '', 'BR', None)",BKN,200.0,,OVC,1600.0,,,,,0,23.0,23.0,1010.0,0,0,,200.0,0.0,0.0,550.0,1.0,,1800.0,0.0,0.0,7000.0,1.0,,5500.0,0.0,0.0,10000.0,6.0,,,0.0,0.0,10000.0,8.0,,,0.0,0.0,3500.0,2.0,,3800.0
METAR WALS 041900Z AUTO VRB01KT 0550 R04/P2000U R22/0800D FG OVC018 23/23 Q1009,WALS,2026-08-04 19:00:00,1,,1.0,,550.0,"('', None, '', 'FG', None)",OVC,1800.0,,,,,,,,0,23.0,23.0,1009.0,0,0,,1800.0,0.0,0.0,1300.0,1.0,,2300.0,0.0,0.0,4200.0,2.0,,5500.0,0.0,0.0,10000.0,6.0,,,0.0,0.0,10000.0,8.0,,,0.0,0.0,8000.0,1.0,,4500.0
METAR WALS 042000Z AUTO VRB01KT 1300 R04/P2000U R22/1800N BR BKN023 BKN028 OVC039 22/22 Q1009,WALS,2026-08-04 20:00:00,1,,1.0,,1300.0,"('', None, '', 'BR', None)",BKN,2300.0,,BKN,2800.0,,OVC,3900.0,,0,22.0,22.0,1009.0,0,0,,2300.0,0.0,0.0,700.0,1.0,,3000.0,0.0,0.0,450.0,0.0,,,0.0,0.0,10000.0,6.0,,,0.0,0.0,10000.0,7.0,,,0.0,0.0,900.0,1.0,,4000.0
METAR WALS 042030Z AUTO 03002KT 0700 R04/P2000D R22/1000D FG BKN022 BKN026 OVC049 22/22 Q1009,WALS,2026-08-04 20:30:00,1,30.0,2.0,,700.0,"('', None, '', 'FG', None)",BKN,2200.0,,BKN,2600.0,,OVC,4900.0,,0,22.0,22.0,1009.0,0,0,,2200.0,0.0,0.0,7000.0,1.0,,5500.0,0.0,0.0,450.0,0.0,,,,,,,,,0.0,0.0,10000.0,7.0,,,0.0,0.0,900.0,1.0,,4000.0
METAR WALS 042100Z AUTO VRB01KT 0700 R04/P2000U R22/1000N FG SCT003 BKN030 BKN040 22/22 Q1010,WALS,2026-08-04 21:00:00,1,,1.0,,700.0,"('', None, '', 'FG', None)",SCT,300.0,,BKN,3000.0,,BKN,4000.0,,0,22.0,22.0,1010.0,0,0,,3000.0,0.0,0.0,4200.0,2.0,,5500.0,,,,,,,,,,,,,,,,,,,0.0,0.0,9000.0,0.0,,3900.0
METAR WALS 042130Z AUTO VRB01KT 7000 FEW003 FEW027 OVC055 23/23 Q1010,WALS,2026-08-04 21:30:00,1,,1.0,,7000.0,,FEW,300.0,,FEW,2700.0,,OVC,5500.0,,0,23.0,23.0,1010.0,0,0,,5500.0,0.0,0.0,300.0,1.0,,,0.0,0.0,10000.0,6.0,,,,,,,,,0.0,0.0,10000.0,5.0,,,0.0,0.0,3800.0,2.0,,4100.0
METAR WALS 042200Z AUTO VRB02KT 4200 BR FEW003 SCT038 OVC055 22/22 Q1010,WALS,2026-08-04 22:00:00,1,,2.0,,4200.0,"('', None, '', 'BR', None)",FEW,300.0,,SCT,3800.0,,OVC,5500.0,,0,22.0,22.0,1010.0,0,0,,5500.0,0.0,0.0,450.0,0.0,,,0.0,0.0,10000.0,6.0,,,0.0,0.0,10000.0,5.0,,,0.0,0.0,10000.0,5.0,,,0.0,0.0,1000.0,3.0,,
METAR WALS 042230Z VRB01KT 0300 R04/1500 R22/0300 FG VV001 22/22 Q1010 NOSIG,WALS,2026-08-04 22:30:00,0,,1.0,,300.0,"('', None, '', 'FG', None)",VV,100.0,,,,,,,,0,22.0,22.0,1010.0,0,0,,,0.0,0.0,450.0,0.0,,,0.0,0.0,10000.0,6.0,,,0.0,0.0,10000.0,5.0,,,0.0,0.0,10000.0,4.0,,,0.0,0.0,2500.0,2.0,,
METAR WALS 042300Z 00000KT 0450 R04/P2000 R22/0600 FG VV005 23/23 Q1011 BECMG TL2400 8000 NSW,WALS,2026-08-04 23:00:00,0,0.0,0.0,,450.0,"('', None, '', 'FG', None)",VV,500.0,,,,,,,,0,23.0,23.0,1011.0,0,0,,,,,,,,,0.0,0.0,10000.0,6.0,,,0.0,0.0,10000.0,6.0,,,0.0,0.0,10000.0,4.0,,,0.0,0.0,4400.0,0.0,,
METAR WALS 050100Z 26006KT 220V280 9999 SCT015 29/25 Q1011 NOSIG,WALS,2026-08-05 01:00:00,0,260.0,6.0,,10000.0,,SCT,1500.0,,,,,,,,0,29.0,25.0,1011.0,0,0,,,0.0,0.0,10000.0,6.0,,,0.0,0.0,10000.0,5.0,,,0.0,0.0,10000.0,8.0,,,0.0,0.0,10000.0,1.0,,6000.0,0.0,0.0,10000.0,7.0,,
METAR WALS 050130Z 23006KT 9999 SCT018 30/25 Q1011 NOSIG,WALS,2026-08-05 01:30:00,0,230.0,6.0,,10000.0,,SCT,1800.0,,,,,,,,0,30.0,25.0,1011.0,0,0,,,,,,,,,0.0,0.0,10000.0,5.0,,,0.0,0.0,10000.0,9.0,,,,,,,,,0.0,0.0,10000.0,5.0,,
METAR WALS 050430Z 24005KT 200V260 9999 SCT020 33/23 Q1009 NOSIG,WALS,2026-08-05 04:30:00,0,240.0,5.0,,10000.0,,SCT,2000.0,,,,,,,,0,33.0,23.0,1009.0,0,0,,,0.0,0.0,10000.0,6.0,,,0.0,0.0,10000.0,9.0,,,0.0,0.0,10000.0,4.0,,,0.0,0.0,8000.0,1.0,,4900.0,0.0,0.0,10000.0,7.0,,2000.0
METAR WALS 050500Z 24006KT 180V280 9999 SCT020 34/23 Q1009 NOSIG,WALS,2026-08-05 05:00:00,0,240.0,6.0,,10000.0,,SCT,2000.0,,,,,,,,0,34.0,23.0,1009.0,0,0,,,,,,,,,0.0,0.0,10000.0,7.0,,,0.0,0.0,10000.0,4.0,,,0.0,0.0,8000.0,1.0,,4900.0,0.0,0.0,10000.0,5.0,,2000.0
METAR WALS 050700Z 20008KT 160V230 9999 SCT020 33/25 Q1007 NOSIG,WALS,2026-08-05 07:00:00,0,200.0,8.0,,10000.0,,SCT,2000.0,,,,,,,,0,33.0,25.0,1007.0,0,0,,,0.0,0.0,10000.0,7.0,,,0.0,0.0,10000.0,5.0,,,0.0,0.0,10000.0,1.0,,6000.0,0.0,0.0,8000.0,1.0,,4500.0,0.0,0.0,10000.0,6.0,,
METAR WALS 050730Z 18009KT 140V210 9999 SCT020 32/25 Q1007 NOSIG,WALS,2026-08-05 07:30:00,0,180.0,9.0,,10000.0,,SCT,2000.0,,,,,,,,0,32.0,25.0,1007.0,0,0,,,0.0,0.0,10000.0,7.0,,,0.0,0.0,10000.0,4.0,,,,,,,,,0.0,0.0,5000.0,1.0,,3800.0,0.0,0.0,10000.0,7.0,,
METAR WALS 050800Z 19007KT 150V230 9999 SCT020 32/24 Q1007 NOSIG,WALS,2026-08-05 08:00:00,0,190.0,7.0,,10000.0,,SCT,2000.0,,,,,,,,0,32.0,24.0,1007.0,0,0,,,,,,,,,0.0,0.0,10000.0,4.0,,,0.0,0.0,10000.0,0.0,,,0.0,0.0,900.0,1.0,,4000.0,0.0,0.0,10000.0,7.0,,
METAR WALS 051000Z AUTO 19005KT 150V230 9999 NCD 29/23 Q1008 NOSIG,WALS,2026-08-05 10:00:00,1,190.0,5.0,,10000.0,,NCD,,,,,,,,,0,29.0,23.0,1008.0,0,0,,,0.0,0.0,10000.0,4.0,,,0.0,0.0,10000.0,1.0,,6000.0,0.0,0.0,6000.0,1.0,,,0.0,0.0,1000.0,3.0,,,0.0,0.0,10000.0,6.0,,
METAR WALS 051030Z AUTO 20004KT 160V230 9999 NCD 28/24 Q1008 NOSIG,WALS,2026-08-05 10:30:00,1,200.0,4.0,,10000.0,,NCD,,,,,,,,,0,28.0,24.0,1008.0,0,0,,,0.0,0.0,10000.0,2.0,,6500.0,,,,,,,0.0,0.0,8000.0,1.0,,4900.0,0.0,0.0,2500.0,2.0,,,0.0,0.0,10000.0,4.0,,
METAR WALS 051200Z AUTO 23002KT 9999 FEW023 SCT055 BKN065 27/24 Q1009,WALS,2026-08-05 12:00:00,1,230.0,2.0,,10000.0,,FEW,2300.0,,SCT,5500.0,,BKN,6500.0,,0,27.0,24.0,1009.0,0,0,,6500.0,0.0,0.0,10000.0,1.0,,6000.0,0.0,0.0,9000.0,1.0,,,0.0,0.0,3500.0,2.0,,3800.0,0.0,0.0,7000.0,1.0,,,0.0,0.0,10000.0,2.0,,4700.0
METAR WALS 051230Z AUTO VRB01KT 9999 FEW025 SCT029 BKN060 26/24 Q1010,WALS,2026-08-05 12:30:00,1,,1.0,,10000.0,,FEW,2500.0,,SCT,2900.0,,BKN,6000.0,,0,26.0,24.0,1010.0,0,0,,6000.0,,,,,,,0.0,0.0,9000.0,1.0,,,0.0,0.0,3500.0,2.0,,3800.0,0.0,0.0,10000.0,7.0,,,0.0,0.0,10000.0,2.0,,5000.0
METAR WALS 051430Z AUTO 00000KT 9999 FEW031 FEW049 SCT060 24/24 Q1010,WALS,2026-08-05 14:30:00,1,0.0,0.0,,10000.0,,FEW,3100.0,,FEW,4900.0,,SCT,6000.0,,0,24.0,24.0,1010.0,0,0,,,0.0,0.0,9000.0,1.0,,,0.0,0.0,5000.0,0.0,,4200.0,0.0,0.0,900.0,1.0,,4000.0,,,,,,,,,,,,
METAR WALS 051500Z AUTO 27001KT 9000 SCT034 24/24 Q1010,WALS,2026-08-05 15:00:00,1,270.0,1.0,,9000.0,,SCT,3400.0,,,,,,,,0,24.0,24.0,1010.0,0,0,,,0.0,0.0,6000.0,1.0,,,0.0,0.0,3500.0,2.0,,3800.0,0.0,0.0,9000.0,0.0,,3900.0,,,,,,,,,,,,
METAR WALS 051600Z AUTO 36001KT 6000 SCT055 24/24 Q1011,WALS,2026-08-05 16:00:00,1,360.0,1.0,,6000.0,,SCT,5500.0,,,,,,,,0,24.0,24.0,1011.0,0,0,,,0.0,0.0,8000.0,1.0,,4900.0,0.0,0.0,8000.0,1.0,,4500.0,0.0,0.0,1000.0,3.0,,,0.0,0.0,10000.0,7.0,,2000.0,,,,,,
METAR WALS 051630Z AUTO 19001KT 8000 OVC049 24/23 Q1010,WALS,2026-08-05 16:30:00,1,190.0,1.0,,8000.0,,OVC,4900.0,,,,,,,,0,24.0,23.0,1010.0,0,0,,4900.0,0.0,0.0,5000.0,0.0,,4200.0,0.0,0.0,5000.0,1.0,,3800.0,0.0,0.0,2500.0,2.0,,,0.0,0.0,10000.0,7.0,,2000.0,,,,,,
METAR WALS 051730Z AUTO 00000KT 5000 BKN042 OVC048 24/23 Q1010,WALS,2026-08-05 17:30:00,1,0.0,0.0,,5000.0,,BKN,4200.0,,OVC,4800.0,,,,,0,24.0,23.0,1010.0,0,0,,4200.0,0.0,0.0,3500.0,2.0,,3800.0,0.0,0.0,900.0,1.0,,4000.0,0.0,0.0,7000.0,1.0,,,0.0,0.0,10000.0,5.0,,2000.0,,,,,,
METAR WALS 051800Z AUTO 02002KT 3500 BR BKN038 BKN045 OVC055 23/23 Q1010,WALS,2026-08-05 18:00:00,1,20.0,2.0,,3500.0,"('', None, '', 'BR', None)",BKN,3800.0,,BKN,4500.0,,OVC,5500.0,,0,23.0,23.0,1010.0,0,0,,3800.0,0.0,0.0,8000.0,1.0,,4500.0,0.0,0.0,9000.0,0.0,,3900.0,0.0,0.0,7000.0,1.0,,,,,,,,,,,,,,
METAR WALS 051900Z AUTO 16001KT 8000 SCT037 OVC045 23/23 Q1009,WALS,2026-08-05 19:00:00,1,160.0,1.0,,8000.0,,SCT,3700.0,,OVC,4500.0,,,,,0,23.0,23.0,1009.0,0,0,,4500.0,0.0,0.0,900.0,1.0,,4000.0,0.0,0.0,1000.0,3.0,,,0.0,0.0,10000.0,7.0,,,0.0,0.0,10000.0,6.0,,,,,,,,
METAR WALS 051930Z AUTO 24001KT 5000 BKN038 OVC045 23/23 Q1009,WALS,2026-08-05 19:30:00,1,240.0,1.0,,5000.0,,BKN,3800.0,,OVC,4500.0,,,,,0,23.0,23.0,1009.0,0,0,,3800.0,0.0,0.0,900.0,1.0,,4000.0,0.0,0.0,2500.0,2.0,,,0.0,0.0,10000.0,5.0,,,0.0,0.0,10000.0,7.0,,,,,,,,
METAR WALS 052000Z AUTO VRB01KT 0900 R04/P2000D R22/1400N FG BKN040 OVC046 23/23 Q1009,WALS,2026-08-05 20:00:00,1,,1.0,,900.0,"('', None, '', 'FG', None)",BKN,4000.0,,OVC,4600.0,,,,,0,23.0,23.0,1009.0,0,0,,4000.0,0.0,0.0,9000.0,0.0,,3900.0,0.0,0.0,4400.0,0.0,,,0.0,0.0,10000.0,5.0,,,0.0,0.0,10000.0,7.0,,,,,,,,
METAR WALS 052100Z AUTO 00000KT 9000 BKN039 OVC045 23/23 Q1009,WALS,2026-08-05 21:00:00,1,0.0,0.0,,9000.0,,BKN,3900.0,,OVC,4500.0,,,,,0,23.0,23.0,1009.0,0,0,,3900.0,0.0,0.0,1000.0,3.0,,,0.0,0.0,7000.0,1.0,,,,,,,,,,,,,,,,,,,,
METAR WALS 052130Z AUTO VRB02KT 3800 BR OVC041 23/23 Q1010,WALS,2026-08-05 21:30:00,1,,2.0,,3800.0,"('', None, '', 'BR', None)",OVC,4100.0,,,,,,,,0,23.0,23.0,1010.0,0,0,,4100.0,0.0,0.0,2500.0,2.0,,,0.0,0.0,10000.0,7.0,,,,,,,,,0.0,0.0,10000.0,6.0,,,,,,,,
METAR WALS 052200Z 02003KT 1000 BR FEW013 22/22 Q1010 BECMG TL2300 5000 NSW,WALS,2026-08-05 22:00:00,0,20.0,3.0,,1000.0,"('', None, '', 'BR', None)",FEW,1300.0,,,,,,,,0,22.0,22.0,1010.0,0,0,,,0.0,0.0,4400.0,0.0,,,0.0,0.0,10000.0,7.0,,,0.0,0.0,10000.0,7.0,,2000.0,0.0,0.0,10000.0,6.0,,,,,,,,
METAR WALS 052230Z 08002KT 2500 BR FEW013 23/23 Q1010 BECMG TL2330 5000 NSW,WALS,2026-08-05 22:30:00,0,80.0,2.0,,2500.0,"('', None, '', 'BR', None)",FEW,1300.0,,,,,,,,0,23.0,23.0,1010.0,0,0,,,0.0,0.0,7000.0,1.0,,,0.0,0.0,10000.0,5.0,,,0.0,0.0,10000.0,7.0,,2000.0,0.0,0.0,10000.0,4.0,,,,,,,,
METAR WALS 052300Z 00000KT 4400 BR FEW015 23/23 Q1010 BECMG TL2330 5000 NSW,WALS,2026-08-05 23:00:00,0,0.0,0.0,,4400.0,"('', None, '', 'BR', None)",FEW,1500.0,,,,,,,,0,23.0,23.0,1010.0,0,0,,,0.0,0.0,7000.0,1.0,,,0.0,0.0,10000.0,5.0,,,0.0,0.0,10000.0,5.0,,2000.0,0.0,0.0,10000.0,4.0,,,0.0,0.0,9000.0,1.0,,
METAR WALS 052330Z VRB01KT 7000 FEW016 26/24 Q1010 NOSIG,WALS,2026-08-05 23:30:00,0,,1.0,,7000.0,,FEW,1600.0,,,,,,,,0,26.0,24.0,1010.0,0,0,,,0.0,0.0,10000.0,7.0,,,,,,,,,0.0,0.0,10000.0,5.0,,2000.0,0.0,0.0,10000.0,2.0,,4700.0,0.0,0.0,9000.0,1.0,,
METAR WALS 060100Z 23007KT 190V260 9999 FEW019 29/24 Q1011 NOSIG,WALS,2026-08-06 01:00:00,0,230.0,7.0,,10000.0,,FEW,1900.0,,,,,,,,0,29.0,24.0,1011.0,0,0,,,0.0,0.0,10000.0,5.0,,,0.0,0.0,10000.0,7.0,,2000.0,0.0,0.0,10000.0,6.0,,,0.0,0.0,10000.0,2.0,,5000.0,0.0,0.0,10000.0,5.0,,
METAR WALS 060130Z 22005KT 160V260 9999 SCT020 30/24 Q1011 NOSIG,WALS,2026-08-06 01:30:00,0,220.0,5.0,,10000.0,,SCT,2000.0,,,,,,,,0,30.0,24.0,1011.0,0,0,,,,,,,,,0.0,0.0,10000.0,7.0,,2000.0,0.0,0.0,10000.0,7.0,,,,,,,,,,,,,,
METAR WALS 060430Z 25007KT 220V010 9999 BKN020 32/23 Q1009 NOSIG,WALS,2026-08-06 04:30:00,0,250.0,7.0,,10000.0,,BKN,2000.0,,,,,,,,0,32.0,23.0,1009.0,0,0,,2000.0,0.0,0.0,10000.0,5.0,,2000.0,0.0,0.0,10000.0,7.0,,,0.0,0.0,10000.0,4.0,,,,,,,,,0.0,0.0,10000.0,7.0,,4700.0
METAR WALS 060500Z 19005KT 140V240 9999 BKN020 32/24 Q1009 NOSIG,WALS,2026-08-06 05:00:00,0,190.0,5.0,,10000.0,,BKN,2000.0,,,,,,,,0,32.0,24.0,1009.0,0,0,,2000.0,,,,,,,0.0,0.0,10000.0,7.0,,,0.0,0.0,10000.0,4.0,,,,,,,,,0.0,0.0,10000.0,6.0,,4500.0
METAR WALS 060700Z 19006KT 150V240 9999 SCT020 33/25 Q1007 NOSIG,WALS,2026-08-06 07:00:00,0,190.0,6.0,,10000.0,,SCT,2000.0,,,,,,,,0,33.0,25.0,1007.0,0,0,,,0.0,0.0,10000.0,7.0,,,0.0,0.0,10000.0,6.0,,,0.0,0.0,10000.0,2.0,,5000.0,,,,,,,0.0,0.0,10000.0,8.0,,2000.0
METAR WALS 060730Z 19007KT 150V240 9999 SCT020 32/25 Q1007 NOSIG,WALS,2026-08-06 07:30:00,0,190.0,7.0,,10000.0,,SCT,2000.0,,,,,,,,0,32.0,25.0,1007.0,0,0,,,,,,,,,0.0,0.0,10000.0,4.0,,,,,,,,,,,,,,,0.0,0.0,10000.0,8.0,,
METAR WALS 061000Z 18006KT 140V230 CAVOK 29/24 Q1008 NOSIG,WALS,2026-08-06 10:00:00,0,180.0,6.0,,10000.0,,,,,,,,,,,0,29.0,24.0,1008.0,0,0,,,0.0,0.0,10000.0,4.0,,,0.0,0.0,10000.0,2.0,,5000.0,,,,,,,,,,,,,0.0,0.0,10000.0,7.0,,
METAR WALS 061030Z AUTO 19004KT 170V250 9999 FEW031 SCT040 28/24 Q1008,WALS,2026-08-06 10:30:00,1,190.0,4.0,,10000.0,,FEW,3100.0,,SCT,4000.0,,,,,0,28.0,24.0,1008.0,0,0,,,0.0,0.0,10000.0,2.0,,4700.0,,,,,,,,,,,,,,,,,,,0.0,0.0,10000.0,3.0,,
METAR WALS 061200Z AUTO 23002KT 9999 FEW028 FEW035 BKN047 27/23 Q1010,WALS,2026-08-06 12:00:00,1,230.0,2.0,,10000.0,,FEW,2800.0,,FEW,3500.0,,BKN,4700.0,,0,27.0,23.0,1010.0,0,0,,4700.0,0.0,0.0,10000.0,2.0,,5000.0,,,,,,,,,,,,,0.0,0.0,10000.0,3.0,,,0.0,0.0,10000.0,3.0,,
METAR WALS 061230Z AUTO VRB02KT 9999 FEW018 FEW042 OVC050 26/24 Q1010,WALS,2026-08-06 12:30:00,1,,2.0,,10000.0,,FEW,1800.0,,FEW,4200.0,,OVC,5000.0,,0,26.0,24.0,1010.0,0,0,,5000.0,,,,,,,,,,,,,,,,,,,0.0,0.0,10000.0,5.0,,,0.0,0.0,10000.0,3.0,,
METAR WALS 062330Z VRB01KT 9000 FEW018 25/24 Q1011 NOSIG,WALS,2026-08-06 23:30:00,0,,1.0,,9000.0,,FEW,1800.0,,,,,,,,0,25.0,24.0,1011.0,0,0,,,0.0,0.0,10000.0,5.0,,,0.0,0.0,10000.0,9.0,,,0.0,0.0,10000.0,6.0,,4500.0,0.0,0.0,10000.0,5.0,,5500.0,0.0,0.0,8000.0,1.0,,
METAR WALS 070000Z 24003KT 200V270 9999 FEW018 27/24 Q1011 NOSIG,WALS,2026-08-07 00:00:00,0,240.0,3.0,,10000.0,,FEW,1800.0,,,,,,,,0,27.0,24.0,1011.0,0,0,,,0.0,0.0,10000.0,5.0,,,0.0,0.0,10000.0,9.0,,,0.0,0.0,10000.0,6.0,,2500.0,0.0,0.0,10000.0,3.0,,,0.0,0.0,8000.0,1.0,,
METAR WALS 070030Z 23005KT 200V260 9999 FEW020 28/24 Q1012 NOSIG,WALS,2026-08-07 00:30:00,0,230.0,5.0,,10000.0,,FEW,2000.0,,,,,,,,0,28.0,24.0,1012.0,0,0,,,,,,,,,0.0,0.0,10000.0,8.0,,,0.0,0.0,10000.0,8.0,,2000.0,0.0,0.0,10000.0,3.0,,,0.0,0.0,10000.0,4.0,,
METAR WALS 070300Z 24009KT 190V280 9999 FEW020 32/23 Q1011 NOSIG,WALS,2026-08-07 03:00:00,0,240.0,9.0,,10000.0,,FEW,2000.0,,,,,,,,0,32.0,23.0,1011.0,0,0,,,0.0,0.0,10000.0,8.0,,,0.0,0.0,10000.0,6.0,,2500.0,0.0,0.0,10000.0,8.0,,,0.0,0.0,10000.0,1.0,,,0.0,0.0,10000.0,7.0,,
METAR WALS 070330Z 24008KT 180V270 9999 SCT020 33/23 Q1011 NOSIG,WALS,2026-08-07 03:30:00,0,240.0,8.0,,10000.0,,SCT,2000.0,,,,,,,,0,33.0,23.0,1011.0,0,0,,,0.0,0.0,10000.0,7.0,,4700.0,0.0,0.0,10000.0,8.0,,2000.0,0.0,0.0,10000.0,6.0,,,0.0,0.0,10000.0,2.0,,,0.0,0.0,10000.0,5.0,,
METAR WALS 070430Z AUTO 24007KT 180V290 9999 BKN047 BKN065 33/22 Q1010,WALS,2026-08-07 04:30:00,1,240.0,7.0,,10000.0,,BKN,4700.0,,BKN,6500.0,,,,,0,33.0,22.0,1010.0,0,0,,4700.0,0.0,0.0,10000.0,6.0,,4500.0,0.0,0.0,10000.0,8.0,,,0.0,0.0,10000.0,3.0,,,0.0,0.0,7000.0,1.0,,,0.0,0.0,10000.0,7.0,,
METAR WALS 070500Z AUTO 23006KT 200V280 9999 BKN045 BKN055 BKN070 34/23 Q1009,WALS,2026-08-07 05:00:00,1,230.0,6.0,,10000.0,,BKN,4500.0,,BKN,5500.0,,BKN,7000.0,,0,34.0,23.0,1009.0,0,0,,4500.0,0.0,0.0,10000.0,6.0,,2500.0,0.0,0.0,10000.0,9.0,,,0.0,0.0,10000.0,6.0,,,0.0,0.0,6000.0,1.0,,,0.0,0.0,10000.0,5.0,,
METAR WALS 070600Z 19006KT 120V240 9999 BKN025 34/23 Q1008 NOSIG,WALS,2026-08-07 06:00:00,0,190.0,6.0,,10000.0,,BKN,2500.0,,,,,,,,0,34.0,23.0,1008.0,0,0,,2500.0,0.0,0.0,10000.0,8.0,,2000.0,0.0,0.0,10000.0,8.0,,,0.0,0.0,10000.0,3.0,,,0.0,0.0,7000.0,1.0,,,0.0,0.0,10000.0,8.0,,
METAR WALS 070630Z 18008KT 140V220 9999 BKN020 32/23 Q1008 NOSIG,WALS,2026-08-07 06:30:00,0,180.0,8.0,,10000.0,,BKN,2000.0,,,,,,,,0,32.0,23.0,1008.0,0,0,,2000.0,0.0,0.0,10000.0,8.0,,,0.0,0.0,10000.0,6.0,,,0.0,0.0,10000.0,3.0,,,0.0,0.0,800.0,2.0,,3700.0,0.0,0.0,10000.0,7.0,,
METAR WALS 070700Z 18008KT 130V220 9999 BKN020 32/24 Q1007 NOSIG,WALS,2026-08-07 07:00:00,0,180.0,8.0,,10000.0,,BKN,2000.0,,,,,,,,0,32.0,24.0,1007.0,0,0,,2000.0,0.0,0.0,10000.0,9.0,,,0.0,0.0,10000.0,7.0,,,0.0,0.0,10000.0,2.0,,,0.0,0.0,8000.0,1.0,,5500.0,0.0,0.0,10000.0,5.0,,
METAR WALS 070730Z 18008KT 150V240 9999 FEW018 32/24 Q1007 NOSIG,WALS,2026-08-07 07:30:00,0,180.0,8.0,,10000.0,,FEW,1800.0,,,,,,,,0,32.0,24.0,1007.0,0,0,,,0.0,0.0,10000.0,8.0,,,0.0,0.0,10000.0,3.0,,,0.0,0.0,10000.0,2.0,,,0.0,0.0,5000.0,1.0,,4100.0,0.0,0.0,10000.0,7.0,,
METAR WALS 070800Z 18009KT 130V220 9999 FEW017 31/24 Q1007 NOSIG,WALS,2026-08-07 08:00:00,0,180.0,9.0,,10000.0,,FEW,1700.0,,,,,,,,0,31.0,24.0,1007.0,0,0,,,0.0,0.0,10000.0,8.0,,,0.0,0.0,10000.0,6.0,,,0.0,0.0,10000.0,2.0,,,0.0,0.0,800.0,2.0,,3800.0,0.0,0.0,10000.0,7.0,,
METAR WALS 070830Z 19008KT 150V240 9999 FEW020 31/24 Q1007 NOSIG,WALS,2026-08-07 08:30:00,0,190.0,8.0,,10000.0,,FEW,2000.0,,,,,,,,0,31.0,24.0,1007.0,0,0,,,0.0,0.0,10000.0,6.0,,,0.0,0.0,10000.0,5.0,,5500.0,0.0,0.0,10000.0,1.0,,,0.0,0.0,800.0,2.0,,4000.0,0.0,0.0,10000.0,7.0,,
METAR WALS 070900Z 18008KT 150V220 9999 FEW020 30/24 Q1007 NOSIG,WALS,2026-08-07 09:00:00,0,180.0,8.0,,10000.0,,FEW,2000.0,,,,,,,,0,30.0,24.0,1007.0,0,0,,,0.0,0.0,10000.0,7.0,,,0.0,0.0,10000.0,3.0,,,0.0,0.0,10000.0,1.0,,,0.0,0.0,7000.0,1.0,,3800.0,0.0,0.0,10000.0,7.0,,
METAR WALS 070930Z 18006KT 140V220 9999 FEW020 30/24 Q1008 NOSIG,WALS,2026-08-07 09:30:00,0,180.0,6.0,,10000.0,,FEW,2000.0,,,,,,,,0,30.0,24.0,1008.0,0,0,,,0.0,0.0,10000.0,3.0,,,0.0,0.0,10000.0,3.0,,,0.0,0.0,10000.0,2.0,,,0.0,0.0,6000.0,0.0,,4200.0,0.0,0.0,10000.0,6.0,,
METAR WALS 071000Z 18007KT 150V220 9999 FEW020 28/23 Q1008 NOSIG,WALS,2026-08-07 10:00:00,0,180.0,7.0,,10000.0,,FEW,2000.0,,,,,,,,0,28.0,23.0,1008.0,0,0,,,0.0,0.0,10000.0,6.0,,,0.0,0.0,10000.0,2.0,,,0.0,0.0,8000.0,1.0,,4300.0,0.0,0.0,1800.0,1.0,,4200.0,0.0,0.0,10000.0,5.0,,
METAR WALS 071030Z AUTO 19003KT 150V220 9999 FEW028 FEW040 28/24 Q1009 NOSIG,WALS,2026-08-07 10:30:00,1,190.0,3.0,,10000.0,,FEW,2800.0,,FEW,4000.0,,,,,0,28.0,24.0,1009.0,0,0,,,0.0,0.0,10000.0,5.0,,5500.0,0.0,0.0,10000.0,2.0,,,0.0,0.0,7000.0,1.0,,,0.0,0.0,2000.0,1.0,,,0.0,0.0,10000.0,4.0,,
METAR WALS 071100Z AUTO 21006KT 9999 SCT021 SCT034 SCT040 27/23 Q1009 NOSIG,WALS,2026-08-07 11:00:00,1,210.0,6.0,,10000.0,,SCT,2100.0,,SCT,3400.0,,SCT,4000.0,,0,27.0,23.0,1009.0,0,0,,,0.0,0.0,10000.0,3.0,,,0.0,0.0,10000.0,2.0,,,0.0,0.0,6000.0,1.0,,,0.0,0.0,5000.0,0.0,,,0.0,0.0,10000.0,5.0,,
METAR WALS 071130Z AUTO 22005KT 180V250 9999 SCT039 SCT049 BKN055 27/23 Q1009,WALS,2026-08-07 11:30:00,1,220.0,5.0,,10000.0,,SCT,3900.0,,SCT,4900.0,,BKN,5500.0,,0,27.0,23.0,1009.0,0,0,,5500.0,0.0,0.0,10000.0,3.0,,,0.0,0.0,10000.0,1.0,,,0.0,0.0,2400.0,0.0,,,0.0,0.0,8000.0,1.0,,,0.0,0.0,10000.0,5.0,,
METAR WALS 071200Z AUTO 23003KT 210V270 9999 FEW021 FEW050 SCT055 26/23 Q1010,WALS,2026-08-07 12:00:00,1,230.0,3.0,,10000.0,,FEW,2100.0,,FEW,5000.0,,SCT,5500.0,,0,26.0,23.0,1010.0,0,0,,,0.0,0.0,10000.0,2.0,,,0.0,0.0,10000.0,1.0,,,0.0,0.0,7000.0,1.0,,,0.0,0.0,8000.0,1.0,,,0.0,0.0,10000.0,3.0,,
METAR WALS 071300Z AUTO 25002KT 9999 FEW022 FEW033 25/23 Q1011,WALS,2026-08-07 13:00:00,1,250.0,2.0,,10000.0,,FEW,2200.0,,FEW,3300.0,,,,,0,25.0,23.0,1011.0,0,0,,,0.0,0.0,10000.0,2.0,,,0.0,0.0,8000.0,1.0,,4300.0,0.0,0.0,8000.0,1.0,,5500.0,0.0,0.0,10000.0,4.0,,,0.0,0.0,10000.0,2.0,,1600.0
METAR WALS 071330Z AUTO 29002KT 9999 FEW019 FEW033 25/23 Q1011,WALS,2026-08-07 13:30:00,1,290.0,2.0,,10000.0,,FEW,1900.0,,FEW,3300.0,,,,,0,25.0,23.0,1011.0,0,0,,,0.0,0.0,10000.0,1.0,,,0.0,0.0,7000.0,1.0,,,0.0,0.0,5000.0,1.0,,4100.0,0.0,0.0,10000.0,4.0,,,0.0,0.0,10000.0,3.0,,
METAR WALS 071400Z AUTO 27002KT 9999 FEW018 FEW030 FEW038 24/23 Q1011,WALS,2026-08-07 14:00:00,1,270.0,2.0,,10000.0,,FEW,1800.0,,FEW,3000.0,,FEW,3800.0,,0,24.0,23.0,1011.0,0,0,,,0.0,0.0,10000.0,1.0,,,0.0,0.0,6000.0,1.0,,,0.0,0.0,800.0,2.0,,3800.0,0.0,0.0,10000.0,6.0,,,0.0,0.0,10000.0,2.0,,
METAR WALS 071430Z AUTO 26001KT 9999 FEW018 SCT035 24/23 Q1011,WALS,2026-08-07 14:30:00,1,260.0,1.0,,10000.0,,FEW,1800.0,,SCT,3500.0,,,,,0,24.0,23.0,1011.0,0,0,,,0.0,0.0,10000.0,2.0,,,0.0,0.0,2400.0,0.0,,,0.0,0.0,800.0,2.0,,4000.0,0.0,0.0,10000.0,7.0,,,0.0,0.0,10000.0,2.0,,
METAR WALS 071500Z AUTO 24001KT 9999 SCT034 SCT042 23/23 Q1011,WALS,2026-08-07 15:00:00,1,240.0,1.0,,10000.0,,SCT,3400.0,,SCT,4200.0,,,,,0,23.0,23.0,1011.0,0,0,,,0.0,0.0,8000.0,1.0,,4300.0,0.0,0.0,7000.0,1.0,,,0.0,0.0,7000.0,1.0,,3800.0,0.0,0.0,10000.0,7.0,,,0.0,0.0,10000.0,2.0,,
METAR WALS 071530Z AUTO 18002KT 9999 SCT038 23/23 Q1011,WALS,2026-08-07 15:30:00,1,180.0,2.0,,10000.0,,SCT,3800.0,,,,,,,,0,23.0,23.0,1011.0,0,0,,,0.0,0.0,7000.0,1.0,,,0.0,0.0,800.0,2.0,,3700.0,0.0,0.0,6000.0,0.0,,4200.0,0.0,0.0,10000.0,5.0,,,0.0,0.0,10000.0,1.0,,
METAR WALS 071600Z AUTO VRB01KT 8000 SCT037 BKN043 23/23 Q1011,WALS,2026-08-07 16:00:00,1,,1.0,,8000.0,,SCT,3700.0,,BKN,4300.0,,,,,0,23.0,23.0,1011.0,0,0,,4300.0,0.0,0.0,6000.0,1.0,,,0.0,0.0,8000.0,1.0,,5500.0,0.0,0.0,1800.0,1.0,,4200.0,0.0,0.0,10000.0,5.0,,,0.0,0.0,10000.0,1.0,,4500.0
METAR WALS 071630Z AUTO 36001KT 7000 FEW045 23/23 Q1011,WALS,2026-08-07 16:30:00,1,360.0,1.0,,7000.0,,FEW,4500.0,,,,,,,,0,23.0,23.0,1011.0,0,0,,,0.0,0.0,2400.0,0.0,,,0.0,0.0,5000.0,1.0,,4100.0,0.0,0.0,2000.0,1.0,,,0.0,0.0,10000.0,7.0,,,0.0,0.0,10000.0,5.0,,
METAR WALS 071700Z AUTO 36001KT 6000 FEW041 FEW049 FEW055 23/22 Q1011,WALS,2026-08-07 17:00:00,1,360.0,1.0,,6000.0,,FEW,4100.0,,FEW,4900.0,,FEW,5500.0,,0,23.0,22.0,1011.0,0,0,,,0.0,0.0,7000.0,1.0,,,0.0,0.0,800.0,2.0,,3800.0,0.0,0.0,5000.0,0.0,,,0.0,0.0,10000.0,5.0,,,0.0,0.0,10000.0,3.0,,
METAR WALS 071730Z AUTO 00000KT 2400 BR FEW034 SCT050 23/22 Q1010,WALS,2026-08-07 17:30:00,1,0.0,0.0,,2400.0,"('', None, '', 'BR', None)",FEW,3400.0,,SCT,5000.0,,,,,0,23.0,22.0,1010.0,0,0,,,0.0,0.0,800.0,2.0,,3700.0,0.0,0.0,800.0,2.0,,4000.0,0.0,0.0,8000.0,1.0,,,0.0,0.0,10000.0,4.0,,,0.0,0.0,10000.0,2.0,,3000.0
METAR WALS 071800Z AUTO VRB01KT 7000 FEW036 FEW048 SCT055 23/23 Q1010,WALS,2026-08-07 18:00:00,1,,1.0,,7000.0,,FEW,3600.0,,FEW,4800.0,,SCT,5500.0,,0,23.0,23.0,1010.0,0,0,,,0.0,0.0,8000.0,1.0,,5500.0,0.0,0.0,7000.0,1.0,,3800.0,0.0,0.0,8000.0,1.0,,,0.0,0.0,10000.0,8.0,,,0.0,0.0,10000.0,2.0,,
METAR WALS 071830Z AUTO VRB02KT 0800 R04/P2000N R22/1200N FG BKN037 BKN045 22/22 Q1010,WALS,2026-08-07 18:30:00,1,,2.0,,800.0,"('', None, '', 'FG', None)",BKN,3700.0,,BKN,4500.0,,,,,0,22.0,22.0,1010.0,0,0,,3700.0,0.0,0.0,5000.0,1.0,,4100.0,0.0,0.0,6000.0,0.0,,4200.0,0.0,0.0,10000.0,4.0,,,0.0,0.0,10000.0,7.0,,,0.0,0.0,6000.0,1.0,,
METAR WALS 071900Z AUTO VRB01KT 8000 SCT042 BKN055 22/22 Q1010,WALS,2026-08-07 19:00:00,1,,1.0,,8000.0,,SCT,4200.0,,BKN,5500.0,,,,,0,22.0,22.0,1010.0,0,0,,5500.0,0.0,0.0,800.0,2.0,,3800.0,0.0,0.0,1800.0,1.0,,4200.0,0.0,0.0,10000.0,4.0,,,0.0,0.0,10000.0,5.0,,,0.0,0.0,10000.0,0.0,,
METAR WALS 071930Z AUTO VRB01KT 5000 OVC041 22/22 Q1010,WALS,2026-08-07 19:30:00,1,,1.0,,5000.0,,OVC,4100.0,,,,,,,,0,22.0,22.0,1010.0,0,0,,4100.0,0.0,0.0,800.0,2.0,,4000.0,0.0,0.0,2000.0,1.0,,,0.0,0.0,10000.0,4.0,,,0.0,0.0,10000.0,7.0,,,0.0,0.0,3500.0,1.0,,
METAR WALS 072000Z AUTO 29002KT 0800 R04/P2000D R22/1200U FG OVC038 22/22 Q1010,WALS,2026-08-07 20:00:00,1,290.0,2.0,,800.0,"('', None, '', 'FG', None)",OVC,3800.0,,,,,,,,0,22.0,22.0,1010.0,0,0,,3800.0,0.0,0.0,7000.0,1.0,,3800.0,0.0,0.0,5000.0,0.0,,,0.0,0.0,10000.0,6.0,,,0.0,0.0,10000.0,7.0,,,0.0,0.0,4300.0,1.0,,
METAR WALS 072030Z AUTO 33002KT 0800 R04/P2000U R22/1100U FG OVC040 22/22 Q1010,WALS,2026-08-07 20:30:00,1,330.0,2.0,,800.0,"('', None, '', 'FG', None)",OVC,4000.0,,,,,,,,0,22.0,22.0,1010.0,0,0,,4000.0,0.0,0.0,6000.0,0.0,,4200.0,0.0,0.0,8000.0,1.0,,,0.0,0.0,10000.0,7.0,,,0.0,0.0,10000.0,7.0,,,0.0,0.0,3500.0,1.0,,
METAR WALS 072100Z AUTO VRB01KT 7000 BKN038 OVC043 22/22 Q1010,WALS,2026-08-07 21:00:00,1,,1.0,,7000.0,,BKN,3800.0,,OVC,4300.0,,,,,0,22.0,22.0,1010.0,0,0,,3800.0,0.0,0.0,1800.0,1.0,,4200.0,0.0,0.0,8000.0,1.0,,,0.0,0.0,10000.0,7.0,,,0.0,0.0,10000.0,7.0,,,0.0,0.0,2100.0,0.0,,4100.0
METAR WALS 072130Z AUTO 00000KT 6000 OVC042 22/22 Q1010,WALS,2026-08-07 21:30:00,1,0.0,0.0,,6000.0,,OVC,4200.0,,,,,,,,0,22.0,22.0,1010.0,0,0,,4200.0,0.0,0.0,2000.0,1.0,,,0.0,0.0,10000.0,4.0,,,0.0,0.0,10000.0,5.0,,,0.0,0.0,10000.0,6.0,,,0.0,0.0,6000.0,1.0,,5500.0
METAR WALS 072200Z AUTO 05001KT 1800 BR OVC042 21/21 Q1011,WALS,2026-08-07 22:00:00,1,50.0,1.0,,1800.0,"('', None, '', 'BR', None)",OVC,4200.0,,,,,,,,0,21.0,21.0,1011.0,0,0,,4200.0,0.0,0.0,5000.0,0.0,,,0.0,0.0,10000.0,4.0,,,0.0,0.0,10000.0,5.0,,,0.0,0.0,10000.0,5.0,,,0.0,0.0,5000.0,1.0,,6000.0
METAR WALS 072230Z 14001KT 2000 BR FEW002 22/22 Q1011 BECMG TL2330 5000 NSW,WALS,2026-08-07 22:30:00,0,140.0,1.0,,2000.0,"('', None, '', 'BR', None)",FEW,200.0,,,,,,,,0,22.0,22.0,1011.0,0,0,,,0.0,0.0,8000.0,1.0,,,0.0,0.0,10000.0,4.0,,,0.0,0.0,10000.0,7.0,,,0.0,0.0,10000.0,4.0,,,0.0,0.0,6000.0,1.0,,
METAR WALS 072300Z 00000KT 5000 FEW015 23/22 Q1011 NOSIG,WALS,2026-08-07 23:00:00,0,0.0,0.0,,5000.0,,FEW,1500.0,,,,,,,,0,23.0,22.0,1011.0,0,0,,,0.0,0.0,8000.0,1.0,,,0.0,0.0,10000.0,6.0,,,0.0,0.0,10000.0,5.0,,,0.0,0.0,10000.0,5.0,,,0.0,0.0,7000.0,1.0,,
METAR WALS 072330Z VRB01KT 8000 FEW020 24/23 Q1012 NOSIG,WALS,2026-08-07 23:30:00,0,,1.0,,8000.0,,FEW,2000.0,,,,,,,,0,24.0,23.0,1012.0,0,0,,,0.0,0.0,10000.0,4.0,,,0.0,0.0,10000.0,7.0,,,0.0,0.0,10000.0,4.0,,,0.0,0.0,10000.0,5.0,,,0.0,0.0,8000.0,1.0,,
METAR WALS 080030Z 26004KT 230V290 9999 FEW020 27/24 Q1012 NOSIG,WALS,2026-08-08 00:30:00,0,260.0,4.0,,10000.0,,FEW,2000.0,,,,,,,,0,27.0,24.0,1012.0,0,0,,,0.0,0.0,10000.0,4.0,,,0.0,0.0,10000.0,5.0,,,0.0,0.0,10000.0,7.0,,,0.0,0.0,10000.0,3.0,,,0.0,0.0,10000.0,5.0,,
METAR WALS 080100Z 24004KT 200V280 9999 FEW020 29/24 Q1013 NOSIG,WALS,2026-08-08 01:00:00,0,240.0,4.0,,10000.0,,FEW,2000.0,,,,,,,,0,29.0,24.0,1013.0,0,0,,,0.0,0.0,10000.0,6.0,,,0.0,0.0,10000.0,5.0,,,0.0,0.0,10000.0,5.0,,,0.0,0.0,10000.0,2.0,,1600.0,0.0,0.0,10000.0,8.0,,
METAR WALS 080200Z 24006KT 210V280 9999 SCT020 30/24 Q1012 NOSIG,WALS,2026-08-08 02:00:00,0,240.0,6.0,,10000.0,,SCT,2000.0,,,,,,,,0,30.0,24.0,1012.0,0,0,,,0.0,0.0,10000.0,7.0,,,0.0,0.0,10000.0,5.0,,,0.0,0.0,10000.0,7.0,,,0.0,0.0,10000.0,2.0,,,0.0,0.0,10000.0,8.0,,
METAR WALS 080230Z 22007KT 170V250 9999 SCT020 30/23 Q1012 NOSIG,WALS,2026-08-08 02:30:00,0,220.0,7.0,,10000.0,,SCT,2000.0,,,,,,,,0,30.0,23.0,1012.0,0,0,,,0.0,0.0,10000.0,5.0,,,0.0,0.0,10000.0,4.0,,,0.0,0.0,10000.0,7.0,,,0.0,0.0,10000.0,2.0,,,0.0,0.0,10000.0,8.0,,
METAR WALS 080300Z 23007KT 150V250 9999 SCT020 32/23 Q1012 NOSIG,WALS,2026-08-08 03:00:00,0,230.0,7.0,,10000.0,,SCT,2000.0,,,,,,,,0,32.0,23.0,1012.0,0,0,,,0.0,0.0,10000.0,5.0,,,0.0,0.0,10000.0,8.0,,,0.0,0.0,10000.0,7.0,,,0.0,0.0,10000.0,2.0,,,0.0,0.0,10000.0,9.0,,
METAR WALS 080330Z 20005KT 160V300 9999 SCT020 31/23 Q1011 NOSIG,WALS,2026-08-08 03:30:00,0,200.0,5.0,,10000.0,,SCT,2000.0,,,,,,,,0,31.0,23.0,1011.0,0,0,,,0.0,0.0,10000.0,7.0,,,0.0,0.0,10000.0,7.0,,,0.0,0.0,10000.0,6.0,,,0.0,0.0,10000.0,1.0,,,0.0,0.0,10000.0,9.0,,
METAR WALS 080400Z 20005KT 090V250 9999 SCT020 32/23 Q1011 NOSIG,WALS,2026-08-08 04:00:00,0,200.0,5.0,,10000.0,,SCT,2000.0,,,,,,,,0,32.0,23.0,1011.0,0,0,,,0.0,0.0,10000.0,5.0,,,0.0,0.0,10000.0,5.0,,,0.0,0.0,10000.0,5.0,,,0.0,0.0,10000.0,1.0,,4500.0,0.0,0.0,10000.0,9.0,,
METAR WALS 080430Z 24007KT 190V290 9999 SCT020 32/22 Q1011 NOSIG,WALS,2026-08-08 04:30:00,0,240.0,7.0,,10000.0,,SCT,2000.0,,,,,,,,0,32.0,22.0,1011.0,0,0,,,0.0,0.0,10000.0,4.0,,,0.0,0.0,10000.0,7.0,,,0.0,0.0,10000.0,4.0,,,0.0,0.0,10000.0,5.0,,,0.0,0.0,10000.0,9.0,,
METAR WALS 080500Z 22005KT 170V270 9999 SCT020 32/23 Q1010 NOSIG,WALS,2026-08-08 05:00:00,0,220.0,5.0,,10000.0,,SCT,2000.0,,,,,,,,0,32.0,23.0,1010.0,0,0,,,0.0,0.0,10000.0,8.0,,,0.0,0.0,10000.0,7.0,,,0.0,0.0,10000.0,5.0,,,0.0,0.0,10000.0,3.0,,,0.0,0.0,10000.0,7.0,,
METAR WALS 080530Z 21004KT 130V270 9999 SCT020 33/23 Q1010 NOSIG,WALS,2026-08-08 05:30:00,0,210.0,4.0,,10000.0,,SCT,2000.0,,,,,,,,0,33.0,23.0,1010.0,0,0,,,0.0,0.0,10000.0,7.0,,,0.0,0.0,10000.0,7.0,,,0.0,0.0,10000.0,5.0,,,0.0,0.0,10000.0,2.0,,3000.0,0.0,0.0,10000.0,4.0,,
METAR WALS 080600Z 24008KT 210V270 9999 SCT020 32/22 Q1009 NOSIG,WALS,2026-08-08 06:00:00,0,240.0,8.0,,10000.0,,SCT,2000.0,,,,,,,,0,32.0,22.0,1009.0,0,0,,,0.0,0.0,10000.0,5.0,,,0.0,0.0,10000.0,7.0,,,0.0,0.0,10000.0,3.0,,,0.0,0.0,10000.0,2.0,,,0.0,0.0,10000.0,7.0,,
METAR WALS 080630Z 18007KT 140V250 9999 SCT020 32/23 Q1009 NOSIG,WALS,2026-08-08 06:30:00,0,180.0,7.0,,10000.0,,SCT,2000.0,,,,,,,,0,32.0,23.0,1009.0,0,0,,,0.0,0.0,10000.0,7.0,,,0.0,0.0,10000.0,6.0,,,0.0,0.0,10000.0,3.0,,,0.0,0.0,6000.0,1.0,,,0.0,0.0,10000.0,7.0,,
METAR WALS 080700Z 20005KT 150V240 9999 SCT020 32/23 Q1008 NOSIG,WALS,2026-08-08 07:00:00,0,200.0,5.0,,10000.0,,SCT,2000.0,,,,,,,,0,32.0,23.0,1008.0,0,0,,,0.0,0.0,10000.0,7.0,,,0.0,0.0,10000.0,5.0,,,0.0,0.0,10000.0,2.0,,1600.0,0.0,0.0,10000.0,0.0,,,0.0,0.0,10000.0,9.0,,
METAR WALS 080730Z 18007KT 160V220 9999 SCT020 32/23 Q1008 NOSIG,WALS,2026-08-08 07:30:00,0,180.0,7.0,,10000.0,,SCT,2000.0,,,,,,,,0,32.0,23.0,1008.0,0,0,,,0.0,0.0,10000.0,7.0,,,0.0,0.0,10000.0,4.0,,,0.0,0.0,10000.0,3.0,,,0.0,0.0,3500.0,1.0,,,0.0,0.0,10000.0,9.0,,
METAR WALS 080800Z 19007KT 150V220 9999 SCT018 31/23 Q1008 NOSIG,WALS,2026-08-08 08:00:00,0,190.0,7.0,,10000.0,,SCT,1800.0,,,,,,,,0,31.0,23.0,1008.0,0,0,,,0.0,0.0,10000.0,7.0,,,0.0,0.0,10000.0,5.0,,,0.0,0.0,10000.0,2.0,,,0.0,0.0,4300.0,1.0,,,0.0,0.0,10000.0,9.0,,
METAR WALS 080830Z 19007KT 130V230 9999 SCT020 30/23 Q1008 NOSIG,WALS,2026-08-08 08:30:00,0,190.0,7.0,,10000.0,,SCT,2000.0,,,,,,,,0,30.0,23.0,1008.0,0,0,,,0.0,0.0,10000.0,6.0,,,0.0,0.0,10000.0,5.0,,,0.0,0.0,10000.0,2.0,,,0.0,0.0,3500.0,1.0,,,0.0,0.0,10000.0,9.0,,
METAR WALS 080900Z 19007KT 150V230 9999 SCT020 30/23 Q1009 NOSIG,WALS,2026-08-08 09:00:00,0,190.0,7.0,,10000.0,,SCT,2000.0,,,,,,,,0,30.0,23.0,1009.0,0,0,,,0.0,0.0,10000.0,5.0,,,0.0,0.0,10000.0,3.0,,,0.0,0.0,10000.0,2.0,,,0.0,0.0,2100.0,0.0,,4100.0,0.0,0.0,10000.0,6.0,,
METAR WALS 080930Z 18006KT 150V230 9999 SCT020 30/23 Q1009 NOSIG,WALS,2026-08-08 09:30:00,0,180.0,6.0,,10000.0,,SCT,2000.0,,,,,,,,0,30.0,23.0,1009.0,0,0,,,0.0,0.0,10000.0,4.0,,,0.0,0.0,10000.0,3.0,,,0.0,0.0,10000.0,1.0,,,0.0,0.0,6000.0,1.0,,5500.0,0.0,0.0,10000.0,5.0,,
METAR WALS 081000Z 20005KT 150V240 9999 FEW020 28/23 Q1009 NOSIG,WALS,2026-08-08 10:00:00,0,200.0,5.0,,10000.0,,FEW,2000.0,,,,,,,,0,28.0,23.0,1009.0,0,0,,,0.0,0.0,10000.0,5.0,,,0.0,0.0,10000.0,2.0,,1600.0,0.0,0.0,10000.0,1.0,,4500.0,0.0,0.0,5000.0,1.0,,6000.0,0.0,0.0,10000.0,4.0,,
METAR WALS 081030Z AUTO 20004KT 150V240 9999 NCD 28/23 Q1010 NOSIG,WALS,2026-08-08 10:30:00,1,200.0,4.0,,10000.0,,NCD,,,,,,,,,0,28.0,23.0,1010.0,0,0,,,0.0,0.0,10000.0,5.0,,,0.0,0.0,10000.0,3.0,,,0.0,0.0,10000.0,5.0,,,0.0,0.0,6000.0,1.0,,,0.0,0.0,10000.0,3.0,,
METAR WALS 081100Z AUTO 21005KT 9999 FEW020 FEW027 SCT055 27/23 Q1010 NOSIG,WALS,2026-08-08 11:00:00,1,210.0,5.0,,10000.0,,FEW,2000.0,,FEW,2700.0,,SCT,5500.0,,0,27.0,23.0,1010.0,0,0,,,0.0,0.0,10000.0,3.0,,,0.0,0.0,10000.0,2.0,,,0.0,0.0,10000.0,3.0,,,0.0,0.0,7000.0,1.0,,,0.0,0.0,10000.0,4.0,,4500.0
METAR WALS 081130Z AUTO 21005KT 180V250 9999 SCT019 SCT036 SCT046 27/23 Q1011 NOSIG,WALS,2026-08-08 11:30:00,1,210.0,5.0,,10000.0,,SCT,1900.0,,SCT,3600.0,,SCT,4600.0,,0,27.0,23.0,1011.0,0,0,,,0.0,0.0,10000.0,3.0,,,0.0,0.0,10000.0,2.0,,,0.0,0.0,10000.0,2.0,,3000.0,0.0,0.0,8000.0,1.0,,,0.0,0.0,10000.0,3.0,,6000.0
METAR WALS 081200Z AUTO 23003KT 9999 FEW018 SCT050 SCT075 26/23 Q1011 NOSIG,WALS,2026-08-08 12:00:00,1,230.0,3.0,,10000.0,,FEW,1800.0,,SCT,5000.0,,SCT,7500.0,,0,26.0,23.0,1011.0,0,0,,,0.0,0.0,10000.0,2.0,,1600.0,0.0,0.0,10000.0,2.0,,,0.0,0.0,10000.0,2.0,,,0.0,0.0,8000.0,1.0,,,0.0,0.0,10000.0,1.0,,4800.0
METAR WALS 081230Z AUTO 23003KT 9999 SCT017 SCT075 26/23 Q1011,WALS,2026-08-08 12:30:00,1,230.0,3.0,,10000.0,,SCT,1700.0,,SCT,7500.0,,,,,0,26.0,23.0,1011.0,0,0,,,0.0,0.0,10000.0,3.0,,,0.0,0.0,10000.0,1.0,,,0.0,0.0,6000.0,1.0,,,0.0,0.0,10000.0,5.0,,,0.0,0.0,10000.0,2.0,,5500.0
METAR WALS 081300Z AUTO VRB02KT 9999 BKN016 26/24 Q1011,WALS,2026-08-08 13:00:00,1,,2.0,,10000.0,,BKN,1600.0,,,,,,,,0,26.0,24.0,1011.0,0,0,,1600.0,0.0,0.0,10000.0,2.0,,,0.0,0.0,10000.0,1.0,,4500.0,0.0,0.0,10000.0,0.0,,,0.0,0.0,10000.0,8.0,,,0.0,0.0,10000.0,2.0,,
METAR WALS 081330Z AUTO 26003KT 9999 FEW018 FEW037 25/23 Q1012,WALS,2026-08-08 13:30:00,1,260.0,3.0,,10000.0,,FEW,1800.0,,FEW,3700.0,,,,,0,25.0,23.0,1012.0,0,0,,,0.0,0.0,10000.0,2.0,,,0.0,0.0,10000.0,5.0,,,0.0,0.0,3500.0,1.0,,,0.0,0.0,10000.0,8.0,,,0.0,0.0,10000.0,3.0,,3900.0
METAR WALS 081400Z AUTO VRB02KT 9999 FEW024 FEW030 SCT036 24/23 Q1012,WALS,2026-08-08 14:00:00,1,,2.0,,10000.0,,FEW,2400.0,,FEW,3000.0,,SCT,3600.0,,0,24.0,23.0,1012.0,0,0,,,0.0,0.0,10000.0,2.0,,,0.0,0.0,10000.0,3.0,,,0.0,0.0,4300.0,1.0,,,0.0,0.0,10000.0,8.0,,,0.0,0.0,10000.0,2.0,,
METAR WALS 081430Z AUTO VRB02KT 9999 FEW028 SCT036 24/23 Q1012,WALS,2026-08-08 14:30:00,1,,2.0,,10000.0,,FEW,2800.0,,SCT,3600.0,,,,,0,24.0,23.0,1012.0,0,0,,,0.0,0.0,10000.0,1.0,,,0.0,0.0,10000.0,2.0,,3000.0,0.0,0.0,3500.0,1.0,,,0.0,0.0,10000.0,8.0,,,0.0,0.0,10000.0,3.0,,4700.0
METAR WALS 081500Z AUTO 31002KT 9999 FEW030 FEW038 SCT055 25/23 Q1012,WALS,2026-08-08 15:00:00,1,310.0,2.0,,10000.0,,FEW,3000.0,,FEW,3800.0,,SCT,5500.0,,0,25.0,23.0,1012.0,0,0,,,0.0,0.0,10000.0,1.0,,4500.0,0.0,0.0,10000.0,2.0,,,0.0,0.0,2100.0,0.0,,4100.0,0.0,0.0,10000.0,9.0,,,0.0,0.0,10000.0,1.0,,
METAR WALS 081530Z AUTO VRB01KT 9999 FEW030 FEW035 SCT043 24/23 Q1012,WALS,2026-08-08 15:30:00,1,,1.0,,10000.0,,FEW,3000.0,,FEW,3500.0,,SCT,4300.0,,0,24.0,23.0,1012.0,0,0,,,0.0,0.0,10000.0,5.0,,,0.0,0.0,6000.0,1.0,,,0.0,0.0,6000.0,1.0,,5500.0,0.0,0.0,10000.0,9.0,,,0.0,0.0,10000.0,1.0,,
METAR WALS 081600Z AUTO VRB01KT 9999 FEW027 SCT035 BKN045 23/23 Q1011,WALS,2026-08-08 16:00:00,1,,1.0,,10000.0,,FEW,2700.0,,SCT,3500.0,,BKN,4500.0,,0,23.0,23.0,1011.0,0,0,,4500.0,0.0,0.0,10000.0,3.0,,,0.0,0.0,10000.0,0.0,,,0.0,0.0,5000.0,1.0,,6000.0,0.0,0.0,10000.0,9.0,,,0.0,0.0,10000.0,1.0,,
METAR WALS 081630Z AUTO 24005KT 9999 FEW025 FEW031 SCT065 24/23 Q1011,WALS,2026-08-08 16:30:00,1,240.0,5.0,,10000.0,,FEW,2500.0,,FEW,3100.0,,SCT,6500.0,,0,24.0,23.0,1011.0,0,0,,,0.0,0.0,10000.0,2.0,,3000.0,0.0,0.0,3500.0,1.0,,,0.0,0.0,6000.0,1.0,,,0.0,0.0,10000.0,9.0,,,0.0,0.0,9000.0,1.0,,
METAR WALS 081700Z AUTO 34003KT 250V040 9999 FEW022 FEW044 SCT070 24/23 Q1011,WALS,2026-08-08 17:00:00,1,340.0,3.0,,10000.0,,FEW,2200.0,,FEW,4400.0,,SCT,7000.0,,0,24.0,23.0,1011.0,0,0,,,0.0,0.0,10000.0,2.0,,,0.0,0.0,4300.0,1.0,,,0.0,0.0,7000.0,1.0,,,0.0,0.0,10000.0,7.0,,,0.0,0.0,9000.0,1.0,,
METAR WALS 081730Z AUTO VRB02KT 9999 FEW018 SCT023 BKN030 23/23 Q1011,WALS,2026-08-08 17:30:00,1,,2.0,,10000.0,,FEW,1800.0,,SCT,2300.0,,BKN,3000.0,,0,23.0,23.0,1011.0,0,0,,3000.0,0.0,0.0,6000.0,1.0,,,0.0,0.0,3500.0,1.0,,,0.0,0.0,8000.0,1.0,,,0.0,0.0,10000.0,4.0,,,0.0,0.0,10000.0,1.0,,7500.0
METAR WALS 081800Z AUTO VRB02KT 9999 SCT030 SCT036 23/22 Q1011,WALS,2026-08-08 18:00:00,1,,2.0,,10000.0,,SCT,3000.0,,SCT,3600.0,,,,,0,23.0,22.0,1011.0,0,0,,,0.0,0.0,10000.0,0.0,,,0.0,0.0,2100.0,0.0,,4100.0,0.0,0.0,8000.0,1.0,,,0.0,0.0,10000.0,7.0,,,0.0,0.0,9000.0,2.0,,7500.0
METAR WALS 081830Z AUTO VRB01KT 6000 NCD 23/23 Q1011,WALS,2026-08-08 18:30:00,1,,1.0,,6000.0,,NCD,,,,,,,,,0,23.0,23.0,1011.0,0,0,,,0.0,0.0,3500.0,1.0,,,0.0,0.0,6000.0,1.0,,5500.0,0.0,0.0,10000.0,5.0,,,0.0,0.0,10000.0,7.0,,,0.0,0.0,7000.0,2.0,,8000.0
METAR WALS 081900Z AUTO 00000KT 9999 FEW031 23/23 Q1010,WALS,2026-08-08 19:00:00,1,0.0,0.0,,10000.0,,FEW,3100.0,,,,,,,,0,23.0,23.0,1010.0,0,0,,,0.0,0.0,4300.0,1.0,,,0.0,0.0,5000.0,1.0,,6000.0,0.0,0.0,10000.0,8.0,,,0.0,0.0,10000.0,9.0,,,0.0,0.0,8000.0,2.0,,7500.0
METAR WALS 081930Z AUTO VRB01KT 3500 BR FEW060 FEW070 23/22 Q1010,WALS,2026-08-08 19:30:00,1,,1.0,,3500.0,"('', None, '', 'BR', None)",FEW,6000.0,,FEW,7000.0,,,,,0,23.0,22.0,1010.0,0,0,,,0.0,0.0,3500.0,1.0,,,0.0,0.0,6000.0,1.0,,,0.0,0.0,10000.0,8.0,,,0.0,0.0,10000.0,9.0,,,0.0,0.0,9000.0,1.0,,4900.0
METAR WALS 082000Z AUTO VRB01KT 4300 BR VV005 23/22 Q1010,WALS,2026-08-08 20:00:00,1,,1.0,,4300.0,"('', None, '', 'BR', None)",VV,500.0,,,,,,,,0,23.0,22.0,1010.0,0,0,,,0.0,0.0,2100.0,0.0,,4100.0,0.0,0.0,7000.0,1.0,,,0.0,0.0,10000.0,8.0,,,0.0,0.0,10000.0,9.0,,,0.0,0.0,9000.0,0.0,,5000.0
METAR WALS 082030Z AUTO VRB01KT 3500 BR FEW060 23/22 Q1010,WALS,2026-08-08 20:30:00,1,,1.0,,3500.0,"('', None, '', 'BR', None)",FEW,6000.0,,,,,,,,0,23.0,22.0,1010.0,0,0,,,0.0,0.0,6000.0,1.0,,5500.0,0.0,0.0,8000.0,1.0,,,0.0,0.0,10000.0,8.0,,,0.0,0.0,10000.0,9.0,,,0.0,0.0,5000.0,1.0,,7500.0
METAR WALS 082100Z AUTO 00000KT 2100 BR SCT033 BKN041 BKN049 22/22 Q1011,WALS,2026-08-08 21:00:00,1,0.0,0.0,,2100.0,"('', None, '', 'BR', None)",SCT,3300.0,,BKN,4100.0,,BKN,4900.0,,0,22.0,22.0,1011.0,0,0,,4100.0,0.0,0.0,5000.0,1.0,,6000.0,0.0,0.0,8000.0,1.0,,,0.0,0.0,10000.0,9.0,,,0.0,0.0,10000.0,6.0,,,0.0,0.0,9000.0,1.0,,7500.0
METAR WALS 082130Z AUTO VRB01KT 6000 FEW042 BKN055 22/22 Q1011,WALS,2026-08-08 21:30:00,1,,1.0,,6000.0,,FEW,4200.0,,BKN,5500.0,,,,,0,22.0,22.0,1011.0,0,0,,5500.0,0.0,0.0,6000.0,1.0,,,0.0,0.0,10000.0,5.0,,,0.0,0.0,10000.0,9.0,,,0.0,0.0,10000.0,5.0,,,0.0,0.0,10000.0,1.0,,7500.0
METAR WALS 082200Z AUTO VRB01KT 5000 OVC060 22/22 Q1011,WALS,2026-08-08 22:00:00,1,,1.0,,5000.0,,OVC,6000.0,,,,,,,,0,22.0,22.0,1011.0,0,0,,6000.0,0.0,0.0,7000.0,1.0,,,0.0,0.0,10000.0,8.0,,,0.0,0.0,10000.0,9.0,,,0.0,0.0,10000.0,4.0,,,0.0,0.0,7000.0,0.0,,7500.0
METAR WALS 082230Z VRB01KT 6000 FEW020 22/22 Q1011 NOSIG,WALS,2026-08-08 22:30:00,0,,1.0,,6000.0,,FEW,2000.0,,,,,,,,0,22.0,22.0,1011.0,0,0,,,0.0,0.0,8000.0,1.0,,,0.0,0.0,10000.0,8.0,,,0.0,0.0,10000.0,9.0,,,0.0,0.0,10000.0,3.0,,,0.0,0.0,5000.0,1.0,,
METAR WALS 082300Z VRB01KT 7000 FEW020 23/23 Q1011 NOSIG,WALS,2026-08-08 23:00:00,0,,1.0,,7000.0,,FEW,2000.0,,,,,,,,0,23.0,23.0,1011.0,0,0,,,0.0,0.0,8000.0,1.0,,,0.0,0.0,10000.0,8.0,,,0.0,0.0,10000.0,7.0,,,0.0,0.0,10000.0,4.0,,4500.0,0.0,0.0,5000.0,0.0,,
METAR WALS 082330Z VRB01KT 8000 NSC 24/23 Q1012 NOSIG,WALS,2026-08-08 23:30:00,0,,1.0,,8000.0,,NSC,,,,,,,,,0,24.0,23.0,1012.0,0,0,,,0.0,0.0,10000.0,5.0,,,0.0,0.0,10000.0,8.0,,,0.0,0.0,10000.0,4.0,,,0.0,0.0,10000.0,3.0,,6000.0,0.0,0.0,8000.0,0.0,,
METAR WALS 090030Z 24005KT 210V310 CAVOK 27/24 Q1013 NOSIG,WALS,2026-08-09 00:30:00,0,240.0,5.0,,10000.0,,,,,,,,,,,0,27.0,24.0,1013.0,0,0,,,0.0,0.0,10000.0,8.0,,,0.0,0.0,10000.0,9.0,,,0.0,0.0,10000.0,7.0,,,0.0,0.0,10000.0,2.0,,5500.0,0.0,0.0,10000.0,5.0,,
METAR WALS 090100Z 22008KT 9999 FEW020 28/24 Q1013 NOSIG,WALS,2026-08-09 01:00:00,0,220.0,8.0,,10000.0,,FEW,2000.0,,,,,,,,0,28.0,24.0,1013.0,0,0,,,0.0,0.0,10000.0,8.0,,,0.0,0.0,10000.0,9.0,,,0.0,0.0,10000.0,9.0,,,0.0,0.0,10000.0,2.0,,,0.0,0.0,10000.0,8.0,,
METAR WALS 090230Z 22008KT 9999 SCT020 30/24 Q1012 NOSIG,WALS,2026-08-09 02:30:00,0,220.0,8.0,,10000.0,,SCT,2000.0,,,,,,,,0,30.0,24.0,1012.0,0,0,,,0.0,0.0,10000.0,9.0,,,0.0,0.0,10000.0,4.0,,,0.0,0.0,10000.0,9.0,,,0.0,0.0,10000.0,3.0,,4700.0,0.0,0.0,10000.0,6.0,,
METAR WALS 090300Z 20009KT 180V260 9999 SCT020 31/23 Q1011 NOSIG,WALS,2026-08-09 03:00:00,0,200.0,9.0,,10000.0,,SCT,2000.0,,,,,,,,0,31.0,23.0,1011.0,0,0,,,0.0,0.0,10000.0,9.0,,,0.0,0.0,10000.0,7.0,,,0.0,0.0,10000.0,6.0,,,0.0,0.0,10000.0,1.0,,,0.0,0.0,10000.0,6.0,,
METAR WALS 090400Z 21009KT 170V250 9999 SCT020 32/22 Q1010 NOSIG,WALS,2026-08-09 04:00:00,0,210.0,9.0,,10000.0,,SCT,2000.0,,,,,,,,0,32.0,22.0,1010.0,0,0,,,0.0,0.0,10000.0,7.0,,,0.0,0.0,10000.0,9.0,,,0.0,0.0,10000.0,4.0,,,0.0,0.0,10000.0,1.0,,,0.0,0.0,10000.0,7.0,,
METAR WALS 090430Z 23009KT 180V260 9999 SCT020 31/22 Q1010 NOSIG,WALS,2026-08-09 04:30:00,0,230.0,9.0,,10000.0,,SCT,2000.0,,,,,,,,0,31.0,22.0,1010.0,0,0,,,0.0,0.0,10000.0,4.0,,,0.0,0.0,10000.0,9.0,,,0.0,0.0,10000.0,3.0,,,0.0,0.0,9000.0,1.0,,,0.0,0.0,10000.0,5.0,,
METAR WALS 090500Z 19007KT 150V230 9999 SCT020 31/21 Q1009 NOSIG,WALS,2026-08-09 05:00:00,0,190.0,7.0,,10000.0,,SCT,2000.0,,,,,,,,0,31.0,21.0,1009.0,0,0,,,0.0,0.0,10000.0,7.0,,,0.0,0.0,10000.0,9.0,,,0.0,0.0,10000.0,4.0,,4500.0,0.0,0.0,9000.0,1.0,,,0.0,0.0,10000.0,10.0,,
METAR WALS 090530Z 23004KT 180V280 9999 SCT020 33/21 Q1009 NOSIG,WALS,2026-08-09 05:30:00,0,230.0,4.0,,10000.0,,SCT,2000.0,,,,,,,,0,33.0,21.0,1009.0,0,0,,,0.0,0.0,10000.0,7.0,,,0.0,0.0,10000.0,9.0,,,0.0,0.0,10000.0,3.0,,6000.0,0.0,0.0,10000.0,1.0,,7500.0,0.0,0.0,10000.0,10.0,,
METAR WALS 090600Z 18007KT 180V250 9999 SCT020 32/20 Q1008 NOSIG,WALS,2026-08-09 06:00:00,0,180.0,7.0,,10000.0,,SCT,2000.0,,,,,,,,0,32.0,20.0,1008.0,0,0,,,0.0,0.0,10000.0,9.0,,,0.0,0.0,10000.0,6.0,,,0.0,0.0,10000.0,1.0,,4800.0,0.0,0.0,9000.0,2.0,,7500.0,0.0,0.0,10000.0,5.0,,
METAR WALS 090630Z 19007KT 140V230 9999 FEW020 31/21 Q1008 NOSIG,WALS,2026-08-09 06:30:00,0,190.0,7.0,,10000.0,,FEW,2000.0,,,,,,,,0,31.0,21.0,1008.0,0,0,,,0.0,0.0,10000.0,9.0,,,0.0,0.0,10000.0,5.0,,,0.0,0.0,10000.0,2.0,,5500.0,0.0,0.0,7000.0,2.0,,8000.0,0.0,0.0,10000.0,8.0,,
METAR WALS 090700Z 18009KT 140V240 9999 FEW020 31/21 Q1008 NOSIG,WALS,2026-08-09 07:00:00,0,180.0,9.0,,10000.0,,FEW,2000.0,,,,,,,,0,31.0,21.0,1008.0,0,0,,,0.0,0.0,10000.0,9.0,,,0.0,0.0,10000.0,4.0,,,0.0,0.0,10000.0,2.0,,,0.0,0.0,8000.0,2.0,,7500.0,0.0,0.0,10000.0,8.0,,
METAR WALS 090730Z 19009KT 160V230 9999 FEW020 30/21 Q1008 NOSIG,WALS,2026-08-09 07:30:00,0,190.0,9.0,,10000.0,,FEW,2000.0,,,,,,,,0,30.0,21.0,1008.0,0,0,,,0.0,0.0,10000.0,9.0,,,0.0,0.0,10000.0,3.0,,,0.0,0.0,10000.0,3.0,,3900.0,0.0,0.0,9000.0,1.0,,4900.0,0.0,0.0,10000.0,6.0,,
METAR WALS 090800Z 20009KT 150V240 9999 FEW020 31/22 Q1007 NOSIG,WALS,2026-08-09 08:00:00,0,200.0,9.0,,10000.0,,FEW,2000.0,,,,,,,,0,31.0,22.0,1007.0,0,0,,,0.0,0.0,10000.0,6.0,,,0.0,0.0,10000.0,4.0,,4500.0,0.0,0.0,10000.0,2.0,,,0.0,0.0,9000.0,0.0,,5000.0,0.0,0.0,10000.0,8.0,,
METAR WALS 090830Z 19009KT 130V220 9999 FEW020 31/21 Q1008 NOSIG,WALS,2026-08-09 08:30:00,0,190.0,9.0,,10000.0,,FEW,2000.0,,,,,,,,0,31.0,21.0,1008.0,0,0,,,0.0,0.0,10000.0,5.0,,,0.0,0.0,10000.0,3.0,,6000.0,0.0,0.0,10000.0,3.0,,4700.0,0.0,0.0,5000.0,1.0,,7500.0,0.0,0.0,10000.0,8.0,,
METAR WALS 090900Z 19006KT 160V240 9999 FEW022 30/20 Q1008 NOSIG,WALS,2026-08-09 09:00:00,0,190.0,6.0,,10000.0,,FEW,2200.0,,,,,,,,0,30.0,20.0,1008.0,0,0,,,0.0,0.0,10000.0,4.0,,,0.0,0.0,10000.0,1.0,,4800.0,0.0,0.0,10000.0,1.0,,,0.0,0.0,9000.0,1.0,,7500.0,0.0,0.0,10000.0,7.0,,
METAR WALS 090930Z 19005KT 140V240 9999 FEW022 30/21 Q1007 NOSIG,WALS,2026-08-09 09:30:00,0,190.0,5.0,,10000.0,,FEW,2200.0,,,,,,,,0,30.0,21.0,1007.0,0,0,,,0.0,0.0,10000.0,3.0,,,0.0,0.0,10000.0,2.0,,5500.0,0.0,0.0,10000.0,1.0,,,0.0,0.0,10000.0,1.0,,7500.0,0.0,0.0,10000.0,6.0,,
METAR WALS 091000Z 20004KT 170V240 9999 FEW022 28/21 Q1008 NOSIG,WALS,2026-08-09 10:00:00,0,200.0,4.0,,10000.0,,FEW,2200.0,,,,,,,,0,28.0,21.0,1008.0,0,0,,,0.0,0.0,10000.0,4.0,,4500.0,0.0,0.0,10000.0,2.0,,,0.0,0.0,10000.0,1.0,,,0.0,0.0,7000.0,0.0,,7500.0,0.0,0.0,10000.0,7.0,,
METAR WALS 091030Z AUTO 18003KT 140V230 9999 NCD 27/20 Q1008 NOSIG,WALS,2026-08-09 10:30:00,1,180.0,3.0,,10000.0,,NCD,,,,,,,,,0,27.0,20.0,1008.0,0,0,,,0.0,0.0,10000.0,3.0,,6000.0,0.0,0.0,10000.0,3.0,,3900.0,0.0,0.0,9000.0,1.0,,,0.0,0.0,5000.0,1.0,,,0.0,0.0,10000.0,5.0,,
METAR WALS 091100Z AUTO 19004KT 160V240 9999 FEW025 SCT038 BKN045 27/20 Q1008 NOSIG,WALS,2026-08-09 11:00:00,1,190.0,4.0,,10000.0,,FEW,2500.0,,SCT,3800.0,,BKN,4500.0,,0,27.0,20.0,1008.0,0,0,,4500.0,0.0,0.0,10000.0,1.0,,4800.0,0.0,0.0,10000.0,2.0,,,0.0,0.0,9000.0,1.0,,,0.0,0.0,5000.0,0.0,,,0.0,0.0,10000.0,4.0,,3800.0
METAR WALS 091130Z AUTO 24003KT 9999 BKN060 OVC070 26/21 Q1009 NOSIG,WALS,2026-08-09 11:30:00,1,240.0,3.0,,10000.0,,BKN,6000.0,,OVC,7000.0,,,,,0,26.0,21.0,1009.0,0,0,,6000.0,0.0,0.0,10000.0,2.0,,5500.0,0.0,0.0,10000.0,3.0,,4700.0,0.0,0.0,10000.0,1.0,,7500.0,0.0,0.0,8000.0,0.0,,,0.0,0.0,10000.0,3.0,,3800.0
METAR WALS 091200Z AUTO 22001KT 9999 BKN048 OVC055 25/22 Q1009,WALS,2026-08-09 12:00:00,1,220.0,1.0,,10000.0,,BKN,4800.0,,OVC,5500.0,,,,,0,25.0,22.0,1009.0,0,0,,4800.0,0.0,0.0,10000.0,2.0,,,0.0,0.0,10000.0,1.0,,,0.0,0.0,9000.0,2.0,,7500.0,0.0,0.0,8000.0,0.0,,,0.0,0.0,10000.0,3.0,,3900.0
METAR WALS 091230Z AUTO 25002KT 9999 FEW024 BKN055 BKN065 24/22 Q1010,WALS,2026-08-09 12:30:00,1,250.0,2.0,,10000.0,,FEW,2400.0,,BKN,5500.0,,BKN,6500.0,,0,24.0,22.0,1010.0,0,0,,5500.0,0.0,0.0,10000.0,3.0,,3900.0,0.0,0.0,10000.0,1.0,,,0.0,0.0,7000.0,2.0,,8000.0,0.0,0.0,10000.0,5.0,,,0.0,0.0,10000.0,3.0,,3900.0
METAR WALS 091300Z AUTO 23002KT 9999 SCT024 SCT040 SCT049 23/22 Q1010,WALS,2026-08-09 13:00:00,1,230.0,2.0,,10000.0,,SCT,2400.0,,SCT,4000.0,,SCT,4900.0,,0,23.0,22.0,1010.0,0,0,,,0.0,0.0,10000.0,2.0,,,0.0,0.0,10000.0,1.0,,,0.0,0.0,8000.0,2.0,,7500.0,0.0,0.0,10000.0,8.0,,,0.0,0.0,10000.0,1.0,,5500.0
METAR WALS 091330Z AUTO 33003KT 9999 FEW018 SCT023 BKN039 23/22 Q1010,WALS,2026-08-09 13:30:00,1,330.0,3.0,,10000.0,,FEW,1800.0,,SCT,2300.0,,BKN,3900.0,,0,23.0,22.0,1010.0,0,0,,3900.0,0.0,0.0,10000.0,3.0,,4700.0,0.0,0.0,9000.0,1.0,,,0.0,0.0,9000.0,1.0,,4900.0,0.0,0.0,10000.0,8.0,,,0.0,0.0,10000.0,2.0,,5000.0
METAR WALS 091400Z AUTO VRB02KT 9999 FEW036 FEW046 SCT055 23/22 Q1011,WALS,2026-08-09 14:00:00,1,,2.0,,10000.0,,FEW,3600.0,,FEW,4600.0,,SCT,5500.0,,0,23.0,22.0,1011.0,0,0,,,0.0,0.0,10000.0,1.0,,,0.0,0.0,9000.0,1.0,,,0.0,0.0,9000.0,0.0,,5000.0,0.0,0.0,10000.0,6.0,,,0.0,0.0,10000.0,1.0,,5000.0
METAR WALS 091430Z AUTO 05003KT 9999 SCT038 BKN047 23/21 Q1011,WALS,2026-08-09 14:30:00,1,50.0,3.0,,10000.0,,SCT,3800.0,,BKN,4700.0,,,,,0,23.0,21.0,1011.0,0,0,,4700.0,0.0,0.0,10000.0,1.0,,,0.0,0.0,10000.0,1.0,,7500.0,0.0,0.0,5000.0,1.0,,7500.0,0.0,0.0,10000.0,6.0,,,0.0,0.0,10000.0,2.0,,
METAR WALS 091500Z AUTO 11001KT 9999 SCT038 23/22 Q1011,WALS,2026-08-09 15:00:00,1,110.0,1.0,,10000.0,,SCT,3800.0,,,,,,,,0,23.0,22.0,1011.0,0,0,,,0.0,0.0,10000.0,1.0,,,0.0,0.0,9000.0,2.0,,7500.0,0.0,0.0,9000.0,1.0,,7500.0,0.0,0.0,10000.0,6.0,,,0.0,0.0,10000.0,1.0,,5000.0
METAR WALS 091530Z AUTO 03001KT 9999 FEW036 SCT043 SCT049 22/21 Q1011,WALS,2026-08-09 15:30:00,1,30.0,1.0,,10000.0,,FEW,3600.0,,SCT,4300.0,,SCT,4900.0,,0,22.0,21.0,1011.0,0,0,,,0.0,0.0,9000.0,1.0,,,0.0,0.0,7000.0,2.0,,8000.0,0.0,0.0,10000.0,1.0,,7500.0,0.0,0.0,10000.0,6.0,,,0.0,0.0,10000.0,1.0,,
METAR WALS 091600Z AUTO VRB01KT 9999 SCT041 22/21 Q1011,WALS,2026-08-09 16:00:00,1,,1.0,,10000.0,,SCT,4100.0,,,,,,,,0,22.0,21.0,1011.0,0,0,,,0.0,0.0,9000.0,1.0,,,0.0,0.0,8000.0,2.0,,7500.0,0.0,0.0,7000.0,0.0,,7500.0,0.0,0.0,10000.0,7.0,,,0.0,0.0,10000.0,1.0,,7500.0
METAR WALS 091630Z AUTO 36001KT 9000 SCT040 SCT045 22/22 Q1011,WALS,2026-08-09 16:30:00,1,360.0,1.0,,9000.0,,SCT,4000.0,,SCT,4500.0,,,,,0,22.0,22.0,1011.0,0,0,,,0.0,0.0,10000.0,1.0,,7500.0,0.0,0.0,9000.0,1.0,,4900.0,0.0,0.0,5000.0,1.0,,,0.0,0.0,10000.0,5.0,,,0.0,0.0,10000.0,0.0,,7000.0
METAR WALS 091700Z AUTO VRB01KT 9000 FEW049 SCT055 22/21 Q1010,WALS,2026-08-09 17:00:00,1,,1.0,,9000.0,,FEW,4900.0,,SCT,5500.0,,,,,0,22.0,21.0,1010.0,0,0,,,0.0,0.0,9000.0,2.0,,7500.0,0.0,0.0,9000.0,0.0,,5000.0,0.0,0.0,5000.0,0.0,,,0.0,0.0,10000.0,10.0,,,0.0,0.0,10000.0,2.0,,7000.0
METAR WALS 091730Z AUTO 36001KT 9999 FEW045 BKN075 22/21 Q1010,WALS,2026-08-09 17:30:00,1,360.0,1.0,,10000.0,,FEW,4500.0,,BKN,7500.0,,,,,0,22.0,21.0,1010.0,0,0,,7500.0,0.0,0.0,7000.0,2.0,,8000.0,0.0,0.0,5000.0,1.0,,7500.0,0.0,0.0,8000.0,0.0,,,0.0,0.0,10000.0,10.0,,,0.0,0.0,10000.0,2.0,,7500.0
METAR WALS 091800Z AUTO 05002KT 9000 FEW047 BKN075 BKN080 21/21 Q1010 NOSIG,WALS,2026-08-09 18:00:00,1,50.0,2.0,,9000.0,,FEW,4700.0,,BKN,7500.0,,BKN,8000.0,,0,21.0,21.0,1010.0,0,0,,7500.0,0.0,0.0,8000.0,2.0,,7500.0,0.0,0.0,9000.0,1.0,,7500.0,0.0,0.0,8000.0,0.0,,,0.0,0.0,10000.0,5.0,,,0.0,0.0,8000.0,2.0,,4600.0
METAR WALS 091830Z AUTO 04002KT 7000 FEW047 SCT075 OVC080 21/21 Q1010 NOSIG,WALS,2026-08-09 18:30:00,1,40.0,2.0,,7000.0,,FEW,4700.0,,SCT,7500.0,,OVC,8000.0,,0,21.0,21.0,1010.0,0,0,,8000.0,0.0,0.0,9000.0,1.0,,4900.0,0.0,0.0,10000.0,1.0,,7500.0,0.0,0.0,10000.0,5.0,,,0.0,0.0,10000.0,8.0,,,0.0,0.0,7000.0,2.0,,8500.0
METAR WALS 091900Z AUTO 18002KT 8000 FEW042 SCT049 OVC075 21/21 Q1010 NOSIG,WALS,2026-08-09 19:00:00,1,180.0,2.0,,8000.0,,FEW,4200.0,,SCT,4900.0,,OVC,7500.0,,0,21.0,21.0,1010.0,0,0,,7500.0,0.0,0.0,9000.0,0.0,,5000.0,0.0,0.0,7000.0,0.0,,7500.0,0.0,0.0,10000.0,8.0,,,0.0,0.0,10000.0,8.0,,,0.0,0.0,5000.0,1.0,,6000.0
METAR WALS 091930Z AUTO VRB01KT 9000 SCT042 BKN049 BKN060 21/21 Q1010 NOSIG,WALS,2026-08-09 19:30:00,1,,1.0,,9000.0,,SCT,4200.0,,BKN,4900.0,,BKN,6000.0,,0,21.0,21.0,1010.0,0,0,,4900.0,0.0,0.0,5000.0,1.0,,7500.0,0.0,0.0,5000.0,1.0,,,0.0,0.0,10000.0,8.0,,,0.0,0.0,10000.0,6.0,,,0.0,0.0,9000.0,1.0,,5500.0
METAR WALS 092000Z AUTO 00000KT 9000 SCT042 BKN050 BKN070 21/21 Q1010,WALS,2026-08-09 20:00:00,1,0.0,0.0,,9000.0,,SCT,4200.0,,BKN,5000.0,,BKN,7000.0,,0,21.0,21.0,1010.0,0,0,,5000.0,0.0,0.0,9000.0,1.0,,7500.0,0.0,0.0,5000.0,0.0,,,0.0,0.0,10000.0,6.0,,,0.0,0.0,10000.0,8.0,,,0.0,0.0,6000.0,2.0,,5000.0
METAR WALS 092030Z AUTO 36001KT 5000 FEW041 OVC075 21/21 Q1010,WALS,2026-08-09 20:30:00,1,360.0,1.0,,5000.0,,FEW,4100.0,,OVC,7500.0,,,,,0,21.0,21.0,1010.0,0,0,,7500.0,0.0,0.0,10000.0,1.0,,7500.0,0.0,0.0,8000.0,0.0,,,0.0,0.0,10000.0,6.0,,,0.0,0.0,10000.0,8.0,,,0.0,0.0,5000.0,2.0,,4300.0
METAR WALS 092100Z AUTO 21001KT 9000 FEW030 FEW046 OVC075 21/21 Q1010,WALS,2026-08-09 21:00:00,1,210.0,1.0,,9000.0,,FEW,3000.0,,FEW,4600.0,,OVC,7500.0,,0,21.0,21.0,1010.0,0,0,,7500.0,0.0,0.0,7000.0,0.0,,7500.0,0.0,0.0,8000.0,0.0,,,0.0,0.0,10000.0,6.0,,,0.0,0.0,10000.0,7.0,,,0.0,0.0,10000.0,1.0,,4700.0
METAR WALS 092130Z AUTO 19001KT 9999 FEW031 FEW044 OVC075 21/21 Q1010,WALS,2026-08-09 21:30:00,1,190.0,1.0,,10000.0,,FEW,3100.0,,FEW,4400.0,,OVC,7500.0,,0,21.0,21.0,1010.0,0,0,,7500.0,0.0,0.0,5000.0,1.0,,,0.0,0.0,10000.0,5.0,,,0.0,0.0,10000.0,6.0,,,0.0,0.0,10000.0,6.0,,,0.0,0.0,6000.0,1.0,,5500.0
METAR WALS 092200Z AUTO 00000KT 7000 FEW033 FEW044 BKN075 21/21 Q1011,WALS,2026-08-09 22:00:00,1,0.0,0.0,,7000.0,,FEW,3300.0,,FEW,4400.0,,BKN,7500.0,,0,21.0,21.0,1011.0,0,0,,7500.0,0.0,0.0,5000.0,0.0,,,0.0,0.0,10000.0,8.0,,,0.0,0.0,10000.0,7.0,,,0.0,0.0,10000.0,7.0,,,0.0,0.0,6000.0,1.0,,6500.0
METAR WALS 092230Z VRB01KT 5000 FEW020 21/21 Q1011 NOSIG,WALS,2026-08-09 22:30:00,0,,1.0,,5000.0,,FEW,2000.0,,,,,,,,0,21.0,21.0,1011.0,0,0,,,0.0,0.0,8000.0,0.0,,,0.0,0.0,10000.0,8.0,,,0.0,0.0,10000.0,5.0,,,0.0,0.0,10000.0,5.0,,,0.0,0.0,6000.0,1.0,,
METAR WALS 092300Z 00000KT 5000 FEW020 22/22 Q1011 NOSIG,WALS,2026-08-09 23:00:00,0,0.0,0.0,,5000.0,,FEW,2000.0,,,,,,,,0,22.0,22.0,1011.0,0,0,,,0.0,0.0,8000.0,0.0,,,0.0,0.0,10000.0,6.0,,,0.0,0.0,10000.0,10.0,,,0.0,0.0,10000.0,4.0,,3800.0,0.0,0.0,3500.0,1.0,,
METAR WALS 092330Z 00000KT 8000 FEW020 24/23 Q1011 NOSIG,WALS,2026-08-09 23:30:00,0,0.0,0.0,,8000.0,,FEW,2000.0,,,,,,,,0,24.0,23.0,1011.0,0,0,,,0.0,0.0,10000.0,5.0,,,0.0,0.0,10000.0,6.0,,,0.0,0.0,10000.0,10.0,,,0.0,0.0,10000.0,3.0,,3800.0,0.0,0.0,8000.0,1.0,,
METAR WALS 100030Z 25005KT 210V310 9999 FEW020 28/24 Q1012 NOSIG,WALS,2026-08-10 00:30:00,0,250.0,5.0,,10000.0,,FEW,2000.0,,,,,,,,0,28.0,24.0,1012.0,0,0,,,0.0,0.0,10000.0,8.0,,,0.0,0.0,10000.0,6.0,,,0.0,0.0,10000.0,8.0,,,0.0,0.0,10000.0,3.0,,3900.0,0.0,0.0,10000.0,6.0,,
METAR WALS 100100Z 24008KT 200V260 9999 FEW020 28/24 Q1012 NOSIG,WALS,2026-08-10 01:00:00,0,240.0,8.0,,10000.0,,FEW,2000.0,,,,,,,,0,28.0,24.0,1012.0,0,0,,,0.0,0.0,10000.0,6.0,,,0.0,0.0,10000.0,7.0,,,0.0,0.0,10000.0,8.0,,,0.0,0.0,10000.0,1.0,,5500.0,0.0,0.0,10000.0,6.0,,
METAR WALS 100230Z 23006KT 190V260 9999 SCT020 31/23 Q1012 NOSIG,WALS,2026-08-10 02:30:00,0,230.0,6.0,,10000.0,,SCT,2000.0,,,,,,,,0,31.0,23.0,1012.0,0,0,,,0.0,0.0,10000.0,6.0,,,0.0,0.0,10000.0,10.0,,,0.0,0.0,10000.0,8.0,,,0.0,0.0,10000.0,2.0,,,0.0,0.0,10000.0,5.0,,2000.0
METAR WALS 100300Z 21006KT 150V250 9999 SCT020 30/23 Q1011 NOSIG,WALS,2026-08-10 03:00:00,0,210.0,6.0,,10000.0,,SCT,2000.0,,,,,,,,0,30.0,23.0,1011.0,0,0,,,0.0,0.0,10000.0,7.0,,,0.0,0.0,10000.0,5.0,,,0.0,0.0,10000.0,7.0,,,0.0,0.0,10000.0,1.0,,5000.0,0.0,0.0,10000.0,5.0,,2000.0
METAR WALS 100400Z 26007KT 230V310 9999 SCT020 33/23 Q1010 NOSIG,WALS,2026-08-10 04:00:00,0,260.0,7.0,,10000.0,,SCT,2000.0,,,,,,,,0,33.0,23.0,1010.0,0,0,,,0.0,0.0,10000.0,10.0,,,0.0,0.0,10000.0,8.0,,,0.0,0.0,10000.0,7.0,,,0.0,0.0,10000.0,1.0,,7500.0,0.0,0.0,10000.0,6.0,,2000.0
METAR WALS 100430Z 24005KT 170V330 9999 SCT020 33/22 Q1010 NOSIG,WALS,2026-08-10 04:30:00,0,240.0,5.0,,10000.0,,SCT,2000.0,,,,,,,,0,33.0,22.0,1010.0,0,0,,,0.0,0.0,10000.0,10.0,,,0.0,0.0,10000.0,6.0,,,0.0,0.0,10000.0,5.0,,,0.0,0.0,10000.0,0.0,,7000.0,0.0,0.0,10000.0,4.0,,
METAR WALS 100500Z 25010KT 9999 SCT020 32/22 Q1009 NOSIG,WALS,2026-08-10 05:00:00,0,250.0,10.0,,10000.0,,SCT,2000.0,,,,,,,,0,32.0,22.0,1009.0,0,0,,,0.0,0.0,10000.0,5.0,,,0.0,0.0,10000.0,8.0,,,0.0,0.0,10000.0,4.0,,3800.0,0.0,0.0,10000.0,2.0,,7000.0,0.0,0.0,10000.0,5.0,,2000.0
METAR WALS 100600Z 23005KT 170V280 9999 SCT020 34/22 Q1008 NOSIG,WALS,2026-08-10 06:00:00,0,230.0,5.0,,10000.0,,SCT,2000.0,,,,,,,,0,34.0,22.0,1008.0,0,0,,,0.0,0.0,10000.0,8.0,,,0.0,0.0,10000.0,7.0,,,0.0,0.0,10000.0,3.0,,3900.0,0.0,0.0,8000.0,2.0,,4600.0,0.0,0.0,10000.0,6.0,,2000.0
METAR WALS 100630Z 22008KT 180V250 9999 SCT020 33/23 Q1008 NOSIG,WALS,2026-08-10 06:30:00,0,220.0,8.0,,10000.0,,SCT,2000.0,,,,,,,,0,33.0,23.0,1008.0,0,0,,,0.0,0.0,10000.0,6.0,,,0.0,0.0,10000.0,6.0,,,0.0,0.0,10000.0,3.0,,3900.0,0.0,0.0,7000.0,2.0,,8500.0,0.0,0.0,10000.0,6.0,,2000.0
METAR WALS 100730Z 21006KT 160V240 9999 SCT020 33/24 Q1007 NOSIG,WALS,2026-08-10 07:30:00,0,210.0,6.0,,10000.0,,SCT,2000.0,,,,,,,,0,33.0,24.0,1007.0,0,0,,,0.0,0.0,10000.0,8.0,,,0.0,0.0,10000.0,5.0,,,0.0,0.0,10000.0,2.0,,5000.0,0.0,0.0,9000.0,1.0,,5500.0,0.0,0.0,10000.0,6.0,,
METAR WALS 100800Z 21008KT 9999 SCT020 31/24 Q1007 NOSIG,WALS,2026-08-10 08:00:00,0,210.0,8.0,,10000.0,,SCT,2000.0,,,,,,,,0,31.0,24.0,1007.0,0,0,,,0.0,0.0,10000.0,7.0,,,0.0,0.0,10000.0,4.0,,3800.0,0.0,0.0,10000.0,1.0,,5000.0,0.0,0.0,6000.0,2.0,,5000.0,0.0,0.0,10000.0,9.0,,
METAR WALS 100900Z 19007KT 160V230 9999 SCT020 30/24 Q1008 NOSIG,WALS,2026-08-10 09:00:00,0,190.0,7.0,,10000.0,,SCT,2000.0,,,,,,,,0,30.0,24.0,1008.0,0,0,,,0.0,0.0,10000.0,7.0,,,0.0,0.0,10000.0,3.0,,3900.0,0.0,0.0,10000.0,1.0,,5000.0,0.0,0.0,10000.0,1.0,,4700.0,0.0,0.0,10000.0,8.0,,
METAR WALS 100930Z 20006KT 160V230 9999 SCT018 29/23 Q1008 NOSIG,WALS,2026-08-10 09:30:00,0,200.0,6.0,,10000.0,,SCT,1800.0,,,,,,,,0,29.0,23.0,1008.0,0,0,,,0.0,0.0,10000.0,5.0,,,0.0,0.0,10000.0,3.0,,3900.0,0.0,0.0,10000.0,1.0,,,0.0,0.0,6000.0,1.0,,5500.0,0.0,0.0,10000.0,8.0,,
METAR WALS 101000Z 20007KT 160V220 9999 SCT020 28/23 Q1008 NOSIG,WALS,2026-08-10 10:00:00,0,200.0,7.0,,10000.0,,SCT,2000.0,,,,,,,,0,28.0,23.0,1008.0,0,0,,,0.0,0.0,10000.0,4.0,,3800.0,0.0,0.0,10000.0,1.0,,5500.0,0.0,0.0,10000.0,1.0,,7500.0,0.0,0.0,6000.0,1.0,,6500.0,0.0,0.0,10000.0,5.0,,
METAR WALS 101030Z AUTO 20005KT 170V240 9999 NCD 27/23 Q1008,WALS,2026-08-10 10:30:00,1,200.0,5.0,,10000.0,,NCD,,,,,,,,,0,27.0,23.0,1008.0,0,0,,,0.0,0.0,10000.0,3.0,,3800.0,0.0,0.0,10000.0,2.0,,5000.0,0.0,0.0,10000.0,0.0,,7000.0,0.0,0.0,6000.0,1.0,,,0.0,0.0,10000.0,5.0,,4900.0
METAR WALS 101100Z AUTO 20004KT 170V260 9999 BKN038 27/23 Q1009,WALS,2026-08-10 11:00:00,1,200.0,4.0,,10000.0,,BKN,3800.0,,,,,,,,0,27.0,23.0,1009.0,0,0,,3800.0,0.0,0.0,10000.0,3.0,,3900.0,0.0,0.0,10000.0,1.0,,5000.0,0.0,0.0,10000.0,2.0,,7000.0,0.0,0.0,3500.0,1.0,,,0.0,0.0,10000.0,4.0,,4600.0
METAR WALS 101130Z AUTO 20003KT 170V240 9999 OVC038 27/23 Q1009,WALS,2026-08-10 11:30:00,1,200.0,3.0,,10000.0,,OVC,3800.0,,,,,,,,0,27.0,23.0,1009.0,0,0,,3800.0,0.0,0.0,10000.0,3.0,,3900.0,0.0,0.0,10000.0,2.0,,,0.0,0.0,10000.0,2.0,,7500.0,0.0,0.0,8000.0,1.0,,,0.0,0.0,10000.0,3.0,,4700.0
METAR WALS 101200Z AUTO 22003KT 180V270 9999 OVC039 26/23 Q1010,WALS,2026-08-10 12:00:00,1,220.0,3.0,,10000.0,,OVC,3900.0,,,,,,,,0,26.0,23.0,1010.0,0,0,,3900.0,0.0,0.0,10000.0,1.0,,5500.0,0.0,0.0,10000.0,1.0,,5000.0,0.0,0.0,8000.0,2.0,,4600.0,0.0,0.0,8000.0,1.0,,,0.0,0.0,10000.0,2.0,,4400.0
METAR WALS 101300Z AUTO VRB01KT 9999 FEW036 FEW044 BKN055 26/23 Q1010,WALS,2026-08-10 13:00:00,1,,1.0,,10000.0,,FEW,3600.0,,FEW,4400.0,,BKN,5500.0,,0,26.0,23.0,1010.0,0,0,,5500.0,0.0,0.0,10000.0,1.0,,5000.0,0.0,0.0,10000.0,1.0,,7500.0,0.0,0.0,5000.0,1.0,,6000.0,0.0,0.0,10000.0,6.0,,,0.0,0.0,10000.0,2.0,,
METAR WALS 101330Z AUTO VRB02KT 9999 FEW042 BKN050 BKN055 26/23 Q1011,WALS,2026-08-10 13:30:00,1,,2.0,,10000.0,,FEW,4200.0,,BKN,5000.0,,BKN,5500.0,,0,26.0,23.0,1011.0,0,0,,5000.0,0.0,0.0,10000.0,2.0,,,0.0,0.0,10000.0,0.0,,7000.0,0.0,0.0,9000.0,1.0,,5500.0,0.0,0.0,10000.0,7.0,,,0.0,0.0,10000.0,1.0,,
METAR WALS 101400Z AUTO VRB01KT 9999 FEW039 FEW044 BKN050 25/23 Q1011,WALS,2026-08-10 14:00:00,1,,1.0,,10000.0,,FEW,3900.0,,FEW,4400.0,,BKN,5000.0,,0,25.0,23.0,1011.0,0,0,,5000.0,0.0,0.0,10000.0,1.0,,5000.0,0.0,0.0,10000.0,2.0,,7000.0,0.0,0.0,6000.0,2.0,,5000.0,0.0,0.0,10000.0,7.0,,,0.0,0.0,10000.0,1.0,,
METAR WALS 101430Z AUTO 27002KT 9999 FEW046 SCT055 24/23 Q1011,WALS,2026-08-10 14:30:00,1,270.0,2.0,,10000.0,,FEW,4600.0,,SCT,5500.0,,,,,0,24.0,23.0,1011.0,0,0,,,0.0,0.0,10000.0,1.0,,,0.0,0.0,10000.0,2.0,,7500.0,0.0,0.0,5000.0,2.0,,4300.0,0.0,0.0,10000.0,5.0,,2000.0,0.0,0.0,9000.0,0.0,,
METAR WALS 101500Z AUTO VRB01KT 9999 FEW036 SCT044 BKN050 24/23 Q1011,WALS,2026-08-10 15:00:00,1,,1.0,,10000.0,,FEW,3600.0,,SCT,4400.0,,BKN,5000.0,,0,24.0,23.0,1011.0,0,0,,5000.0,0.0,0.0,10000.0,1.0,,7500.0,0.0,0.0,8000.0,2.0,,4600.0,0.0,0.0,10000.0,1.0,,4700.0,0.0,0.0,10000.0,5.0,,2000.0,0.0,0.0,9000.0,0.0,,4800.0
METAR WALS 101530Z AUTO VRB01KT 9999 FEW032 FEW050 SCT060 24/23 Q1010,WALS,2026-08-10 15:30:00,1,,1.0,,10000.0,,FEW,3200.0,,FEW,5000.0,,SCT,6000.0,,0,24.0,23.0,1010.0,0,0,,,0.0,0.0,10000.0,0.0,,7000.0,0.0,0.0,7000.0,2.0,,8500.0,0.0,0.0,6000.0,1.0,,5500.0,0.0,0.0,10000.0,5.0,,,0.0,0.0,7000.0,0.0,,4500.0
METAR WALS 101600Z AUTO 36001KT 9999 FEW043 SCT049 OVC075 23/23 Q1011,WALS,2026-08-10 16:00:00,1,360.0,1.0,,10000.0,,FEW,4300.0,,SCT,4900.0,,OVC,7500.0,,0,23.0,23.0,1011.0,0,0,,7500.0,0.0,0.0,10000.0,2.0,,7000.0,0.0,0.0,5000.0,1.0,,6000.0,0.0,0.0,6000.0,1.0,,6500.0,0.0,0.0,10000.0,6.0,,2000.0,0.0,0.0,7000.0,0.0,,4400.0
METAR WALS 101630Z AUTO 00000KT 9999 BKN070 BKN080 OVC090 24/23 Q1010,WALS,2026-08-10 16:30:00,1,0.0,0.0,,10000.0,,BKN,7000.0,,BKN,8000.0,,OVC,9000.0,,0,24.0,23.0,1010.0,0,0,,7000.0,0.0,0.0,10000.0,2.0,,7500.0,0.0,0.0,9000.0,1.0,,5500.0,0.0,0.0,6000.0,1.0,,,0.0,0.0,10000.0,4.0,,,0.0,0.0,5000.0,1.0,,
METAR WALS 101700Z AUTO 18002KT 9999 OVC070 23/23 Q1010,WALS,2026-08-10 17:00:00,1,180.0,2.0,,10000.0,,OVC,7000.0,,,,,,,,0,23.0,23.0,1010.0,0,0,,7000.0,0.0,0.0,8000.0,2.0,,4600.0,0.0,0.0,6000.0,2.0,,5000.0,0.0,0.0,3500.0,1.0,,,0.0,0.0,10000.0,5.0,,2000.0,0.0,0.0,5000.0,1.0,,
METAR WALS 101730Z AUTO VRB02KT 9999 FEW047 SCT060 BKN075 24/23 Q1010,WALS,2026-08-10 17:30:00,1,,2.0,,10000.0,,FEW,4700.0,,SCT,6000.0,,BKN,7500.0,,0,24.0,23.0,1010.0,0,0,,7500.0,0.0,0.0,7000.0,2.0,,8500.0,0.0,0.0,5000.0,2.0,,4300.0,0.0,0.0,8000.0,1.0,,,0.0,0.0,10000.0,8.0,,2000.0,0.0,0.0,5000.0,1.0,,
METAR WALS 101800Z AUTO 30002KT 8000 FEW037 BKN046 OVC075 23/23 Q1010,WALS,2026-08-10 18:00:00,1,300.0,2.0,,8000.0,,FEW,3700.0,,BKN,4600.0,,OVC,7500.0,,0,23.0,23.0,1010.0,0,0,,4600.0,0.0,0.0,5000.0,1.0,,6000.0,0.0,0.0,10000.0,1.0,,4700.0,0.0,0.0,8000.0,1.0,,,0.0,0.0,10000.0,6.0,,2000.0,0.0,0.0,3800.0,1.0,,
METAR WALS 101830Z AUTO 18002KT 7000 FEW055 SCT065 BKN085 23/23 Q1009,WALS,2026-08-10 18:30:00,1,180.0,2.0,,7000.0,,FEW,5500.0,,SCT,6500.0,,BKN,8500.0,,0,23.0,23.0,1009.0,0,0,,8500.0,0.0,0.0,9000.0,1.0,,5500.0,0.0,0.0,6000.0,1.0,,5500.0,0.0,0.0,10000.0,6.0,,,0.0,0.0,10000.0,6.0,,2000.0,0.0,0.0,6000.0,1.0,,7500.0
METAR WALS 101900Z AUTO 33001KT 5000 FEW044 SCT050 BKN060 23/23 Q1009,WALS,2026-08-10 19:00:00,1,330.0,1.0,,5000.0,,FEW,4400.0,,SCT,5000.0,,BKN,6000.0,,0,23.0,23.0,1009.0,0,0,,6000.0,0.0,0.0,6000.0,2.0,,5000.0,0.0,0.0,6000.0,1.0,,6500.0,0.0,0.0,10000.0,6.0,,,0.0,0.0,10000.0,8.0,,,0.0,0.0,6000.0,1.0,,7500.0
METAR WALS 101930Z AUTO 29001KT 9000 SCT044 BKN055 OVC065 22/22 Q1009,WALS,2026-08-10 19:30:00,1,290.0,1.0,,9000.0,,SCT,4400.0,,BKN,5500.0,,OVC,6500.0,,0,22.0,22.0,1009.0,0,0,,5500.0,0.0,0.0,5000.0,2.0,,4300.0,0.0,0.0,6000.0,1.0,,,0.0,0.0,10000.0,7.0,,,0.0,0.0,10000.0,6.0,,,0.0,0.0,8000.0,1.0,,5500.0
METAR WALS 102000Z AUTO 20002KT 6000 SCT044 BKN050 OVC060 22/22 Q1009,WALS,2026-08-10 20:00:00,1,200.0,2.0,,6000.0,,SCT,4400.0,,BKN,5000.0,,OVC,6000.0,,0,22.0,22.0,1009.0,0,0,,5000.0,0.0,0.0,10000.0,1.0,,4700.0,0.0,0.0,3500.0,1.0,,,0.0,0.0,10000.0,7.0,,,0.0,0.0,10000.0,9.0,,,0.0,0.0,6000.0,2.0,,6500.0
METAR WALS 102030Z AUTO 36002KT 5000 BKN043 OVC050 22/22 Q1009,WALS,2026-08-10 20:30:00,1,360.0,2.0,,5000.0,,BKN,4300.0,,OVC,5000.0,,,,,0,22.0,22.0,1009.0,0,0,,4300.0,0.0,0.0,6000.0,1.0,,5500.0,0.0,0.0,8000.0,1.0,,,0.0,0.0,10000.0,5.0,,2000.0,0.0,0.0,10000.0,6.0,,,0.0,0.0,8000.0,1.0,,6500.0
METAR WALS 102100Z AUTO 28001KT 9999 FEW041 BKN047 OVC060 22/22 Q1009,WALS,2026-08-10 21:00:00,1,280.0,1.0,,10000.0,,FEW,4100.0,,BKN,4700.0,,OVC,6000.0,,0,22.0,22.0,1009.0,0,0,,4700.0,0.0,0.0,6000.0,1.0,,6500.0,0.0,0.0,8000.0,1.0,,,0.0,0.0,10000.0,5.0,,2000.0,0.0,0.0,10000.0,8.0,,,0.0,0.0,7000.0,1.0,,3900.0
METAR WALS 102130Z AUTO 25001KT 6000 SCT048 OVC055 22/22 Q1009,WALS,2026-08-10 21:30:00,1,250.0,1.0,,6000.0,,SCT,4800.0,,OVC,5500.0,,,,,0,22.0,22.0,1009.0,0,0,,5500.0,0.0,0.0,6000.0,1.0,,,0.0,0.0,10000.0,6.0,,,0.0,0.0,10000.0,5.0,,,0.0,0.0,10000.0,8.0,,,0.0,0.0,7000.0,1.0,,7500.0
METAR WALS 102200Z AUTO VRB01KT 6000 FEW048 OVC065 22/22 Q1010,WALS,2026-08-10 22:00:00,1,,1.0,,6000.0,,FEW,4800.0,,OVC,6500.0,,,,,0,22.0,22.0,1010.0,0,0,,6500.0,0.0,0.0,3500.0,1.0,,,0.0,0.0,10000.0,6.0,,,0.0,0.0,10000.0,6.0,,2000.0,0.0,0.0,10000.0,5.0,,,0.0,0.0,5000.0,1.0,,8000.0
METAR WALS 102230Z VRB01KT 6000 FEW020 22/22 Q1010 NOSIG,WALS,2026-08-10 22:30:00,0,,1.0,,6000.0,,FEW,2000.0,,,,,,,,0,22.0,22.0,1010.0,0,0,,,0.0,0.0,8000.0,1.0,,,0.0,0.0,10000.0,7.0,,,0.0,0.0,10000.0,4.0,,,0.0,0.0,10000.0,5.0,,4900.0,0.0,0.0,4000.0,1.0,,
METAR WALS 102300Z VRB01KT 3500 BR FEW012 23/22 Q1010 BECMG TL2330 5000 NSW,WALS,2026-08-10 23:00:00,0,,1.0,,3500.0,"('', None, '', 'BR', None)",FEW,1200.0,,,,,,,,0,23.0,22.0,1010.0,0,0,,,0.0,0.0,8000.0,1.0,,,0.0,0.0,10000.0,7.0,,,0.0,0.0,10000.0,5.0,,2000.0,0.0,0.0,10000.0,4.0,,4600.0,0.0,0.0,5000.0,2.0,,
METAR WALS 102330Z VRB01KT 8000 NSC 25/23 Q1011 NOSIG,WALS,2026-08-10 23:30:00,0,,1.0,,8000.0,,NSC,,,,,,,,,0,25.0,23.0,1011.0,0,0,,,0.0,0.0,10000.0,6.0,,,0.0,0.0,10000.0,5.0,,2000.0,0.0,0.0,10000.0,8.0,,2000.0,0.0,0.0,10000.0,3.0,,4700.0,0.0,0.0,5000.0,0.0,,
METAR WALS 110100Z 25006KT 9999 FEW020 29/24 Q1012 NOSIG,WALS,2026-08-11 01:00:00,0,250.0,6.0,,10000.0,,FEW,2000.0,,,,,,,,0,29.0,24.0,1012.0,0,0,,,0.0,0.0,10000.0,7.0,,,0.0,0.0,10000.0,6.0,,2000.0,0.0,0.0,10000.0,8.0,,,0.0,0.0,10000.0,2.0,,,0.0,0.0,10000.0,4.0,,
METAR WALS 110130Z 23007KT 190V270 9999 SCT020 29/24 Q1011 NOSIG,WALS,2026-08-11 01:30:00,0,230.0,7.0,,10000.0,,SCT,2000.0,,,,,,,,0,29.0,24.0,1011.0,0,0,,,0.0,0.0,10000.0,5.0,,2000.0,0.0,0.0,10000.0,4.0,,,0.0,0.0,10000.0,6.0,,,0.0,0.0,10000.0,1.0,,,0.0,0.0,10000.0,4.0,,
METAR WALS 110300Z 23005KT 9999 BKN020 31/23 Q1011 NOSIG,WALS,2026-08-11 03:00:00,0,230.0,5.0,,10000.0,,BKN,2000.0,,,,,,,,0,31.0,23.0,1011.0,0,0,,2000.0,0.0,0.0,10000.0,6.0,,2000.0,0.0,0.0,10000.0,6.0,,2000.0,0.0,0.0,10000.0,8.0,,,0.0,0.0,9000.0,0.0,,4800.0,0.0,0.0,10000.0,6.0,,
METAR WALS 110330Z 22005KT 170V250 9999 SCT020 31/23 Q1010 NOSIG,WALS,2026-08-11 03:30:00,0,220.0,5.0,,10000.0,,SCT,2000.0,,,,,,,,0,31.0,23.0,1010.0,0,0,,,0.0,0.0,10000.0,4.0,,,0.0,0.0,10000.0,6.0,,2000.0,0.0,0.0,10000.0,8.0,,,0.0,0.0,7000.0,0.0,,4500.0,0.0,0.0,10000.0,7.0,,
METAR WALS 110400Z 22006KT 180V250 9999 BKN020 33/23 Q1010 NOSIG,WALS,2026-08-11 04:00:00,0,220.0,6.0,,10000.0,,BKN,2000.0,,,,,,,,0,33.0,23.0,1010.0,0,0,,2000.0,0.0,0.0,10000.0,5.0,,2000.0,0.0,0.0,10000.0,8.0,,,0.0,0.0,10000.0,5.0,,,0.0,0.0,7000.0,0.0,,4400.0,0.0,0.0,10000.0,7.0,,
METAR WALS 110430Z 21004KT 130V260 9999 SCT020 33/23 Q1009 NOSIG,WALS,2026-08-11 04:30:00,0,210.0,4.0,,10000.0,,SCT,2000.0,,,,,,,,0,33.0,23.0,1009.0,0,0,,,0.0,0.0,10000.0,8.0,,2000.0,0.0,0.0,10000.0,6.0,,,0.0,0.0,10000.0,5.0,,4900.0,0.0,0.0,5000.0,1.0,,,0.0,0.0,10000.0,6.0,,
METAR WALS 110500Z 23005KT 140V310 9999 BKN020 34/23 Q1009 NOSIG,WALS,2026-08-11 05:00:00,0,230.0,5.0,,10000.0,,BKN,2000.0,,,,,,,,0,34.0,23.0,1009.0,0,0,,2000.0,0.0,0.0,10000.0,6.0,,2000.0,0.0,0.0,10000.0,9.0,,,0.0,0.0,10000.0,4.0,,4600.0,0.0,0.0,5000.0,1.0,,,0.0,0.0,10000.0,6.0,,
METAR WALS 110530Z 22008KT 190V250 9999 BKN020 32/24 Q1008 NOSIG,WALS,2026-08-11 05:30:00,0,220.0,8.0,,10000.0,,BKN,2000.0,,,,,,,,0,32.0,24.0,1008.0,0,0,,2000.0,0.0,0.0,10000.0,6.0,,2000.0,0.0,0.0,10000.0,6.0,,,0.0,0.0,10000.0,3.0,,4700.0,0.0,0.0,5000.0,1.0,,,0.0,0.0,10000.0,6.0,,
METAR WALS 110600Z 22006KT 180V270 9999 BKN020 34/24 Q1008 NOSIG,WALS,2026-08-11 06:00:00,0,220.0,6.0,,10000.0,,BKN,2000.0,,,,,,,,0,34.0,24.0,1008.0,0,0,,2000.0,0.0,0.0,10000.0,8.0,,,0.0,0.0,10000.0,8.0,,,0.0,0.0,10000.0,2.0,,4400.0,0.0,0.0,3800.0,1.0,,,0.0,0.0,10000.0,7.0,,
METAR WALS 110700Z 20008KT 150V230 9999 SCT020 32/24 Q1007 NOSIG,WALS,2026-08-11 07:00:00,0,200.0,8.0,,10000.0,,SCT,2000.0,,,,,,,,0,32.0,24.0,1007.0,0,0,,,0.0,0.0,10000.0,9.0,,,0.0,0.0,10000.0,5.0,,,0.0,0.0,10000.0,2.0,,,0.0,0.0,6000.0,1.0,,7500.0,0.0,0.0,10000.0,7.0,,
METAR WALS 110730Z 19006KT 130V240 9999 SCT020 33/25 Q1007 NOSIG,WALS,2026-08-11 07:30:00,0,190.0,6.0,,10000.0,,SCT,2000.0,,,,,,,,0,33.0,25.0,1007.0,0,0,,,0.0,0.0,10000.0,6.0,,,0.0,0.0,10000.0,5.0,,4900.0,0.0,0.0,10000.0,1.0,,,0.0,0.0,8000.0,1.0,,5500.0,0.0,0.0,10000.0,6.0,,
METAR WALS 110800Z 20009KT 170V250 9999 FEW020 32/24 Q1007 NOSIG,WALS,2026-08-11 08:00:00,0,200.0,9.0,,10000.0,,FEW,2000.0,,,,,,,,0,32.0,24.0,1007.0,0,0,,,0.0,0.0,10000.0,8.0,,,0.0,0.0,10000.0,4.0,,4600.0,0.0,0.0,10000.0,1.0,,,0.0,0.0,6000.0,2.0,,6500.0,0.0,0.0,10000.0,8.0,,
METAR WALS 110830Z 20006KT 150V230 9999 FEW020 31/24 Q1008 NOSIG,WALS,2026-08-11 08:30:00,0,200.0,6.0,,10000.0,,FEW,2000.0,,,,,,,,0,31.0,24.0,1008.0,0,0,,,0.0,0.0,10000.0,8.0,,,0.0,0.0,10000.0,3.0,,4700.0,0.0,0.0,9000.0,0.0,,,0.0,0.0,8000.0,1.0,,6500.0,0.0,0.0,10000.0,7.0,,
METAR WALS 110900Z 18008KT 170V230 CAVOK 31/24 Q1008 NOSIG,WALS,2026-08-11 09:00:00,0,180.0,8.0,,10000.0,,,,,,,,,,,0,31.0,24.0,1008.0,0,0,,,0.0,0.0,10000.0,5.0,,,0.0,0.0,10000.0,2.0,,4400.0,0.0,0.0,9000.0,0.0,,4800.0,0.0,0.0,7000.0,1.0,,3900.0,0.0,0.0,10000.0,7.0,,
METAR WALS 110930Z 18008KT 130V230 CAVOK 29/24 Q1008 NOSIG,WALS,2026-08-11 09:30:00,0,180.0,8.0,,10000.0,,,,,,,,,,,0,29.0,24.0,1008.0,0,0,,,0.0,0.0,10000.0,5.0,,4900.0,0.0,0.0,10000.0,2.0,,,0.0,0.0,7000.0,0.0,,4500.0,0.0,0.0,7000.0,1.0,,7500.0,0.0,0.0,10000.0,5.0,,
METAR WALS 111000Z 20005KT 150V240 CAVOK 29/23 Q1009 NOSIG,WALS,2026-08-11 10:00:00,0,200.0,5.0,,10000.0,,,,,,,,,,,0,29.0,23.0,1009.0,0,0,,,0.0,0.0,10000.0,4.0,,4600.0,0.0,0.0,10000.0,2.0,,,0.0,0.0,7000.0,0.0,,4400.0,0.0,0.0,5000.0,1.0,,8000.0,0.0,0.0,10000.0,6.0,,
METAR WALS 111030Z AUTO 20005KT 160V230 9999 BKN049 BKN055 28/24 Q1009 NOSIG,WALS,2026-08-11 10:30:00,1,200.0,5.0,,10000.0,,BKN,4900.0,,BKN,5500.0,,,,,0,28.0,24.0,1009.0,0,0,,4900.0,0.0,0.0,10000.0,3.0,,4700.0,0.0,0.0,10000.0,1.0,,,0.0,0.0,5000.0,1.0,,,0.0,0.0,4000.0,1.0,,,0.0,0.0,10000.0,6.0,,
METAR WALS 111100Z AUTO 21004KT 160V240 9999 FEW022 BKN046 27/24 Q1009 NOSIG,WALS,2026-08-11 11:00:00,1,210.0,4.0,,10000.0,,FEW,2200.0,,BKN,4600.0,,,,,0,27.0,24.0,1009.0,0,0,,4600.0,0.0,0.0,10000.0,2.0,,4400.0,0.0,0.0,10000.0,1.0,,,0.0,0.0,5000.0,1.0,,,0.0,0.0,5000.0,2.0,,,0.0,0.0,10000.0,3.0,,3500.0
METAR WALS 111130Z AUTO 20003KT 160V250 9999 SCT039 BKN047 OVC060 27/24 Q1010,WALS,2026-08-11 11:30:00,1,200.0,3.0,,10000.0,,SCT,3900.0,,BKN,4700.0,,OVC,6000.0,,0,27.0,24.0,1010.0,0,0,,4700.0,0.0,0.0,10000.0,2.0,,,0.0,0.0,9000.0,0.0,,,0.0,0.0,5000.0,1.0,,,0.0,0.0,5000.0,0.0,,,0.0,0.0,10000.0,4.0,,3300.0
METAR WALS 111200Z AUTO VRB02KT 9999 BKN044 OVC050 26/24 Q1010,WALS,2026-08-11 12:00:00,1,,2.0,,10000.0,,BKN,4400.0,,OVC,5000.0,,,,,0,26.0,24.0,1010.0,0,0,,4400.0,0.0,0.0,10000.0,2.0,,,0.0,0.0,9000.0,0.0,,4800.0,0.0,0.0,3800.0,1.0,,,0.0,0.0,5000.0,0.0,,,0.0,0.0,10000.0,3.0,,3200.0
METAR WALS 111230Z AUTO 23002KT 9999 FEW048 SCT055 26/24 Q1010,WALS,2026-08-11 12:30:00,1,230.0,2.0,,10000.0,,FEW,4800.0,,SCT,5500.0,,,,,0,26.0,24.0,1010.0,0,0,,,0.0,0.0,10000.0,1.0,,,0.0,0.0,7000.0,0.0,,4500.0,0.0,0.0,6000.0,1.0,,7500.0,0.0,0.0,10000.0,3.0,,,0.0,0.0,10000.0,3.0,,3400.0
METAR WALS 111330Z AUTO VRB01KT 9999 FEW032 FEW044 FEW055 26/24 Q1011,WALS,2026-08-11 13:30:00,1,,1.0,,10000.0,,FEW,3200.0,,FEW,4400.0,,FEW,5500.0,,0,26.0,24.0,1011.0,0,0,,,0.0,0.0,9000.0,0.0,,,0.0,0.0,5000.0,1.0,,,0.0,0.0,8000.0,1.0,,5500.0,0.0,0.0,10000.0,4.0,,,0.0,0.0,10000.0,3.0,,
METAR WALS 111400Z AUTO VRB01KT 9999 FEW034 FEW043 25/24 Q1011,WALS,2026-08-11 14:00:00,1,,1.0,,10000.0,,FEW,3400.0,,FEW,4300.0,,,,,0,25.0,24.0,1011.0,0,0,,,0.0,0.0,9000.0,0.0,,4800.0,0.0,0.0,5000.0,1.0,,,0.0,0.0,6000.0,2.0,,6500.0,0.0,0.0,10000.0,5.0,,,0.0,0.0,10000.0,2.0,,
METAR WALS 111430Z AUTO 00000KT 9000 FEW050 24/24 Q1011,WALS,2026-08-11 14:30:00,1,0.0,0.0,,9000.0,,FEW,5000.0,,,,,,,,0,24.0,24.0,1011.0,0,0,,,0.0,0.0,7000.0,0.0,,4500.0,0.0,0.0,5000.0,1.0,,,0.0,0.0,8000.0,1.0,,6500.0,0.0,0.0,10000.0,5.0,,,0.0,0.0,10000.0,2.0,,
METAR WALS 111500Z AUTO 00000KT 9000 BKN048 BKN070 24/24 Q1011,WALS,2026-08-11 15:00:00,1,0.0,0.0,,9000.0,,BKN,4800.0,,BKN,7000.0,,,,,0,24.0,24.0,1011.0,0,0,,4800.0,0.0,0.0,7000.0,0.0,,4400.0,0.0,0.0,3800.0,1.0,,,0.0,0.0,7000.0,1.0,,3900.0,0.0,0.0,10000.0,6.0,,,0.0,0.0,10000.0,2.0,,
METAR WALS 111530Z AUTO 00000KT 7000 OVC045 24/23 Q1011,WALS,2026-08-11 15:30:00,1,0.0,0.0,,7000.0,,OVC,4500.0,,,,,,,,0,24.0,23.0,1011.0,0,0,,4500.0,0.0,0.0,5000.0,1.0,,,0.0,0.0,6000.0,1.0,,7500.0,0.0,0.0,7000.0,1.0,,7500.0,0.0,0.0,10000.0,7.0,,,0.0,0.0,10000.0,1.0,,
METAR WALS 111600Z AUTO 00000KT 7000 FEW002 BKN044 BKN050 24/23 Q1011,WALS,2026-08-11 16:00:00,1,0.0,0.0,,7000.0,,FEW,200.0,,BKN,4400.0,,BKN,5000.0,,0,24.0,23.0,1011.0,0,0,,4400.0,0.0,0.0,5000.0,1.0,,,0.0,0.0,6000.0,1.0,,7500.0,0.0,0.0,5000.0,1.0,,8000.0,0.0,0.0,10000.0,7.0,,,0.0,0.0,8000.0,1.0,,4100.0
METAR WALS 111630Z AUTO VRB01KT 5000 SCT045 SCT075 23/23 Q1011,WALS,2026-08-11 16:30:00,1,,1.0,,5000.0,,SCT,4500.0,,SCT,7500.0,,,,,0,23.0,23.0,1011.0,0,0,,,0.0,0.0,5000.0,1.0,,,0.0,0.0,8000.0,1.0,,5500.0,0.0,0.0,4000.0,1.0,,,0.0,0.0,10000.0,6.0,,,0.0,0.0,9000.0,1.0,,4300.0
METAR WALS 111700Z AUTO 19001KT 5000 FEW034 FEW041 SCT075 23/23 Q1011,WALS,2026-08-11 17:00:00,1,190.0,1.0,,5000.0,,FEW,3400.0,,FEW,4100.0,,SCT,7500.0,,0,23.0,23.0,1011.0,0,0,,,0.0,0.0,3800.0,1.0,,,0.0,0.0,6000.0,2.0,,6500.0,0.0,0.0,5000.0,2.0,,,0.0,0.0,10000.0,6.0,,,0.0,0.0,7000.0,2.0,,4300.0
METAR WALS 111730Z AUTO VRB01KT 5000 FEW035 FEW043 FEW055 23/23 Q1011,WALS,2026-08-11 17:30:00,1,,1.0,,5000.0,,FEW,3500.0,,FEW,4300.0,,FEW,5500.0,,0,23.0,23.0,1011.0,0,0,,,0.0,0.0,6000.0,1.0,,7500.0,0.0,0.0,8000.0,1.0,,6500.0,0.0,0.0,5000.0,0.0,,,0.0,0.0,10000.0,6.0,,,0.0,0.0,6000.0,2.0,,4400.0
METAR WALS 111800Z AUTO VRB01KT 3800 BR FEW046 FEW065 23/23 Q1010,WALS,2026-08-11 18:00:00,1,,1.0,,3800.0,"('', None, '', 'BR', None)",FEW,4600.0,,FEW,6500.0,,,,,0,23.0,23.0,1010.0,0,0,,,0.0,0.0,6000.0,1.0,,7500.0,0.0,0.0,7000.0,1.0,,3900.0,0.0,0.0,5000.0,0.0,,,0.0,0.0,10000.0,7.0,,,0.0,0.0,4600.0,3.0,,4600.0
METAR WALS 111830Z AUTO VRB01KT 6000 FEW036 FEW042 BKN075 23/23 Q1011,WALS,2026-08-11 18:30:00,1,,1.0,,6000.0,,FEW,3600.0,,FEW,4200.0,,BKN,7500.0,,0,23.0,23.0,1011.0,0,0,,7500.0,0.0,0.0,8000.0,1.0,,5500.0,0.0,0.0,7000.0,1.0,,7500.0,0.0,0.0,10000.0,3.0,,,0.0,0.0,10000.0,7.0,,,0.0,0.0,5000.0,1.0,,7500.0
METAR WALS 111900Z AUTO VRB01KT 6000 FEW034 FEW050 OVC075 23/23 Q1010,WALS,2026-08-11 19:00:00,1,,1.0,,6000.0,,FEW,3400.0,,FEW,5000.0,,OVC,7500.0,,0,23.0,23.0,1010.0,0,0,,7500.0,0.0,0.0,6000.0,2.0,,6500.0,0.0,0.0,5000.0,1.0,,8000.0,0.0,0.0,10000.0,4.0,,,0.0,0.0,10000.0,7.0,,,0.0,0.0,7000.0,1.0,,8000.0
METAR WALS 111930Z AUTO VRB01KT 8000 FEW030 SCT043 BKN055 23/23 Q1010,WALS,2026-08-11 19:30:00,1,,1.0,,8000.0,,FEW,3000.0,,SCT,4300.0,,BKN,5500.0,,0,23.0,23.0,1010.0,0,0,,5500.0,0.0,0.0,8000.0,1.0,,6500.0,0.0,0.0,4000.0,1.0,,,0.0,0.0,10000.0,4.0,,,0.0,0.0,10000.0,6.0,,,0.0,0.0,8000.0,2.0,,8500.0
METAR WALS 112000Z AUTO VRB02KT 6000 SCT041 BKN065 OVC310 23/23 Q1010,WALS,2026-08-11 20:00:00,1,,2.0,,6000.0,,SCT,4100.0,,BKN,6500.0,,OVC,31000.0,,0,23.0,23.0,1010.0,0,0,,6500.0,0.0,0.0,7000.0,1.0,,3900.0,0.0,0.0,5000.0,2.0,,,0.0,0.0,10000.0,5.0,,,0.0,0.0,10000.0,8.0,,,0.0,0.0,6000.0,2.0,,4800.0
METAR WALS 112030Z AUTO VRB01KT 8000 FEW029 SCT041 BKN065 23/23 Q1010,WALS,2026-08-11 20:30:00,1,,1.0,,8000.0,,FEW,2900.0,,SCT,4100.0,,BKN,6500.0,,0,23.0,23.0,1010.0,0,0,,6500.0,0.0,0.0,7000.0,1.0,,7500.0,0.0,0.0,5000.0,0.0,,,0.0,0.0,10000.0,5.0,,,0.0,0.0,10000.0,7.0,,,0.0,0.0,3400.0,1.0,,3600.0
METAR WALS 112100Z AUTO VRB01KT 7000 FEW024 SCT034 BKN039 23/23 Q1011,WALS,2026-08-11 21:00:00,1,,1.0,,7000.0,,FEW,2400.0,,SCT,3400.0,,BKN,3900.0,,0,23.0,23.0,1011.0,0,0,,3900.0,0.0,0.0,5000.0,1.0,,8000.0,0.0,0.0,5000.0,0.0,,,0.0,0.0,10000.0,6.0,,,0.0,0.0,10000.0,7.0,,,0.0,0.0,3500.0,1.0,,2600.0
METAR WALS 112130Z AUTO 18001KT 7000 OVC075 23/23 Q1011,WALS,2026-08-11 21:30:00,1,180.0,1.0,,7000.0,,OVC,7500.0,,,,,,,,0,23.0,23.0,1011.0,0,0,,7500.0,0.0,0.0,4000.0,1.0,,,0.0,0.0,10000.0,3.0,,,0.0,0.0,10000.0,7.0,,,0.0,0.0,10000.0,5.0,,,0.0,0.0,650.0,1.0,,1900.0
METAR WALS 112200Z AUTO VRB01KT 5000 OVC080 23/23 Q1011,WALS,2026-08-11 22:00:00,1,,1.0,,5000.0,,OVC,8000.0,,,,,,,,0,23.0,23.0,1011.0,0,0,,8000.0,0.0,0.0,5000.0,2.0,,,0.0,0.0,10000.0,4.0,,,0.0,0.0,10000.0,7.0,,,0.0,0.0,10000.0,6.0,,,0.0,0.0,2000.0,0.0,,
METAR WALS 112230Z VRB01KT 4000 BR NSC 23/22 Q1011 BECMG TL2400 6000 NSW,WALS,2026-08-11 22:30:00,0,,1.0,,4000.0,"('', None, '', 'BR', None)",NSC,,,,,,,,,0,23.0,22.0,1011.0,0,0,,,0.0,0.0,5000.0,0.0,,,0.0,0.0,10000.0,4.0,,,0.0,0.0,10000.0,6.0,,,0.0,0.0,10000.0,6.0,,,0.0,0.0,1500.0,0.0,,200.0
METAR WALS 112300Z VRB02KT 5000 NSC 24/23 Q1011 NOSIG,WALS,2026-08-11 23:00:00,0,,2.0,,5000.0,,NSC,,,,,,,,,0,24.0,23.0,1011.0,0,0,,,0.0,0.0,5000.0,0.0,,,0.0,0.0,10000.0,5.0,,,0.0,0.0,10000.0,6.0,,,0.0,0.0,10000.0,3.0,,3500.0,0.0,0.0,2000.0,0.0,,200.0
METAR WALS 112330Z 00000KT 5000 NSC 25/24 Q1012 NOSIG,WALS,2026-08-11 23:30:00,0,0.0,0.0,,5000.0,,NSC,,,,,,,,,0,25.0,24.0,1012.0,0,0,,,0.0,0.0,10000.0,3.0,,,0.0,0.0,10000.0,5.0,,,0.0,0.0,10000.0,6.0,,,0.0,0.0,10000.0,4.0,,3300.0,0.0,0.0,2000.0,0.0,,200.0
METAR WALS 120030Z 22003KT 180V260 9999 FEW016 28/25 Q1012 NOSIG,WALS,2026-08-12 00:30:00,0,220.0,3.0,,10000.0,,FEW,1600.0,,,,,,,,0,28.0,25.0,1012.0,0,0,,,0.0,0.0,10000.0,4.0,,,0.0,0.0,10000.0,7.0,,,0.0,0.0,10000.0,7.0,,,0.0,0.0,10000.0,3.0,,3400.0,0.0,0.0,9000.0,6.0,,
METAR WALS 120100Z 24004KT 120V280 9999 FEW018 29/24 Q1013 NOSIG,WALS,2026-08-12 01:00:00,0,240.0,4.0,,10000.0,,FEW,1800.0,,,,,,,,0,29.0,24.0,1013.0,0,0,,,0.0,0.0,10000.0,5.0,,,0.0,0.0,10000.0,7.0,,,0.0,0.0,10000.0,7.0,,,0.0,0.0,10000.0,3.0,,3400.0,0.0,0.0,10000.0,6.0,,
METAR WALS 120230Z 20005KT 150V240 9999 SCT020 31/24 Q1012 NOSIG,WALS,2026-08-12 02:30:00,0,200.0,5.0,,10000.0,,SCT,2000.0,,,,,,,,0,31.0,24.0,1012.0,0,0,,,0.0,0.0,10000.0,7.0,,,0.0,0.0,10000.0,6.0,,,0.0,0.0,10000.0,7.0,,,0.0,0.0,10000.0,2.0,,,0.0,0.0,10000.0,8.0,,
METAR WALS 120300Z 22006KT 180V280 9999 SCT020 30/23 Q1012 NOSIG,WALS,2026-08-12 03:00:00,0,220.0,6.0,,10000.0,,SCT,2000.0,,,,,,,,0,30.0,23.0,1012.0,0,0,,,0.0,0.0,10000.0,7.0,,,0.0,0.0,10000.0,7.0,,,0.0,0.0,10000.0,7.0,,,0.0,0.0,10000.0,2.0,,,0.0,0.0,10000.0,,,
METAR WALS 120330Z 22007KT 160V250 9999 SCT020 32/24 Q1012 NOSIG,WALS,2026-08-12 03:30:00,0,220.0,7.0,,10000.0,,SCT,2000.0,,,,,,,,0,32.0,24.0,1012.0,0,0,,,0.0,0.0,10000.0,6.0,,,0.0,0.0,10000.0,7.0,,,0.0,0.0,10000.0,5.0,,,0.0,0.0,10000.0,1.0,,,0.0,0.0,10000.0,,,
METAR WALS 120430Z 24006KT 180V280 9999 SCT025 34/24 Q1010 NOSIG,WALS,2026-08-12 04:30:00,0,240.0,6.0,,10000.0,,SCT,2500.0,,,,,,,,0,34.0,24.0,1010.0,0,0,,,0.0,0.0,10000.0,6.0,,,0.0,0.0,10000.0,6.0,,,0.0,0.0,10000.0,6.0,,,0.0,0.0,9000.0,1.0,,4300.0,0.0,0.0,10000.0,5.0,,
METAR WALS 120500Z 21006KT 9999 SCT025 33/24 Q1010 NOSIG,WALS,2026-08-12 05:00:00,0,210.0,6.0,,10000.0,,SCT,2500.0,,,,,,,,0,33.0,24.0,1010.0,0,0,,,0.0,0.0,10000.0,7.0,,,0.0,0.0,10000.0,8.0,,,0.0,0.0,10000.0,3.0,,3500.0,0.0,0.0,7000.0,2.0,,4300.0,0.0,0.0,10000.0,9.0,,
METAR WALS 120600Z 18007KT 150V220 9999 SCT025 32/24 Q1009 NOSIG,WALS,2026-08-12 06:00:00,0,180.0,7.0,,10000.0,,SCT,2500.0,,,,,,,,0,32.0,24.0,1009.0,0,0,,,0.0,0.0,10000.0,7.0,,,0.0,0.0,10000.0,7.0,,,0.0,0.0,10000.0,3.0,,3200.0,0.0,0.0,4600.0,3.0,,4600.0,0.0,0.0,10000.0,6.0,,
METAR WALS 120630Z 17007KT 130V210 9999 SCT025 33/24 Q1009 NOSIG,WALS,2026-08-12 06:30:00,0,170.0,7.0,,10000.0,,SCT,2500.0,,,,,,,,0,33.0,24.0,1009.0,0,0,,,0.0,0.0,10000.0,6.0,,,0.0,0.0,10000.0,5.0,,,0.0,0.0,10000.0,3.0,,3400.0,0.0,0.0,5000.0,1.0,,7500.0,0.0,0.0,10000.0,8.0,,
METAR WALS 120730Z 20006KT 140V240 9999 SCT025 33/24 Q1008 NOSIG,WALS,2026-08-12 07:30:00,0,200.0,6.0,,10000.0,,SCT,2500.0,,,,,,,,0,33.0,24.0,1008.0,0,0,,,0.0,0.0,10000.0,7.0,,,0.0,0.0,10000.0,6.0,,,0.0,0.0,10000.0,3.0,,,0.0,0.0,8000.0,2.0,,8500.0,0.0,0.0,10000.0,9.0,,
METAR WALS 120800Z 21008KT 150V250 9999 FEW025 32/24 Q1008 NOSIG,WALS,2026-08-12 08:00:00,0,210.0,8.0,,10000.0,,FEW,2500.0,,,,,,,,0,32.0,24.0,1008.0,0,0,,,0.0,0.0,10000.0,7.0,,,0.0,0.0,10000.0,3.0,,3500.0,0.0,0.0,10000.0,2.0,,,0.0,0.0,6000.0,2.0,,4800.0,0.0,0.0,10000.0,9.0,,
METAR WALS 120830Z 19007KT 150V230 9999 FEW025 31/24 Q1008 NOSIG,WALS,2026-08-12 08:30:00,0,190.0,7.0,,10000.0,,FEW,2500.0,,,,,,,,0,31.0,24.0,1008.0,0,0,,,0.0,0.0,10000.0,5.0,,,0.0,0.0,10000.0,4.0,,3300.0,0.0,0.0,10000.0,2.0,,,0.0,0.0,3400.0,1.0,,3600.0,0.0,0.0,10000.0,8.0,,
METAR WALS 120900Z 19007KT 140V240 9999 FEW025 30/24 Q1009 NOSIG,WALS,2026-08-12 09:00:00,0,190.0,7.0,,10000.0,,FEW,2500.0,,,,,,,,0,30.0,24.0,1009.0,0,0,,,0.0,0.0,10000.0,6.0,,,0.0,0.0,10000.0,3.0,,3200.0,0.0,0.0,10000.0,2.0,,,0.0,0.0,3500.0,1.0,,2600.0,0.0,0.0,10000.0,8.0,,
METAR WALS 120930Z 20005KT 150V220 9999 FEW025 30/24 Q1009 NOSIG,WALS,2026-08-12 09:30:00,0,200.0,5.0,,10000.0,,FEW,2500.0,,,,,,,,0,30.0,24.0,1009.0,0,0,,,0.0,0.0,10000.0,6.0,,,0.0,0.0,10000.0,3.0,,3400.0,0.0,0.0,10000.0,1.0,,,0.0,0.0,650.0,1.0,,1900.0,0.0,0.0,10000.0,7.0,,
METAR WALS 121000Z AUTO 20006KT 150V230 9999 NCD 28/24 Q1009 NOSIG,WALS,2026-08-12 10:00:00,1,200.0,6.0,,10000.0,,NCD,,,,,,,,,0,28.0,24.0,1009.0,0,0,,,0.0,0.0,10000.0,3.0,,3500.0,0.0,0.0,10000.0,3.0,,3400.0,0.0,0.0,8000.0,1.0,,4100.0,0.0,0.0,2000.0,0.0,,,0.0,0.0,10000.0,6.0,,
METAR WALS 121030Z AUTO 19006KT 160V230 9999 NCD 28/24 Q1009 NOSIG,WALS,2026-08-12 10:30:00,1,190.0,6.0,,10000.0,,NCD,,,,,,,,,0,28.0,24.0,1009.0,0,0,,,0.0,0.0,10000.0,4.0,,3300.0,0.0,0.0,10000.0,3.0,,,0.0,0.0,9000.0,1.0,,4300.0,0.0,0.0,1500.0,0.0,,200.0,0.0,0.0,10000.0,6.0,,
METAR WALS 121100Z AUTO 20003KT 160V240 9999 FEW021 BKN035 OVC310 27/24 Q1009 NOSIG,WALS,2026-08-12 11:00:00,1,200.0,3.0,,10000.0,,FEW,2100.0,,BKN,3500.0,,OVC,31000.0,,0,27.0,24.0,1009.0,0,0,,3500.0,0.0,0.0,10000.0,3.0,,3200.0,0.0,0.0,10000.0,2.0,,,0.0,0.0,7000.0,2.0,,4300.0,0.0,0.0,2000.0,0.0,,200.0,0.0,0.0,10000.0,4.0,,4500.0
METAR WALS 121130Z AUTO 21004KT 180V240 9999 FEW020 OVC033 27/24 Q1010 NOSIG,WALS,2026-08-12 11:30:00,1,210.0,4.0,,10000.0,,FEW,2000.0,,OVC,3300.0,,,,,0,27.0,24.0,1010.0,0,0,,3300.0,0.0,0.0,10000.0,3.0,,3400.0,0.0,0.0,10000.0,2.0,,,0.0,0.0,6000.0,2.0,,4400.0,0.0,0.0,2000.0,0.0,,200.0,0.0,0.0,10000.0,4.0,,4400.0
METAR WALS 121200Z AUTO 23003KT 9999 BKN032 OVC037 27/24 Q1010,WALS,2026-08-12 12:00:00,1,230.0,3.0,,10000.0,,BKN,3200.0,,OVC,3700.0,,,,,0,27.0,24.0,1010.0,0,0,,3200.0,0.0,0.0,10000.0,3.0,,3400.0,0.0,0.0,10000.0,2.0,,,0.0,0.0,4600.0,3.0,,4600.0,0.0,0.0,9000.0,6.0,,,0.0,0.0,10000.0,3.0,,4900.0
METAR WALS 121230Z AUTO 23003KT 9999 BKN034 BKN041 OVC046 26/24 Q1011,WALS,2026-08-12 12:30:00,1,230.0,3.0,,10000.0,,BKN,3400.0,,BKN,4100.0,,OVC,4600.0,,0,26.0,24.0,1011.0,0,0,,3400.0,0.0,0.0,10000.0,3.0,,,0.0,0.0,10000.0,1.0,,,0.0,0.0,5000.0,1.0,,7500.0,0.0,0.0,9000.0,6.0,,,0.0,0.0,10000.0,3.0,,6000.0
METAR WALS 121330Z AUTO 25003KT 9999 SCT040 SCT050 SCT065 25/24 Q1011,WALS,2026-08-12 13:30:00,1,250.0,3.0,,10000.0,,SCT,4000.0,,SCT,5000.0,,SCT,6500.0,,0,25.0,24.0,1011.0,0,0,,,0.0,0.0,10000.0,2.0,,,0.0,0.0,9000.0,1.0,,4300.0,0.0,0.0,8000.0,2.0,,8500.0,0.0,0.0,10000.0,6.0,,,0.0,0.0,10000.0,3.0,,8000.0
METAR WALS 121400Z AUTO 24002KT 9999 FEW040 FEW050 25/24 Q1011,WALS,2026-08-12 14:00:00,1,240.0,2.0,,10000.0,,FEW,4000.0,,FEW,5000.0,,,,,0,25.0,24.0,1011.0,0,0,,,0.0,0.0,10000.0,2.0,,,0.0,0.0,7000.0,2.0,,4300.0,0.0,0.0,6000.0,2.0,,4800.0,0.0,0.0,10000.0,8.0,,,0.0,0.0,10000.0,3.0,,7000.0
METAR WALS 121430Z AUTO 31002KT 9999 FEW031 FEW039 SCT060 25/24 Q1012,WALS,2026-08-12 14:30:00,1,310.0,2.0,,10000.0,,FEW,3100.0,,FEW,3900.0,,SCT,6000.0,,0,25.0,24.0,1012.0,0,0,,,0.0,0.0,10000.0,1.0,,,0.0,0.0,6000.0,2.0,,4400.0,0.0,0.0,3400.0,1.0,,3600.0,0.0,0.0,10000.0,8.0,,,0.0,0.0,10000.0,3.0,,8000.0
METAR WALS 121500Z AUTO 29002KT 9999 FEW028 FEW035 SCT042 25/24 Q1012,WALS,2026-08-12 15:00:00,1,290.0,2.0,,10000.0,,FEW,2800.0,,FEW,3500.0,,SCT,4200.0,,0,25.0,24.0,1012.0,0,0,,,0.0,0.0,8000.0,1.0,,4100.0,0.0,0.0,4600.0,3.0,,4600.0,0.0,0.0,3500.0,1.0,,2600.0,0.0,0.0,10000.0,,,,0.0,0.0,10000.0,3.0,,5000.0
METAR WALS 121530Z AUTO 36001KT 9999 SCT042 SCT050 24/24 Q1012,WALS,2026-08-12 15:30:00,1,360.0,1.0,,10000.0,,SCT,4200.0,,SCT,5000.0,,,,,0,24.0,24.0,1012.0,0,0,,,0.0,0.0,9000.0,1.0,,4300.0,0.0,0.0,5000.0,1.0,,7500.0,0.0,0.0,650.0,1.0,,1900.0,0.0,0.0,10000.0,,,,0.0,0.0,8000.0,2.0,,3900.0
METAR WALS 121600Z AUTO VRB01KT 8000 BKN041 BKN049 24/24 Q1012,WALS,2026-08-12 16:00:00,1,,1.0,,8000.0,,BKN,4100.0,,BKN,4900.0,,,,,0,24.0,24.0,1012.0,0,0,,4100.0,0.0,0.0,7000.0,2.0,,4300.0,0.0,0.0,7000.0,1.0,,8000.0,0.0,0.0,2000.0,0.0,,,0.0,0.0,10000.0,,,,0.0,0.0,7000.0,2.0,,5500.0
METAR WALS 121630Z AUTO VRB01KT 9000 FEW031 BKN043 OVC049 24/24 Q1012,WALS,2026-08-12 16:30:00,1,,1.0,,9000.0,,FEW,3100.0,,BKN,4300.0,,OVC,4900.0,,0,24.0,24.0,1012.0,0,0,,4300.0,0.0,0.0,6000.0,2.0,,4400.0,0.0,0.0,8000.0,2.0,,8500.0,0.0,0.0,1500.0,0.0,,200.0,0.0,0.0,10000.0,5.0,,,0.0,0.0,6000.0,1.0,,5500.0
METAR WALS 121700Z AUTO 28002KT 7000 FEW021 FEW030 OVC043 24/24 Q1012,WALS,2026-08-12 17:00:00,1,280.0,2.0,,7000.0,,FEW,2100.0,,FEW,3000.0,,OVC,4300.0,,0,24.0,24.0,1012.0,0,0,,4300.0,0.0,0.0,4600.0,3.0,,4600.0,0.0,0.0,6000.0,2.0,,4800.0,0.0,0.0,2000.0,0.0,,200.0,0.0,0.0,10000.0,9.0,,,0.0,0.0,5000.0,2.0,,7000.0
METAR WALS 121730Z AUTO 25002KT 6000 BKN044 BKN075 24/24 Q1012,WALS,2026-08-12 17:30:00,1,250.0,2.0,,6000.0,,BKN,4400.0,,BKN,7500.0,,,,,0,24.0,24.0,1012.0,0,0,,4400.0,0.0,0.0,5000.0,1.0,,7500.0,0.0,0.0,3400.0,1.0,,3600.0,0.0,0.0,2000.0,0.0,,200.0,0.0,0.0,10000.0,9.0,,,0.0,0.0,9000.0,2.0,,1500.0
METAR WALS 121800Z AUTO 30003KT 4600 BR BKN046 OVC075 24/24 Q1011,WALS,2026-08-12 18:00:00,1,300.0,3.0,,4600.0,"('', None, '', 'BR', None)",BKN,4600.0,,OVC,7500.0,,,,,0,24.0,24.0,1011.0,0,0,,4600.0,0.0,0.0,7000.0,1.0,,8000.0,0.0,0.0,3500.0,1.0,,2600.0,0.0,0.0,9000.0,6.0,,,0.0,0.0,10000.0,6.0,,,0.0,0.0,3300.0,2.0,,6500.0
METAR WALS 121830Z AUTO 27001KT 5000 SCT047 OVC075 24/24 Q1011,WALS,2026-08-12 18:30:00,1,270.0,1.0,,5000.0,,SCT,4700.0,,OVC,7500.0,,,,,0,24.0,24.0,1011.0,0,0,,7500.0,0.0,0.0,8000.0,2.0,,8500.0,0.0,0.0,650.0,1.0,,1900.0,0.0,0.0,9000.0,6.0,,,0.0,0.0,10000.0,8.0,,,0.0,0.0,7000.0,1.0,,6500.0
METAR WALS 121900Z AUTO VRB01KT 7000 OVC080 25/24 Q1011,WALS,2026-08-12 19:00:00,1,,1.0,,7000.0,,OVC,8000.0,,,,,,,,0,25.0,24.0,1011.0,0,0,,8000.0,0.0,0.0,6000.0,2.0,,4800.0,0.0,0.0,2000.0,0.0,,,0.0,0.0,10000.0,6.0,,,0.0,0.0,10000.0,8.0,,,0.0,0.0,4600.0,1.0,,2800.0
METAR WALS 121930Z AUTO 27002KT 8000 OVC085 24/24 Q1011,WALS,2026-08-12 19:30:00,1,270.0,2.0,,8000.0,,OVC,8500.0,,,,,,,,0,24.0,24.0,1011.0,0,0,,8500.0,0.0,0.0,3400.0,1.0,,3600.0,0.0,0.0,1500.0,0.0,,200.0,0.0,0.0,10000.0,6.0,,,0.0,0.0,10000.0,9.0,,,0.0,0.0,3400.0,1.0,,1700.0
METAR WALS 122000Z AUTO 27002KT 6000 FEW024 SCT029 BKN048 24/24 Q1011,WALS,2026-08-12 20:00:00,1,270.0,2.0,,6000.0,,FEW,2400.0,,SCT,2900.0,,BKN,4800.0,,0,24.0,24.0,1011.0,0,0,,4800.0,0.0,0.0,3500.0,1.0,,2600.0,0.0,0.0,2000.0,0.0,,200.0,0.0,0.0,10000.0,8.0,,,0.0,0.0,10000.0,9.0,,,0.0,0.0,800.0,1.0,,2000.0
METAR WALS 122030Z AUTO VRB01KT 3400 BR SCT025 BKN036 BKN048 24/24 Q1011,WALS,2026-08-12 20:30:00,1,,1.0,,3400.0,"('', None, '', 'BR', None)",SCT,2500.0,,BKN,3600.0,,BKN,4800.0,,0,24.0,24.0,1011.0,0,0,,3600.0,0.0,0.0,650.0,1.0,,1900.0,0.0,0.0,2000.0,0.0,,200.0,0.0,0.0,10000.0,8.0,,,0.0,0.0,10000.0,8.0,,,0.0,0.0,400.0,0.0,,2100.0
METAR WALS 122100Z AUTO VRB01KT 3500 BR SCT022 BKN026 OVC044 24/23 Q1011,WALS,2026-08-12 21:00:00,1,,1.0,,3500.0,"('', None, '', 'BR', None)",SCT,2200.0,,BKN,2600.0,,OVC,4400.0,,0,24.0,23.0,1011.0,0,0,,2600.0,0.0,0.0,2000.0,0.0,,,0.0,0.0,9000.0,6.0,,,0.0,0.0,10000.0,,,,0.0,0.0,10000.0,8.0,,,0.0,0.0,900.0,1.0,,1700.0
METAR WALS 122130Z AUTO VRB01KT 0650 R04/P2000U R22/0900D FG BKN019 BKN024 OVC031 23/23 Q1011,WALS,2026-08-12 21:30:00,1,,1.0,,650.0,"('', None, '', 'FG', None)",BKN,1900.0,,BKN,2400.0,,OVC,3100.0,,0,23.0,23.0,1011.0,0,0,,1900.0,0.0,0.0,1500.0,0.0,,200.0,0.0,0.0,9000.0,6.0,,,0.0,0.0,10000.0,,,,0.0,0.0,10000.0,7.0,,,0.0,0.0,450.0,0.0,,2100.0
METAR WALS 122200Z 00000KT 2000 R04/2000 R22/0500 BR SCT002 23/23 Q1011 BECMG TL2300 5000 NSW,WALS,2026-08-12 22:00:00,0,0.0,0.0,,2000.0,"('', None, '', 'BR', None)",SCT,200.0,,,,,,,,0,23.0,23.0,1011.0,0,0,,,0.0,0.0,2000.0,0.0,,200.0,0.0,0.0,10000.0,6.0,,,0.0,0.0,10000.0,,,,0.0,0.0,10000.0,6.0,,,0.0,0.0,3100.0,0.0,,2000.0
METAR WALS 122230Z 00000KT 1500 BR BKN002 23/23 Q1011 BECMG TL2330 5000 NSW,WALS,2026-08-12 22:30:00,0,0.0,0.0,,1500.0,"('', None, '', 'BR', None)",BKN,200.0,,,,,,,,0,23.0,23.0,1011.0,0,0,,200.0,0.0,0.0,2000.0,0.0,,200.0,0.0,0.0,10000.0,6.0,,,0.0,0.0,10000.0,5.0,,,0.0,0.0,10000.0,6.0,,,0.0,0.0,2000.0,1.0,,
METAR WALS 122300Z 00000KT 2000 BR BKN002 24/23 Q1012 BECMG TL2400 5000 NSW,WALS,2026-08-12 23:00:00,0,0.0,0.0,,2000.0,"('', None, '', 'BR', None)",BKN,200.0,,,,,,,,0,24.0,23.0,1012.0,0,0,,200.0,0.0,0.0,9000.0,6.0,,,0.0,0.0,10000.0,8.0,,,0.0,0.0,10000.0,9.0,,,0.0,0.0,10000.0,4.0,,4500.0,0.0,0.0,2500.0,1.0,,
METAR WALS 130030Z 23006KT 190V250 9000 FEW010 SCT015 28/25 Q1012 NOSIG,WALS,2026-08-13 00:30:00,0,230.0,6.0,,9000.0,,FEW,1000.0,,SCT,1500.0,,,,,0,28.0,25.0,1012.0,0,0,,,0.0,0.0,10000.0,6.0,,,0.0,0.0,10000.0,,,,0.0,0.0,10000.0,8.0,,,0.0,0.0,10000.0,3.0,,6000.0,0.0,0.0,10000.0,4.0,,
METAR WALS 130100Z 22006KT 160V250 9999 SCT015 29/25 Q1012 NOSIG,WALS,2026-08-13 01:00:00,0,220.0,6.0,,10000.0,,SCT,1500.0,,,,,,,,0,29.0,25.0,1012.0,0,0,,,0.0,0.0,10000.0,8.0,,,0.0,0.0,10000.0,,,,0.0,0.0,10000.0,8.0,,,0.0,0.0,10000.0,3.0,,6000.0,0.0,0.0,10000.0,8.0,,
METAR WALS 130230Z 23008KT 180V270 9999 SCT020 31/24 Q1012 NOSIG,WALS,2026-08-13 02:30:00,0,230.0,8.0,,10000.0,,SCT,2000.0,,,,,,,,0,31.0,24.0,1012.0,0,0,,,0.0,0.0,10000.0,,,,0.0,0.0,10000.0,9.0,,,0.0,0.0,10000.0,8.0,,,0.0,0.0,10000.0,3.0,,8000.0,0.0,0.0,10000.0,6.0,,
METAR WALS 130300Z /////KT //// SCT020 ///// Q1012 NOSIG,WALS,2026-08-13 03:00:00,0,,,,10000.0,,SCT,2000.0,,,,,,,,0,,,1012.0,0,0,,,0.0,0.0,10000.0,,,,0.0,0.0,10000.0,6.0,,,0.0,0.0,10000.0,8.0,,,0.0,0.0,10000.0,3.0,,5000.0,0.0,0.0,10000.0,6.0,,
METAR WALS 130330Z /////KT //// SCT020 33/24 Q1011 NOSIG,WALS,2026-08-13 03:30:00,0,,,,10000.0,,SCT,2000.0,,,,,,,,0,33.0,24.0,1011.0,0,0,,,0.0,0.0,10000.0,5.0,,,0.0,0.0,10000.0,8.0,,,0.0,0.0,10000.0,7.0,,,0.0,0.0,8000.0,2.0,,3900.0,0.0,0.0,10000.0,4.0,,
METAR WALS 130430Z 18005KT 130V230 9999 SCT020 32/25 Q1011 NOSIG,WALS,2026-08-13 04:30:00,0,180.0,5.0,,10000.0,,SCT,2000.0,,,,,,,,0,32.0,25.0,1011.0,0,0,,,0.0,0.0,10000.0,9.0,,,0.0,0.0,10000.0,9.0,,,0.0,0.0,10000.0,6.0,,,0.0,0.0,6000.0,1.0,,5500.0,0.0,0.0,10000.0,6.0,,
METAR WALS 130500Z 21009KT 150V240 9999 SCT020 32/25 Q1010 NOSIG,WALS,2026-08-13 05:00:00,0,210.0,9.0,,10000.0,,SCT,2000.0,,,,,,,,0,32.0,25.0,1010.0,0,0,,,0.0,0.0,10000.0,6.0,,,0.0,0.0,10000.0,9.0,,,0.0,0.0,10000.0,4.0,,4500.0,0.0,0.0,5000.0,2.0,,7000.0,0.0,0.0,10000.0,6.0,,
METAR WALS 130600Z 21006KT 160V240 9999 SCT020 33/25 Q1009 NOSIG,WALS,2026-08-13 06:00:00,0,210.0,6.0,,10000.0,,SCT,2000.0,,,,,,,,0,33.0,25.0,1009.0,0,0,,,0.0,0.0,10000.0,8.0,,,0.0,0.0,10000.0,8.0,,,0.0,0.0,10000.0,3.0,,4900.0,0.0,0.0,3300.0,2.0,,6500.0,0.0,0.0,10000.0,5.0,,
METAR WALS 130630Z 20008KT 130V260 9999 SCT020 32/25 Q1008 NOSIG,WALS,2026-08-13 06:30:00,0,200.0,8.0,,10000.0,,SCT,2000.0,,,,,,,,0,32.0,25.0,1008.0,0,0,,,0.0,0.0,10000.0,9.0,,,0.0,0.0,10000.0,7.0,,,0.0,0.0,10000.0,3.0,,6000.0,0.0,0.0,7000.0,1.0,,6500.0,0.0,0.0,10000.0,5.0,,
METAR WALS 130730Z 17009KT 150V210 9999 FEW020 33/25 Q1008 NOSIG,WALS,2026-08-13 07:30:00,0,170.0,9.0,,10000.0,,FEW,2000.0,,,,,,,,0,33.0,25.0,1008.0,0,0,,,0.0,0.0,10000.0,8.0,,,0.0,0.0,10000.0,6.0,,,0.0,0.0,10000.0,3.0,,8000.0,0.0,0.0,3400.0,1.0,,1700.0,0.0,0.0,10000.0,9.0,,
METAR WALS 130800Z 19009KT 150V220 9999 FEW020 32/25 Q1008 NOSIG,WALS,2026-08-13 08:00:00,0,190.0,9.0,,10000.0,,FEW,2000.0,,,,,,,,0,32.0,25.0,1008.0,0,0,,,0.0,0.0,10000.0,8.0,,,0.0,0.0,10000.0,4.0,,4500.0,0.0,0.0,10000.0,3.0,,7000.0,0.0,0.0,800.0,1.0,,2000.0,0.0,0.0,10000.0,10.0,,
METAR WALS 130830Z 18008KT 140V220 9999 FEW020 32/25 Q1008 NOSIG,WALS,2026-08-13 08:30:00,0,180.0,8.0,,10000.0,,FEW,2000.0,,,,,,,,0,32.0,25.0,1008.0,0,0,,,0.0,0.0,10000.0,7.0,,,0.0,0.0,10000.0,4.0,,4400.0,0.0,0.0,10000.0,3.0,,8000.0,0.0,0.0,400.0,0.0,,2100.0,0.0,0.0,10000.0,10.0,,
METAR WALS 130900Z 19008KT 140V220 9999 FEW020 31/24 Q1008 NOSIG,WALS,2026-08-13 09:00:00,0,190.0,8.0,,10000.0,,FEW,2000.0,,,,,,,,0,31.0,24.0,1008.0,0,0,,,0.0,0.0,10000.0,6.0,,,0.0,0.0,10000.0,3.0,,4900.0,0.0,0.0,10000.0,3.0,,5000.0,0.0,0.0,900.0,1.0,,1700.0,0.0,0.0,10000.0,8.0,,
METAR WALS 130930Z 19007KT 160V230 9999 FEW020 30/24 Q1008 NOSIG,WALS,2026-08-13 09:30:00,0,190.0,7.0,,10000.0,,FEW,2000.0,,,,,,,,0,30.0,24.0,1008.0,0,0,,,0.0,0.0,10000.0,6.0,,,0.0,0.0,10000.0,3.0,,6000.0,0.0,0.0,8000.0,2.0,,3900.0,0.0,0.0,450.0,0.0,,2100.0,0.0,0.0,10000.0,7.0,,
METAR WALS 131000Z 19006KT 150V240 9999 FEW020 29/24 Q1009 NOSIG,WALS,2026-08-13 10:00:00,0,190.0,6.0,,10000.0,,FEW,2000.0,,,,,,,,0,29.0,24.0,1009.0,0,0,,,0.0,0.0,10000.0,4.0,,4500.0,0.0,0.0,10000.0,3.0,,6000.0,0.0,0.0,7000.0,2.0,,5500.0,0.0,0.0,3100.0,0.0,,2000.0,0.0,0.0,10000.0,6.0,,
METAR WALS 131030Z AUTO 20006KT 160V240 9999 NCD 28/24 Q1009 NOSIG,WALS,2026-08-13 10:30:00,1,200.0,6.0,,10000.0,,NCD,,,,,,,,,0,28.0,24.0,1009.0,0,0,,,0.0,0.0,10000.0,4.0,,4400.0,0.0,0.0,10000.0,3.0,,8000.0,0.0,0.0,6000.0,1.0,,5500.0,0.0,0.0,2000.0,1.0,,,0.0,0.0,10000.0,4.0,,
METAR WALS 131100Z AUTO 21004KT 180V250 9999 FEW025 FEW032 BKN045 28/24 Q1010 NOSIG,WALS,2026-08-13 11:00:00,1,210.0,4.0,,10000.0,,FEW,2500.0,,FEW,3200.0,,BKN,4500.0,,0,28.0,24.0,1010.0,0,0,,4500.0,0.0,0.0,10000.0,3.0,,4900.0,0.0,0.0,10000.0,3.0,,7000.0,0.0,0.0,5000.0,2.0,,7000.0,0.0,0.0,2500.0,1.0,,,0.0,0.0,10000.0,3.0,,
METAR WALS 131130Z AUTO 21004KT 9999 FEW028 BKN044 OVC050 27/24 Q1010,WALS,2026-08-13 11:30:00,1,210.0,4.0,,10000.0,,FEW,2800.0,,BKN,4400.0,,OVC,5000.0,,0,27.0,24.0,1010.0,0,0,,4400.0,0.0,0.0,10000.0,3.0,,6000.0,0.0,0.0,10000.0,3.0,,8000.0,0.0,0.0,9000.0,2.0,,1500.0,0.0,0.0,2500.0,1.0,,,0.0,0.0,10000.0,4.0,,6500.0
METAR WALS 131200Z AUTO 24003KT 210V270 9999 FEW032 BKN049 OVC060 27/24 Q1010,WALS,2026-08-13 12:00:00,1,240.0,3.0,,10000.0,,FEW,3200.0,,BKN,4900.0,,OVC,6000.0,,0,27.0,24.0,1010.0,0,0,,4900.0,0.0,0.0,10000.0,3.0,,6000.0,0.0,0.0,10000.0,3.0,,5000.0,0.0,0.0,3300.0,2.0,,6500.0,0.0,0.0,10000.0,4.0,,,0.0,0.0,10000.0,3.0,,5000.0
METAR WALS 131230Z AUTO 22003KT 200V260 9999 FEW031 OVC060 27/24 Q1011,WALS,2026-08-13 12:30:00,1,220.0,3.0,,10000.0,,FEW,3100.0,,OVC,6000.0,,,,,0,27.0,24.0,1011.0,0,0,,6000.0,0.0,0.0,10000.0,3.0,,8000.0,0.0,0.0,8000.0,2.0,,3900.0,0.0,0.0,7000.0,1.0,,6500.0,0.0,0.0,10000.0,4.0,,,0.0,0.0,10000.0,2.0,,
METAR WALS 131330Z AUTO 26003KT 9999 FEW031 BKN080 OVC320 26/24 Q1011,WALS,2026-08-13 13:30:00,1,260.0,3.0,,10000.0,,FEW,3100.0,,BKN,8000.0,,OVC,32000.0,,0,26.0,24.0,1011.0,0,0,,8000.0,0.0,0.0,10000.0,3.0,,8000.0,0.0,0.0,6000.0,1.0,,5500.0,0.0,0.0,3400.0,1.0,,1700.0,0.0,0.0,10000.0,8.0,,,0.0,0.0,10000.0,3.0,,
METAR WALS 131400Z AUTO 26003KT 9999 FEW032 SCT048 BKN070 26/25 Q1012,WALS,2026-08-13 14:00:00,1,260.0,3.0,,10000.0,,FEW,3200.0,,SCT,4800.0,,BKN,7000.0,,0,26.0,25.0,1012.0,0,0,,7000.0,0.0,0.0,10000.0,3.0,,5000.0,0.0,0.0,5000.0,2.0,,7000.0,0.0,0.0,800.0,1.0,,2000.0,0.0,0.0,10000.0,6.0,,,0.0,0.0,10000.0,3.0,,
METAR WALS 131430Z AUTO 24003KT 9999 FEW050 SCT070 BKN080 26/24 Q1012,WALS,2026-08-13 14:30:00,1,240.0,3.0,,10000.0,,FEW,5000.0,,SCT,7000.0,,BKN,8000.0,,0,26.0,24.0,1012.0,0,0,,8000.0,0.0,0.0,8000.0,2.0,,3900.0,0.0,0.0,9000.0,2.0,,1500.0,0.0,0.0,400.0,0.0,,2100.0,0.0,0.0,10000.0,6.0,,,0.0,0.0,10000.0,3.0,,
METAR WALS 131500Z AUTO 24003KT 9999 FEW029 SCT041 BKN050 25/24 Q1012,WALS,2026-08-13 15:00:00,1,240.0,3.0,,10000.0,,FEW,2900.0,,SCT,4100.0,,BKN,5000.0,,0,25.0,24.0,1012.0,0,0,,5000.0,0.0,0.0,7000.0,2.0,,5500.0,0.0,0.0,3300.0,2.0,,6500.0,0.0,0.0,900.0,1.0,,1700.0,0.0,0.0,10000.0,6.0,,,0.0,0.0,9000.0,2.0,,
METAR WALS 131530Z AUTO 29002KT 8000 BKN039 BKN046 OVC050 26/25 Q1012,WALS,2026-08-13 15:30:00,1,290.0,2.0,,8000.0,,BKN,3900.0,,BKN,4600.0,,OVC,5000.0,,0,26.0,25.0,1012.0,0,0,,3900.0,0.0,0.0,6000.0,1.0,,5500.0,0.0,0.0,7000.0,1.0,,6500.0,0.0,0.0,450.0,0.0,,2100.0,0.0,0.0,10000.0,4.0,,,0.0,0.0,4500.0,2.0,,5000.0
METAR WALS 131600Z AUTO 27002KT 7000 FEW041 BKN055 OVC070 25/24 Q1012,WALS,2026-08-13 16:00:00,1,270.0,2.0,,7000.0,,FEW,4100.0,,BKN,5500.0,,OVC,7000.0,,0,25.0,24.0,1012.0,0,0,,5500.0,0.0,0.0,5000.0,2.0,,7000.0,0.0,0.0,4600.0,1.0,,2800.0,0.0,0.0,3100.0,0.0,,2000.0,0.0,0.0,10000.0,4.0,,,0.0,0.0,8000.0,2.0,,4400.0
METAR WALS 131630Z AUTO VRB01KT 6000 FEW040 SCT047 BKN055 25/24 Q1012,WALS,2026-08-13 16:30:00,1,,1.0,,6000.0,,FEW,4000.0,,SCT,4700.0,,BKN,5500.0,,0,25.0,24.0,1012.0,0,0,,5500.0,0.0,0.0,9000.0,2.0,,1500.0,0.0,0.0,3400.0,1.0,,1700.0,0.0,0.0,2000.0,1.0,,,0.0,0.0,10000.0,6.0,,,0.0,0.0,5000.0,1.0,,5500.0
METAR WALS 131700Z AUTO 28002KT 5000 FEW026 FEW033 BKN070 25/24 Q1011,WALS,2026-08-13 17:00:00,1,280.0,2.0,,5000.0,,FEW,2600.0,,FEW,3300.0,,BKN,7000.0,,0,25.0,24.0,1011.0,0,0,,7000.0,0.0,0.0,3300.0,2.0,,6500.0,0.0,0.0,800.0,1.0,,2000.0,0.0,0.0,2500.0,1.0,,,0.0,0.0,10000.0,6.0,,,0.0,0.0,1100.0,3.0,,2100.0
METAR WALS 131730Z AUTO VRB02KT 9000 BKN015 BKN055 OVC070 25/24 Q1011,WALS,2026-08-13 17:30:00,1,,2.0,,9000.0,,BKN,1500.0,,BKN,5500.0,,OVC,7000.0,,0,25.0,24.0,1011.0,0,0,,1500.0,0.0,0.0,7000.0,1.0,,6500.0,0.0,0.0,400.0,0.0,,2100.0,0.0,0.0,2500.0,1.0,,,0.0,0.0,10000.0,6.0,,,0.0,0.0,2600.0,1.0,,1800.0
METAR WALS 131800Z AUTO VRB02KT 3300 BR SCT015 OVC065 25/24 Q1011,WALS,2026-08-13 18:00:00,1,,2.0,,3300.0,"('', None, '', 'BR', None)",SCT,1500.0,,OVC,6500.0,,,,,0,25.0,24.0,1011.0,0,0,,6500.0,0.0,0.0,4600.0,1.0,,2800.0,0.0,0.0,900.0,1.0,,1700.0,0.0,0.0,10000.0,4.0,,,0.0,0.0,10000.0,5.0,,,0.0,0.0,400.0,1.0,,1700.0
METAR WALS 131830Z AUTO VRB01KT 7000 SCT019 OVC065 24/24 Q1011,WALS,2026-08-13 18:30:00,1,,1.0,,7000.0,,SCT,1900.0,,OVC,6500.0,,,,,0,24.0,24.0,1011.0,0,0,,6500.0,0.0,0.0,3400.0,1.0,,1700.0,0.0,0.0,450.0,0.0,,2100.0,0.0,0.0,10000.0,4.0,,,0.0,0.0,10000.0,5.0,,,0.0,0.0,3200.0,2.0,,1300.0
METAR WALS 131900Z AUTO VRB01KT 4600 BR SCT020 BKN028 OVC065 24/24 Q1010,WALS,2026-08-13 19:00:00,1,,1.0,,4600.0,"('', None, '', 'BR', None)",SCT,2000.0,,BKN,2800.0,,OVC,6500.0,,0,24.0,24.0,1010.0,0,0,,2800.0,0.0,0.0,800.0,1.0,,2000.0,0.0,0.0,3100.0,0.0,,2000.0,0.0,0.0,10000.0,8.0,,,0.0,0.0,10000.0,6.0,,,0.0,0.0,7000.0,2.0,,1300.0
METAR WALS 131930Z AUTO 36001KT 3400 BR OVC017 24/23 Q1010,WALS,2026-08-13 19:30:00,1,360.0,1.0,,3400.0,"('', None, '', 'BR', None)",OVC,1700.0,,,,,,,,0,24.0,23.0,1010.0,0,0,,1700.0,0.0,0.0,400.0,0.0,,2100.0,0.0,0.0,2000.0,1.0,,,0.0,0.0,10000.0,8.0,,,0.0,0.0,10000.0,9.0,,,0.0,0.0,5000.0,1.0,,1900.0
METAR WALS 132000Z AUTO VRB01KT 0800 R04/P2000N R22/1100U FG OVC020 23/23 Q1010,WALS,2026-08-13 20:00:00,1,,1.0,,800.0,"('', None, '', 'FG', None)",OVC,2000.0,,,,,,,,0,23.0,23.0,1010.0,0,0,,2000.0,0.0,0.0,900.0,1.0,,1700.0,0.0,0.0,2500.0,1.0,,,0.0,0.0,10000.0,6.0,,,0.0,0.0,10000.0,10.0,,,0.0,0.0,3800.0,1.0,,1900.0
METAR WALS 132030Z AUTO 00000KT 0400 R04/P2000D R22/0600D FG OVC021 23/23 Q1010,WALS,2026-08-13 20:30:00,1,0.0,0.0,,400.0,"('', None, '', 'FG', None)",OVC,2100.0,,,,,,,,0,23.0,23.0,1010.0,0,0,,2100.0,0.0,0.0,450.0,0.0,,2100.0,0.0,0.0,2500.0,1.0,,,0.0,0.0,10000.0,6.0,,,0.0,0.0,10000.0,10.0,,,0.0,0.0,3700.0,2.0,,2100.0
METAR WALS 132100Z AUTO VRB01KT 0900 R04/1300D R22/1000U FG BKN017 OVC022 23/23 Q1010,WALS,2026-08-13 21:00:00,1,,1.0,,900.0,"('', None, '', 'FG', None)",BKN,1700.0,,OVC,2200.0,,,,,0,23.0,23.0,1010.0,0,0,,1700.0,0.0,0.0,3100.0,0.0,,2000.0,0.0,0.0,10000.0,4.0,,,0.0,0.0,10000.0,6.0,,,0.0,0.0,10000.0,8.0,,,0.0,0.0,4800.0,0.0,,2100.0
METAR WALS 132130Z AUTO 00000KT 0450 R04/P2000U R22/0650N FG OVC021 23/23 Q1011,WALS,2026-08-13 21:30:00,1,0.0,0.0,,450.0,"('', None, '', 'FG', None)",OVC,2100.0,,,,,,,,0,23.0,23.0,1011.0,0,0,,2100.0,0.0,0.0,2000.0,1.0,,,0.0,0.0,10000.0,4.0,,,0.0,0.0,10000.0,4.0,,,0.0,0.0,10000.0,7.0,,,0.0,0.0,800.0,1.0,,5500.0
METAR WALS 132200Z AUTO 00000KT 3100 BR BKN020 BKN027 OVC060 23/23 Q1011,WALS,2026-08-13 22:00:00,1,0.0,0.0,,3100.0,"('', None, '', 'BR', None)",BKN,2000.0,,BKN,2700.0,,OVC,6000.0,,0,23.0,23.0,1011.0,0,0,,2000.0,0.0,0.0,2500.0,1.0,,,0.0,0.0,10000.0,8.0,,,0.0,0.0,10000.0,4.0,,,0.0,0.0,10000.0,6.0,,,0.0,0.0,350.0,1.0,,2300.0
METAR WALS 132230Z VRB01KT 2000 1000NE R04/P2000 R22/0600 BR SCT017 23/23 Q1011 NOSIG,WALS,2026-08-13 22:30:00,0,,1.0,,2000.0,"('', None, '', 'BR', None)",SCT,1700.0,,,,,,,,0,23.0,23.0,1011.0,0,0,,,0.0,0.0,2500.0,1.0,,,0.0,0.0,10000.0,8.0,,,0.0,0.0,10000.0,6.0,,,0.0,0.0,10000.0,4.0,,,0.0,0.0,1900.0,1.0,,
METAR WALS 132300Z VRB01KT 2500 BR NSC 24/24 Q1012 BECMG TL2330 5000,WALS,2026-08-13 23:00:00,0,,1.0,,2500.0,"('', None, '', 'BR', None)",NSC,,,,,,,,,0,24.0,24.0,1012.0,0,0,,,0.0,0.0,10000.0,4.0,,,0.0,0.0,10000.0,6.0,,,0.0,0.0,10000.0,6.0,,,0.0,0.0,10000.0,3.0,,,0.0,0.0,1900.0,1.0,,
METAR WALS 140030Z 25004KT CAVOK 29/25 Q1012 NOSIG,WALS,2026-08-14 00:30:00,0,250.0,4.0,,10000.0,,,,,,,,,,,0,29.0,25.0,1012.0,0,0,,,0.0,0.0,10000.0,8.0,,,0.0,0.0,10000.0,4.0,,,0.0,0.0,10000.0,5.0,,,0.0,0.0,10000.0,2.0,,,0.0,0.0,8000.0,4.0,,
METAR WALS 140100Z 24008KT 170V260 9999 FEW020 29/25 Q1012 NOSIG,WALS,2026-08-14 01:00:00,0,240.0,8.0,,10000.0,,FEW,2000.0,,,,,,,,0,29.0,25.0,1012.0,0,0,,,0.0,0.0,10000.0,6.0,,,0.0,0.0,10000.0,4.0,,,0.0,0.0,10000.0,6.0,,,0.0,0.0,10000.0,2.0,,,0.0,0.0,8000.0,4.0,,
METAR WALS 140230Z 23006KT 180V280 CAVOK 31/25 Q1012 NOSIG,WALS,2026-08-14 02:30:00,0,230.0,6.0,,10000.0,,,,,,,,,,,0,31.0,25.0,1012.0,0,0,,,0.0,0.0,10000.0,4.0,,,0.0,0.0,10000.0,6.0,,,0.0,0.0,10000.0,10.0,,,0.0,0.0,10000.0,3.0,,,0.0,0.0,10000.0,7.0,,
METAR WALS 140300Z 21006KT 160V240 9999 FEW020 33/24 Q1012 NOSIG,WALS,2026-08-14 03:00:00,0,210.0,6.0,,10000.0,,FEW,2000.0,,,,,,,,0,33.0,24.0,1012.0,0,0,,,0.0,0.0,10000.0,4.0,,,0.0,0.0,10000.0,5.0,,,0.0,0.0,10000.0,8.0,,,0.0,0.0,9000.0,2.0,,,0.0,0.0,10000.0,5.0,,
METAR WALS 140330Z 24004KT 150V300 9999 FEW020 33/24 Q1011 NOSIG,WALS,2026-08-14 03:30:00,0,240.0,4.0,,10000.0,,FEW,2000.0,,,,,,,,0,33.0,24.0,1011.0,0,0,,,0.0,0.0,10000.0,6.0,,,0.0,0.0,10000.0,5.0,,,0.0,0.0,10000.0,7.0,,,0.0,0.0,4500.0,2.0,,5000.0,0.0,0.0,10000.0,6.0,,
METAR WALS 140430Z 26006KT 220V320 9999 FEW020 34/22 Q1011 NOSIG,WALS,2026-08-14 04:30:00,0,260.0,6.0,,10000.0,,FEW,2000.0,,,,,,,,0,34.0,22.0,1011.0,0,0,,,0.0,0.0,10000.0,6.0,,,0.0,0.0,10000.0,9.0,,,0.0,0.0,10000.0,4.0,,,0.0,0.0,5000.0,1.0,,5500.0,0.0,0.0,10000.0,8.0,,
METAR WALS 140500Z 26006KT 210V340 9999 FEW020 35/23 Q1010 NOSIG,WALS,2026-08-14 05:00:00,0,260.0,6.0,,10000.0,,FEW,2000.0,,,,,,,,0,35.0,23.0,1010.0,0,0,,,0.0,0.0,10000.0,5.0,,,0.0,0.0,10000.0,10.0,,,0.0,0.0,10000.0,3.0,,,0.0,0.0,1100.0,3.0,,2100.0,0.0,0.0,10000.0,4.0,,
METAR WALS 140600Z 24005KT 9999 FEW020 35/22 Q1009 NOSIG,WALS,2026-08-14 06:00:00,0,240.0,5.0,,10000.0,,FEW,2000.0,,,,,,,,0,35.0,22.0,1009.0,0,0,,,0.0,0.0,10000.0,6.0,,,0.0,0.0,10000.0,8.0,,,0.0,0.0,10000.0,3.0,,5000.0,0.0,0.0,400.0,1.0,,1700.0,0.0,0.0,10000.0,8.0,,
METAR WALS 140630Z 21005KT 090V240 9999 FEW020 35/24 Q1008 NOSIG,WALS,2026-08-14 06:30:00,0,210.0,5.0,,10000.0,,FEW,2000.0,,,,,,,,0,35.0,24.0,1008.0,0,0,,,0.0,0.0,10000.0,9.0,,,0.0,0.0,10000.0,7.0,,,0.0,0.0,10000.0,2.0,,,0.0,0.0,3200.0,2.0,,1300.0,0.0,0.0,10000.0,8.0,,
METAR WALS 140700Z 20006KT 150V260 9999 FEW020 35/25 Q1008 NOSIG,WALS,2026-08-14 07:00:00,0,200.0,6.0,,10000.0,,FEW,2000.0,,,,,,,,0,35.0,25.0,1008.0,0,0,,,0.0,0.0,10000.0,10.0,,,0.0,0.0,10000.0,6.0,,,0.0,0.0,10000.0,2.0,,,0.0,0.0,7000.0,2.0,,1300.0,0.0,0.0,10000.0,7.0,,
METAR WALS 140730Z 20009KT 160V230 CAVOK 34/24 Q1008 NOSIG,WALS,2026-08-14 07:30:00,0,200.0,9.0,,10000.0,,,,,,,,,,,0,34.0,24.0,1008.0,0,0,,,0.0,0.0,10000.0,10.0,,,0.0,0.0,10000.0,4.0,,,0.0,0.0,10000.0,3.0,,,0.0,0.0,5000.0,1.0,,1900.0,0.0,0.0,10000.0,8.0,,
METAR WALS 140800Z 17010KT 150V250 CAVOK 34/24 Q1008 NOSIG,WALS,2026-08-14 08:00:00,0,170.0,10.0,,10000.0,,,,,,,,,,,0,34.0,24.0,1008.0,0,0,,,0.0,0.0,10000.0,8.0,,,0.0,0.0,10000.0,3.0,,,0.0,0.0,10000.0,3.0,,,0.0,0.0,3800.0,1.0,,1900.0,0.0,0.0,10000.0,9.0,,
METAR WALS 140830Z 20010KT 170V230 CAVOK 33/23 Q1008 NOSIG,WALS,2026-08-14 08:30:00,0,200.0,10.0,,10000.0,,,,,,,,,,,0,33.0,23.0,1008.0,0,0,,,0.0,0.0,10000.0,7.0,,,0.0,0.0,10000.0,4.0,,6500.0,0.0,0.0,10000.0,3.0,,,0.0,0.0,3700.0,2.0,,2100.0,0.0,0.0,10000.0,8.0,,
METAR WALS 140900Z 18008KT 160V220 9999 FEW020 32/23 Q1008 NOSIG,WALS,2026-08-14 09:00:00,0,180.0,8.0,,10000.0,,FEW,2000.0,,,,,,,,0,32.0,23.0,1008.0,0,0,,,0.0,0.0,10000.0,6.0,,,0.0,0.0,10000.0,3.0,,5000.0,0.0,0.0,9000.0,2.0,,,0.0,0.0,4800.0,0.0,,2100.0,0.0,0.0,10000.0,8.0,,
METAR WALS 140930Z 19007KT 100V240 9999 FEW020 31/24 Q1009 NOSIG,WALS,2026-08-14 09:30:00,0,190.0,7.0,,10000.0,,FEW,2000.0,,,,,,,,0,31.0,24.0,1009.0,0,0,,,0.0,0.0,10000.0,4.0,,,0.0,0.0,10000.0,2.0,,,0.0,0.0,4500.0,2.0,,5000.0,0.0,0.0,800.0,1.0,,5500.0,0.0,0.0,10000.0,5.0,,
METAR WALS 141000Z AUTO 19006KT 150V230 9999 NCD 29/25 Q1009,WALS,2026-08-14 10:00:00,1,190.0,6.0,,10000.0,,NCD,,,,,,,,,0,29.0,25.0,1009.0,0,0,,,0.0,0.0,10000.0,3.0,,,0.0,0.0,10000.0,2.0,,,0.0,0.0,8000.0,2.0,,4400.0,0.0,0.0,350.0,1.0,,2300.0,0.0,0.0,10000.0,4.0,,
METAR WALS 141030Z AUTO 21004KT 170V230 9999 NCD 28/25 Q1009,WALS,2026-08-14 10:30:00,1,210.0,4.0,,10000.0,,NCD,,,,,,,,,0,28.0,25.0,1009.0,0,0,,,0.0,0.0,10000.0,4.0,,6500.0,0.0,0.0,10000.0,3.0,,,0.0,0.0,5000.0,1.0,,5500.0,0.0,0.0,1900.0,1.0,,,0.0,0.0,10000.0,6.0,,
METAR WALS 141100Z AUTO 20003KT 170V240 9999 FEW028 FEW055 FEW070 28/25 Q1010,WALS,2026-08-14 11:00:00,1,200.0,3.0,,10000.0,,FEW,2800.0,,FEW,5500.0,,FEW,7000.0,,0,28.0,25.0,1010.0,0,0,,,0.0,0.0,10000.0,3.0,,5000.0,0.0,0.0,10000.0,3.0,,,0.0,0.0,1100.0,3.0,,2100.0,0.0,0.0,1900.0,1.0,,,0.0,0.0,10000.0,4.0,,5500.0
METAR WALS 141130Z AUTO 20004KT 170V250 9999 FEW016 SCT055 BKN065 27/25 Q1010,WALS,2026-08-14 11:30:00,1,200.0,4.0,,10000.0,,FEW,1600.0,,SCT,5500.0,,BKN,6500.0,,0,27.0,25.0,1010.0,0,0,,6500.0,0.0,0.0,10000.0,2.0,,,0.0,0.0,10000.0,3.0,,,0.0,0.0,2600.0,1.0,,1800.0,0.0,0.0,2000.0,0.0,,,0.0,0.0,10000.0,4.0,,5500.0
METAR WALS 141200Z AUTO 24003KT 200V270 9999 SCT016 BKN050 27/25 Q1011,WALS,2026-08-14 12:00:00,1,240.0,3.0,,10000.0,,SCT,1600.0,,BKN,5000.0,,,,,0,27.0,25.0,1011.0,0,0,,5000.0,0.0,0.0,10000.0,2.0,,,0.0,0.0,9000.0,2.0,,,0.0,0.0,400.0,1.0,,1700.0,0.0,0.0,5000.0,1.0,,,0.0,0.0,10000.0,5.0,,5500.0
METAR WALS 141230Z AUTO VRB02KT 9999 SCT017 SCT055 27/25 Q1011,WALS,2026-08-14 12:30:00,1,,2.0,,10000.0,,SCT,1700.0,,SCT,5500.0,,,,,0,27.0,25.0,1011.0,0,0,,,0.0,0.0,10000.0,3.0,,,0.0,0.0,4500.0,2.0,,5000.0,0.0,0.0,3200.0,2.0,,1300.0,0.0,0.0,8000.0,4.0,,,0.0,0.0,10000.0,3.0,,5000.0
METAR WALS 141330Z AUTO 28003KT 9999 SCT016 SCT021 26/25 Q1012,WALS,2026-08-14 13:30:00,1,280.0,3.0,,10000.0,,SCT,1600.0,,SCT,2100.0,,,,,0,26.0,25.0,1012.0,0,0,,,0.0,0.0,10000.0,3.0,,,0.0,0.0,5000.0,1.0,,5500.0,0.0,0.0,5000.0,1.0,,1900.0,0.0,0.0,10000.0,7.0,,1800.0,0.0,0.0,10000.0,2.0,,1700.0
METAR WALS 141400Z AUTO 25003KT 9999 FEW018 FEW050 26/25 Q1012,WALS,2026-08-14 14:00:00,1,250.0,3.0,,10000.0,,FEW,1800.0,,FEW,5000.0,,,,,0,26.0,25.0,1012.0,0,0,,,0.0,0.0,9000.0,2.0,,,0.0,0.0,1100.0,3.0,,2100.0,0.0,0.0,3800.0,1.0,,1900.0,0.0,0.0,10000.0,6.0,,,0.0,0.0,10000.0,2.0,,5000.0
METAR WALS 141430Z AUTO 24003KT 9999 FEW016 SCT047 SCT060 25/24 Q1012,WALS,2026-08-14 14:30:00,1,240.0,3.0,,10000.0,,FEW,1600.0,,SCT,4700.0,,SCT,6000.0,,0,25.0,24.0,1012.0,0,0,,,0.0,0.0,4500.0,2.0,,5000.0,0.0,0.0,2600.0,1.0,,1800.0,0.0,0.0,3700.0,2.0,,2100.0,0.0,0.0,10000.0,7.0,,,0.0,0.0,10000.0,2.0,,5000.0
METAR WALS 141500Z AUTO 27002KT 9000 FEW018 FEW032 SCT046 25/25 Q1012,WALS,2026-08-14 15:00:00,1,270.0,2.0,,9000.0,,FEW,1800.0,,FEW,3200.0,,SCT,4600.0,,0,25.0,25.0,1012.0,0,0,,,0.0,0.0,8000.0,2.0,,4400.0,0.0,0.0,400.0,1.0,,1700.0,0.0,0.0,4800.0,0.0,,2100.0,0.0,0.0,10000.0,5.0,,,0.0,0.0,10000.0,3.0,,5000.0
METAR WALS 141530Z AUTO 29002KT 4500 BR SCT019 SCT034 OVC050 25/24 Q1012,WALS,2026-08-14 15:30:00,1,290.0,2.0,,4500.0,"('', None, '', 'BR', None)",SCT,1900.0,,SCT,3400.0,,OVC,5000.0,,0,25.0,24.0,1012.0,0,0,,5000.0,0.0,0.0,5000.0,1.0,,5500.0,0.0,0.0,3200.0,2.0,,1300.0,0.0,0.0,800.0,1.0,,5500.0,0.0,0.0,10000.0,6.0,,,0.0,0.0,10000.0,2.0,,5000.0
METAR WALS 141600Z AUTO 28002KT 8000 SCT016 BKN044 OVC050 25/24 Q1012,WALS,2026-08-14 16:00:00,1,280.0,2.0,,8000.0,,SCT,1600.0,,BKN,4400.0,,OVC,5000.0,,0,25.0,24.0,1012.0,0,0,,4400.0,0.0,0.0,1100.0,3.0,,2100.0,0.0,0.0,7000.0,2.0,,1300.0,0.0,0.0,350.0,1.0,,2300.0,0.0,0.0,10000.0,7.0,,,0.0,0.0,6000.0,2.0,,5000.0
METAR WALS 141630Z AUTO VRB01KT 5000 FEW019 SCT028 BKN055 24/24 Q1012,WALS,2026-08-14 16:30:00,1,,1.0,,5000.0,,FEW,1900.0,,SCT,2800.0,,BKN,5500.0,,0,24.0,24.0,1012.0,0,0,,5500.0,0.0,0.0,2600.0,1.0,,1800.0,0.0,0.0,5000.0,1.0,,1900.0,0.0,0.0,1900.0,1.0,,,0.0,0.0,10000.0,8.0,,,0.0,0.0,4000.0,2.0,,5000.0
METAR WALS 141700Z AUTO 31003KT 1100 R04/P2000U R22/1600D BR SCT014 BKN021 OVC048 24/24 Q1012,WALS,2026-08-14 17:00:00,1,310.0,3.0,,1100.0,"('', None, '', 'BR', None)",SCT,1400.0,,BKN,2100.0,,OVC,4800.0,,0,24.0,24.0,1012.0,0,0,,2100.0,0.0,0.0,400.0,1.0,,1700.0,0.0,0.0,3800.0,1.0,,1900.0,0.0,0.0,1900.0,1.0,,,0.0,0.0,10000.0,4.0,,,0.0,0.0,6000.0,2.0,,5000.0
METAR WALS 141730Z AUTO VRB01KT 2600 BR BKN018 OVC039 24/24 Q1011,WALS,2026-08-14 17:30:00,1,,1.0,,2600.0,"('', None, '', 'BR', None)",BKN,1800.0,,OVC,3900.0,,,,,0,24.0,24.0,1011.0,0,0,,1800.0,0.0,0.0,3200.0,2.0,,1300.0,0.0,0.0,3700.0,2.0,,2100.0,0.0,0.0,2000.0,0.0,,,0.0,0.0,10000.0,6.0,,,0.0,0.0,1400.0,1.0,,5000.0
METAR WALS 141800Z AUTO 29001KT 0400 R04/P2000U R22/0650U FG BKN017 BKN025 OVC046 24/24 Q1011,WALS,2026-08-14 18:00:00,1,290.0,1.0,,400.0,"('', None, '', 'FG', None)",BKN,1700.0,,BKN,2500.0,,OVC,4600.0,,0,24.0,24.0,1011.0,0,0,,1700.0,0.0,0.0,7000.0,2.0,,1300.0,0.0,0.0,4800.0,0.0,,2100.0,0.0,0.0,5000.0,1.0,,,0.0,0.0,10000.0,8.0,,,0.0,0.0,7000.0,1.0,,1700.0
METAR WALS 141830Z AUTO 28002KT 3200 BR OVC013 24/24 Q1011,WALS,2026-08-14 18:30:00,1,280.0,2.0,,3200.0,"('', None, '', 'BR', None)",OVC,1300.0,,,,,,,,0,24.0,24.0,1011.0,0,0,,1300.0,0.0,0.0,5000.0,1.0,,1900.0,0.0,0.0,800.0,1.0,,5500.0,0.0,0.0,8000.0,4.0,,,0.0,0.0,10000.0,8.0,,,0.0,0.0,5000.0,1.0,,5500.0
METAR WALS 141900Z AUTO 26002KT 7000 BKN013 OVC021 24/24 Q1011,WALS,2026-08-14 19:00:00,1,260.0,2.0,,7000.0,,BKN,1300.0,,OVC,2100.0,,,,,0,24.0,24.0,1011.0,0,0,,1300.0,0.0,0.0,3800.0,1.0,,1900.0,0.0,0.0,350.0,1.0,,2300.0,0.0,0.0,8000.0,4.0,,,0.0,0.0,10000.0,7.0,,,0.0,0.0,6000.0,1.0,,1900.0
METAR WALS 141930Z AUTO 27001KT 5000 FEW013 BKN019 OVC050 23/23 Q1011,WALS,2026-08-14 19:30:00,1,270.0,1.0,,5000.0,,FEW,1300.0,,BKN,1900.0,,OVC,5000.0,,0,23.0,23.0,1011.0,0,0,,1900.0,0.0,0.0,3700.0,2.0,,2100.0,0.0,0.0,1900.0,1.0,,,0.0,0.0,10000.0,7.0,,1800.0,0.0,0.0,10000.0,8.0,,,0.0,0.0,800.0,1.0,,2100.0
METAR WALS 142000Z AUTO VRB01KT 3800 BR BKN019 BKN024 OVC048 24/24 Q1011,WALS,2026-08-14 20:00:00,1,,1.0,,3800.0,"('', None, '', 'BR', None)",BKN,1900.0,,BKN,2400.0,,OVC,4800.0,,0,24.0,24.0,1011.0,0,0,,1900.0,0.0,0.0,4800.0,0.0,,2100.0,0.0,0.0,1900.0,1.0,,,0.0,0.0,10000.0,6.0,,,0.0,0.0,10000.0,9.0,,,0.0,0.0,2300.0,1.0,,2300.0
METAR WALS 142030Z AUTO VRB02KT 3700 BR BKN021 BKN031 OVC040 23/23 Q1011,WALS,2026-08-14 20:30:00,1,,2.0,,3700.0,"('', None, '', 'BR', None)",BKN,2100.0,,BKN,3100.0,,OVC,4000.0,,0,23.0,23.0,1011.0,0,0,,2100.0,0.0,0.0,800.0,1.0,,5500.0,0.0,0.0,2000.0,0.0,,,0.0,0.0,10000.0,7.0,,,0.0,0.0,10000.0,8.0,,,0.0,0.0,800.0,3.0,,1900.0
METAR WALS 142100Z AUTO 00000KT 4800 BR BKN021 OVC025 23/23 Q1011,WALS,2026-08-14 21:00:00,1,0.0,0.0,,4800.0,"('', None, '', 'BR', None)",BKN,2100.0,,OVC,2500.0,,,,,0,23.0,23.0,1011.0,0,0,,2100.0,0.0,0.0,350.0,1.0,,2300.0,0.0,0.0,5000.0,1.0,,,0.0,0.0,10000.0,5.0,,,0.0,0.0,10000.0,8.0,,,0.0,0.0,5000.0,2.0,,200.0
METAR WALS 142130Z AUTO VRB01KT 0800 R04/P2000U R22/1200D FG SCT022 SCT042 OVC055 23/23 Q1012,WALS,2026-08-14 21:30:00,1,,1.0,,800.0,"('', None, '', 'FG', None)",SCT,2200.0,,SCT,4200.0,,OVC,5500.0,,0,23.0,23.0,1012.0,0,0,,5500.0,0.0,0.0,1900.0,1.0,,,0.0,0.0,8000.0,4.0,,,0.0,0.0,10000.0,6.0,,,0.0,0.0,10000.0,5.0,,,0.0,0.0,4800.0,2.0,,200.0
METAR WALS 142200Z AUTO VRB01KT 0350 R04/P2000D R22/0550D FG BKN023 OVC055 23/23 Q1012,WALS,2026-08-14 22:00:00,1,,1.0,,350.0,"('', None, '', 'FG', None)",BKN,2300.0,,OVC,5500.0,,,,,0,23.0,23.0,1012.0,0,0,,2300.0,0.0,0.0,1900.0,1.0,,,0.0,0.0,8000.0,4.0,,,0.0,0.0,10000.0,7.0,,,0.0,0.0,10000.0,4.0,,,0.0,0.0,5000.0,2.0,,200.0
METAR WALS 142230Z 20001KT 1900 BR SCT018 23/23 Q1012 BECMG TL2400 6000 NSW,WALS,2026-08-14 22:30:00,0,200.0,1.0,,1900.0,"('', None, '', 'BR', None)",SCT,1800.0,,,,,,,,0,23.0,23.0,1012.0,0,0,,,0.0,0.0,2000.0,0.0,,,0.0,0.0,10000.0,7.0,,1800.0,0.0,0.0,10000.0,8.0,,,0.0,0.0,10000.0,6.0,,,0.0,0.0,3000.0,1.0,,
METAR WALS 142300Z 35001KT 1900 R04/P2000 R22/1600 BR SCT019 23/23 Q1013 BECMG TL2400 6000 NSW,WALS,2026-08-14 23:00:00,0,350.0,1.0,,1900.0,"('', None, '', 'BR', None)",SCT,1900.0,,,,,,,,0,23.0,23.0,1013.0,0,0,,,0.0,0.0,5000.0,1.0,,,0.0,0.0,10000.0,6.0,,,0.0,0.0,10000.0,4.0,,,0.0,0.0,10000.0,4.0,,5500.0,0.0,0.0,4000.0,2.0,,
METAR WALS 142330Z 00000KT 2000 BR SCT019 24/24 Q1013 BECMG TL2400 6000 NSW,WALS,2026-08-14 23:30:00,0,0.0,0.0,,2000.0,"('', None, '', 'BR', None)",SCT,1900.0,,,,,,,,0,24.0,24.0,1013.0,0,0,,,0.0,0.0,8000.0,4.0,,,0.0,0.0,10000.0,7.0,,,0.0,0.0,10000.0,6.0,,,0.0,0.0,10000.0,4.0,,5500.0,0.0,0.0,4000.0,1.0,,
METAR WALS 150000Z VRB01KT 5000 SCT015 26/25 Q1013 NOSIG,WALS,2026-08-15 00:00:00,0,,1.0,,5000.0,,SCT,1500.0,,,,,,,,0,26.0,25.0,1013.0,0,0,,,0.0,0.0,8000.0,4.0,,,0.0,0.0,10000.0,5.0,,,0.0,0.0,10000.0,8.0,,,0.0,0.0,10000.0,5.0,,5500.0,0.0,0.0,5000.0,2.0,,
METAR WALS 150030Z 26004KT 230V290 8000 SCT015 28/25 Q1014 NOSIG,WALS,2026-08-15 00:30:00,0,260.0,4.0,,8000.0,,SCT,1500.0,,,,,,,,0,28.0,25.0,1014.0,0,0,,,0.0,0.0,10000.0,7.0,,1800.0,0.0,0.0,10000.0,6.0,,,0.0,0.0,10000.0,8.0,,,0.0,0.0,10000.0,3.0,,5000.0,0.0,0.0,7000.0,4.0,,
METAR WALS 150130Z 26007KT 9999 BKN018 29/24 Q1014 NOSIG,WALS,2026-08-15 01:30:00,0,260.0,7.0,,10000.0,,BKN,1800.0,,,,,,,,0,29.0,24.0,1014.0,0,0,,1800.0,0.0,0.0,10000.0,7.0,,,0.0,0.0,10000.0,8.0,,,0.0,0.0,10000.0,8.0,,,0.0,0.0,10000.0,2.0,,1700.0,0.0,0.0,10000.0,8.0,,2000.0
METAR WALS 150200Z 21006KT 160V260 9999 SCT018 30/24 Q1013 NOSIG,WALS,2026-08-15 02:00:00,0,210.0,6.0,,10000.0,,SCT,1800.0,,,,,,,,0,30.0,24.0,1013.0,0,0,,,0.0,0.0,10000.0,5.0,,,0.0,0.0,10000.0,4.0,,,0.0,0.0,10000.0,9.0,,,0.0,0.0,10000.0,2.0,,5000.0,0.0,0.0,10000.0,9.0,,2000.0
METAR WALS 150230Z 24007KT 210V270 9999 SCT020 30/24 Q1013 NOSIG,WALS,2026-08-15 02:30:00,0,240.0,7.0,,10000.0,,SCT,2000.0,,,,,,,,0,30.0,24.0,1013.0,0,0,,,0.0,0.0,10000.0,6.0,,,0.0,0.0,10000.0,6.0,,,0.0,0.0,10000.0,8.0,,,0.0,0.0,10000.0,2.0,,5000.0,0.0,0.0,10000.0,6.0,,
METAR WALS 150300Z 22005KT 160V260 9999 SCT020 32/24 Q1013 NOSIG,WALS,2026-08-15 03:00:00,0,220.0,5.0,,10000.0,,SCT,2000.0,,,,,,,,0,32.0,24.0,1013.0,0,0,,,0.0,0.0,10000.0,7.0,,,0.0,0.0,10000.0,8.0,,,0.0,0.0,10000.0,8.0,,,0.0,0.0,10000.0,3.0,,5000.0,0.0,0.0,10000.0,7.0,,
METAR WALS 150330Z 21006KT 170V270 9999 SCT020 33/24 Q1012 NOSIG,WALS,2026-08-15 03:30:00,0,210.0,6.0,,10000.0,,SCT,2000.0,,,,,,,,0,33.0,24.0,1012.0,0,0,,,0.0,0.0,10000.0,8.0,,,0.0,0.0,10000.0,8.0,,,0.0,0.0,10000.0,5.0,,,0.0,0.0,10000.0,2.0,,5000.0,0.0,0.0,10000.0,8.0,,2000.0
METAR WALS 150400Z 22007KT 180V250 9999 SCT020 33/23 Q1012 NOSIG,WALS,2026-08-15 04:00:00,0,220.0,7.0,,10000.0,,SCT,2000.0,,,,,,,,0,33.0,23.0,1012.0,0,0,,,0.0,0.0,10000.0,4.0,,,0.0,0.0,10000.0,7.0,,,0.0,0.0,10000.0,4.0,,,0.0,0.0,6000.0,2.0,,5000.0,0.0,0.0,10000.0,5.0,,
METAR WALS 150430Z 23008KT 210V270 9999 SCT020 34/23 Q1012 NOSIG,WALS,2026-08-15 04:30:00,0,230.0,8.0,,10000.0,,SCT,2000.0,,,,,,,,0,34.0,23.0,1012.0,0,0,,,0.0,0.0,10000.0,6.0,,,0.0,0.0,10000.0,8.0,,,0.0,0.0,10000.0,6.0,,,0.0,0.0,4000.0,2.0,,5000.0,0.0,0.0,10000.0,7.0,,
METAR WALS 150500Z 23004KT 170V290 9999 SCT020 33/23 Q1011 NOSIG,WALS,2026-08-15 05:00:00,0,230.0,4.0,,10000.0,,SCT,2000.0,,,,,,,,0,33.0,23.0,1011.0,0,0,,,0.0,0.0,10000.0,8.0,,,0.0,0.0,10000.0,9.0,,,0.0,0.0,10000.0,4.0,,5500.0,0.0,0.0,6000.0,2.0,,5000.0,0.0,0.0,10000.0,5.0,,2000.0
METAR WALS 150530Z 23006KT 200V260 9999 SCT020 35/23 Q1011 NOSIG,WALS,2026-08-15 05:30:00,0,230.0,6.0,,10000.0,,SCT,2000.0,,,,,,,,0,35.0,23.0,1011.0,0,0,,,0.0,0.0,10000.0,8.0,,,0.0,0.0,10000.0,8.0,,,0.0,0.0,10000.0,4.0,,5500.0,0.0,0.0,1400.0,1.0,,5000.0,0.0,0.0,10000.0,5.0,,2000.0
METAR WALS 150600Z 22008KT 170V250 9999 SCT020 34/22 Q1010 NOSIG,WALS,2026-08-15 06:00:00,0,220.0,8.0,,10000.0,,SCT,2000.0,,,,,,,,0,34.0,22.0,1010.0,0,0,,,0.0,0.0,10000.0,7.0,,,0.0,0.0,10000.0,8.0,,,0.0,0.0,10000.0,5.0,,5500.0,0.0,0.0,7000.0,1.0,,1700.0,0.0,0.0,10000.0,5.0,,2000.0
METAR WALS 150630Z 19008KT 140V250 9999 SCT025 34/23 Q1010 NOSIG,WALS,2026-08-15 06:30:00,0,190.0,8.0,,10000.0,,SCT,2500.0,,,,,,,,0,34.0,23.0,1010.0,0,0,,,0.0,0.0,10000.0,8.0,,,0.0,0.0,10000.0,5.0,,,0.0,0.0,10000.0,3.0,,5000.0,0.0,0.0,5000.0,1.0,,5500.0,0.0,0.0,10000.0,6.0,,
METAR WALS 150700Z 21007KT 160V270 9999 SCT020 34/23 Q1009 NOSIG,WALS,2026-08-15 07:00:00,0,210.0,7.0,,10000.0,,SCT,2000.0,,,,,,,,0,34.0,23.0,1009.0,0,0,,,0.0,0.0,10000.0,9.0,,,0.0,0.0,10000.0,4.0,,,0.0,0.0,10000.0,3.0,,1500.0,0.0,0.0,6000.0,1.0,,1900.0,0.0,0.0,10000.0,7.0,,2000.0
METAR WALS 150730Z 19008KT 150V240 9999 SCT020 33/23 Q1009 NOSIG,WALS,2026-08-15 07:30:00,0,190.0,8.0,,10000.0,,SCT,2000.0,,,,,,,,0,33.0,23.0,1009.0,0,0,,,0.0,0.0,10000.0,8.0,,,0.0,0.0,10000.0,6.0,,,0.0,0.0,10000.0,2.0,,1700.0,0.0,0.0,800.0,1.0,,2100.0,0.0,0.0,10000.0,7.0,,
METAR WALS 150800Z 18009KT 140V210 9999 SCT025 33/23 Q1009 NOSIG,WALS,2026-08-15 08:00:00,0,180.0,9.0,,10000.0,,SCT,2500.0,,,,,,,,0,33.0,23.0,1009.0,0,0,,,0.0,0.0,10000.0,8.0,,,0.0,0.0,10000.0,4.0,,5500.0,0.0,0.0,10000.0,2.0,,5000.0,0.0,0.0,2300.0,1.0,,2300.0,0.0,0.0,10000.0,8.0,,
METAR WALS 150830Z 19008KT 150V220 9999 SCT025 32/24 Q1009 NOSIG,WALS,2026-08-15 08:30:00,0,190.0,8.0,,10000.0,,SCT,2500.0,,,,,,,,0,32.0,24.0,1009.0,0,0,,,0.0,0.0,10000.0,5.0,,,0.0,0.0,10000.0,4.0,,5500.0,0.0,0.0,10000.0,2.0,,5000.0,0.0,0.0,800.0,3.0,,1900.0,0.0,0.0,10000.0,9.0,,
METAR WALS 150900Z 19008KT 150V230 9999 NCD 32/24 Q1009 NOSIG,WALS,2026-08-15 09:00:00,0,190.0,8.0,,10000.0,,NCD,,,,,,,,,0,32.0,24.0,1009.0,0,0,,,0.0,0.0,10000.0,4.0,,,0.0,0.0,10000.0,5.0,,5500.0,0.0,0.0,10000.0,3.0,,5000.0,0.0,0.0,5000.0,2.0,,200.0,0.0,0.0,10000.0,10.0,,
METAR WALS 150930Z 19005KT 150V230 9999 NCD 31/24 Q1010 NOSIG,WALS,2026-08-15 09:30:00,0,190.0,5.0,,10000.0,,NCD,,,,,,,,,0,31.0,24.0,1010.0,0,0,,,0.0,0.0,10000.0,6.0,,,0.0,0.0,10000.0,3.0,,5000.0,0.0,0.0,10000.0,2.0,,5000.0,0.0,0.0,4800.0,2.0,,200.0,0.0,0.0,10000.0,10.0,,
METAR WALS 151000Z AUTO 20004KT 160V250 9999 NCD 30/24 Q1010 NOSIG,WALS,2026-08-15 10:00:00,1,200.0,4.0,,10000.0,,NCD,,,,,,,,,0,30.0,24.0,1010.0,0,0,,,0.0,0.0,10000.0,4.0,,5500.0,0.0,0.0,10000.0,3.0,,1500.0,0.0,0.0,6000.0,2.0,,5000.0,0.0,0.0,5000.0,2.0,,200.0,0.0,0.0,10000.0,6.0,,
METAR WALS 151030Z AUTO 21006KT 170V240 9999 FEW021 29/23 Q1010 NOSIG,WALS,2026-08-15 10:30:00,1,210.0,6.0,,10000.0,,FEW,2100.0,,,,,,,,0,29.0,23.0,1010.0,0,0,,,0.0,0.0,10000.0,4.0,,5500.0,0.0,0.0,10000.0,2.0,,1700.0,0.0,0.0,4000.0,2.0,,5000.0,0.0,0.0,3000.0,1.0,,,0.0,0.0,6000.0,3.0,,
METAR WALS 151100Z AUTO 22004KT 9999 OVC055 28/24 Q1010,WALS,2026-08-15 11:00:00,1,220.0,4.0,,10000.0,,OVC,5500.0,,,,,,,,0,28.0,24.0,1010.0,0,0,,5500.0,0.0,0.0,10000.0,5.0,,5500.0,0.0,0.0,10000.0,2.0,,5000.0,0.0,0.0,6000.0,2.0,,5000.0,0.0,0.0,4000.0,2.0,,,0.0,0.0,10000.0,4.0,,4000.0
METAR WALS 151130Z AUTO 22004KT 180V250 9999 OVC055 27/24 Q1011,WALS,2026-08-15 11:30:00,1,220.0,4.0,,10000.0,,OVC,5500.0,,,,,,,,0,27.0,24.0,1011.0,0,0,,5500.0,0.0,0.0,10000.0,3.0,,5000.0,0.0,0.0,10000.0,2.0,,5000.0,0.0,0.0,1400.0,1.0,,5000.0,0.0,0.0,4000.0,1.0,,,0.0,0.0,10000.0,4.0,,5000.0
METAR WALS 151200Z AUTO 23005KT 9999 FEW015 OVC055 27/23 Q1011,WALS,2026-08-15 12:00:00,1,230.0,5.0,,10000.0,,FEW,1500.0,,OVC,5500.0,,,,,0,27.0,23.0,1011.0,0,0,,5500.0,0.0,0.0,10000.0,3.0,,1500.0,0.0,0.0,10000.0,3.0,,5000.0,0.0,0.0,7000.0,1.0,,1700.0,0.0,0.0,5000.0,2.0,,,0.0,0.0,10000.0,2.0,,5000.0
METAR WALS 151230Z AUTO 21003KT 170V240 9999 SCT015 OVC050 26/24 Q1012,WALS,2026-08-15 12:30:00,1,210.0,3.0,,10000.0,,SCT,1500.0,,OVC,5000.0,,,,,0,26.0,24.0,1012.0,0,0,,5000.0,0.0,0.0,10000.0,2.0,,1700.0,0.0,0.0,10000.0,2.0,,5000.0,0.0,0.0,5000.0,1.0,,5500.0,0.0,0.0,7000.0,4.0,,,0.0,0.0,10000.0,3.0,,1800.0
METAR WALS 151300Z AUTO 22003KT 9999 BKN015 OVC050 26/24 Q1012,WALS,2026-08-15 13:00:00,1,220.0,3.0,,10000.0,,BKN,1500.0,,OVC,5000.0,,,,,0,26.0,24.0,1012.0,0,0,,1500.0,0.0,0.0,10000.0,2.0,,5000.0,0.0,0.0,6000.0,2.0,,5000.0,0.0,0.0,6000.0,1.0,,1900.0,0.0,0.0,7000.0,4.0,,,0.0,0.0,10000.0,2.0,,1400.0
METAR WALS 151330Z AUTO VRB02KT 9999 BKN017 OVC050 26/24 Q1012,WALS,2026-08-15 13:30:00,1,,2.0,,10000.0,,BKN,1700.0,,OVC,5000.0,,,,,0,26.0,24.0,1012.0,0,0,,1700.0,0.0,0.0,10000.0,2.0,,5000.0,0.0,0.0,4000.0,2.0,,5000.0,0.0,0.0,800.0,1.0,,2100.0,0.0,0.0,10000.0,8.0,,2000.0,0.0,0.0,10000.0,1.0,,1300.0
METAR WALS 151400Z AUTO VRB02KT 9999 SCT016 OVC050 25/24 Q1012,WALS,2026-08-15 14:00:00,1,,2.0,,10000.0,,SCT,1600.0,,OVC,5000.0,,,,,0,25.0,24.0,1012.0,0,0,,5000.0,0.0,0.0,10000.0,3.0,,5000.0,0.0,0.0,6000.0,2.0,,5000.0,0.0,0.0,2300.0,1.0,,2300.0,0.0,0.0,10000.0,9.0,,2000.0,0.0,0.0,10000.0,1.0,,1300.0
METAR WALS 151430Z AUTO 24002KT 9999 OVC050 25/24 Q1012,WALS,2026-08-15 14:30:00,1,240.0,2.0,,10000.0,,OVC,5000.0,,,,,,,,0,25.0,24.0,1012.0,0,0,,5000.0,0.0,0.0,10000.0,2.0,,5000.0,0.0,0.0,1400.0,1.0,,5000.0,0.0,0.0,800.0,3.0,,1900.0,0.0,0.0,10000.0,6.0,,,0.0,0.0,10000.0,1.0,,1300.0
METAR WALS 151500Z AUTO 24003KT 9999 BKN050 OVC055 25/24 Q1012,WALS,2026-08-15 15:00:00,1,240.0,3.0,,10000.0,,BKN,5000.0,,OVC,5500.0,,,,,0,25.0,24.0,1012.0,0,0,,5000.0,0.0,0.0,6000.0,2.0,,5000.0,0.0,0.0,7000.0,1.0,,1700.0,0.0,0.0,5000.0,2.0,,200.0,0.0,0.0,10000.0,7.0,,,0.0,0.0,10000.0,2.0,,1300.0
METAR WALS 151530Z AUTO 21002KT 9999 OVC050 25/24 Q1012,WALS,2026-08-15 15:30:00,1,210.0,2.0,,10000.0,,OVC,5000.0,,,,,,,,0,25.0,24.0,1012.0,0,0,,5000.0,0.0,0.0,4000.0,2.0,,5000.0,0.0,0.0,5000.0,1.0,,5500.0,0.0,0.0,4800.0,2.0,,200.0,0.0,0.0,10000.0,8.0,,2000.0,0.0,0.0,10000.0,1.0,,1300.0
METAR WALS 151600Z AUTO VRB02KT 6000 OVC050 24/23 Q1012,WALS,2026-08-15 16:00:00,1,,2.0,,6000.0,,OVC,5000.0,,,,,,,,0,24.0,23.0,1012.0,0,0,,5000.0,0.0,0.0,6000.0,2.0,,5000.0,0.0,0.0,6000.0,1.0,,1900.0,0.0,0.0,5000.0,2.0,,200.0,0.0,0.0,10000.0,5.0,,,0.0,0.0,10000.0,1.0,,1300.0
METAR WALS 151630Z AUTO 35002KT 4000 BR OVC050 23/23 Q1012,WALS,2026-08-15 16:30:00,1,350.0,2.0,,4000.0,"('', None, '', 'BR', None)",OVC,5000.0,,,,,,,,0,23.0,23.0,1012.0,0,0,,5000.0,0.0,0.0,1400.0,1.0,,5000.0,0.0,0.0,800.0,1.0,,2100.0,0.0,0.0,3000.0,1.0,,,0.0,0.0,10000.0,7.0,,,0.0,0.0,7000.0,2.0,,1400.0
METAR WALS 151700Z AUTO VRB02KT 6000 OVC050 23/23 Q1011,WALS,2026-08-15 17:00:00,1,,2.0,,6000.0,,OVC,5000.0,,,,,,,,0,23.0,23.0,1011.0,0,0,,5000.0,0.0,0.0,7000.0,1.0,,1700.0,0.0,0.0,2300.0,1.0,,2300.0,0.0,0.0,4000.0,2.0,,,0.0,0.0,10000.0,5.0,,2000.0,0.0,0.0,9000.0,2.0,,2000.0
METAR WALS 151730Z AUTO VRB01KT 1400 R04/P2000N R22/1600U BR OVC050 23/23 Q1012,WALS,2026-08-15 17:30:00,1,,1.0,,1400.0,"('', None, '', 'BR', None)",OVC,5000.0,,,,,,,,0,23.0,23.0,1012.0,0,0,,5000.0,0.0,0.0,5000.0,1.0,,5500.0,0.0,0.0,800.0,3.0,,1900.0,0.0,0.0,4000.0,1.0,,,0.0,0.0,10000.0,5.0,,2000.0,0.0,0.0,7000.0,3.0,,4300.0
METAR WALS 151800Z AUTO VRB01KT 7000 BKN017 OVC055 23/22 Q1011,WALS,2026-08-15 18:00:00,1,,1.0,,7000.0,,BKN,1700.0,,OVC,5500.0,,,,,0,23.0,22.0,1011.0,0,0,,1700.0,0.0,0.0,6000.0,1.0,,1900.0,0.0,0.0,5000.0,2.0,,200.0,0.0,0.0,5000.0,2.0,,,0.0,0.0,10000.0,5.0,,2000.0,0.0,0.0,1400.0,2.0,,1400.0
METAR WALS 151830Z AUTO 18001KT 5000 FEW004 SCT018 OVC055 23/23 Q1011,WALS,2026-08-15 18:30:00,1,180.0,1.0,,5000.0,,FEW,400.0,,SCT,1800.0,,OVC,5500.0,,0,23.0,23.0,1011.0,0,0,,5500.0,0.0,0.0,800.0,1.0,,2100.0,0.0,0.0,4800.0,2.0,,200.0,0.0,0.0,7000.0,4.0,,,0.0,0.0,10000.0,6.0,,,0.0,0.0,4900.0,1.0,,3700.0
METAR WALS 151900Z AUTO 36001KT 6000 OVC019 23/22 Q1012,WALS,2026-08-15 19:00:00,1,360.0,1.0,,6000.0,,OVC,1900.0,,,,,,,,0,23.0,22.0,1012.0,0,0,,1900.0,0.0,0.0,2300.0,1.0,,2300.0,0.0,0.0,5000.0,2.0,,200.0,0.0,0.0,7000.0,4.0,,,0.0,0.0,10000.0,7.0,,2000.0,0.0,0.0,1300.0,1.0,,
METAR WALS 151930Z AUTO VRB01KT 0800 R04/P2000U R22/1200D FG OVC021 22/22 Q1012,WALS,2026-08-15 19:30:00,1,,1.0,,800.0,"('', None, '', 'FG', None)",OVC,2100.0,,,,,,,,0,22.0,22.0,1012.0,0,0,,2100.0,0.0,0.0,800.0,3.0,,1900.0,0.0,0.0,3000.0,1.0,,,0.0,0.0,10000.0,8.0,,2000.0,0.0,0.0,10000.0,7.0,,,0.0,0.0,5000.0,2.0,,3800.0
METAR WALS 152000Z AUTO 02001KT 2300 BR BKN023 OVC060 22/22 Q1012,WALS,2026-08-15 20:00:00,1,20.0,1.0,,2300.0,"('', None, '', 'BR', None)",BKN,2300.0,,OVC,6000.0,,,,,0,22.0,22.0,1012.0,0,0,,2300.0,0.0,0.0,5000.0,2.0,,200.0,0.0,0.0,4000.0,2.0,,,0.0,0.0,10000.0,9.0,,2000.0,0.0,0.0,10000.0,8.0,,,0.0,0.0,3600.0,1.0,,2500.0
METAR WALS 152030Z AUTO 04003KT 0800 R04/P2000D R22/1200D FG BKN019 OVC060 22/22 Q1012,WALS,2026-08-15 20:30:00,1,40.0,3.0,,800.0,"('', None, '', 'FG', None)",BKN,1900.0,,OVC,6000.0,,,,,0,22.0,22.0,1012.0,0,0,,1900.0,0.0,0.0,4800.0,2.0,,200.0,0.0,0.0,4000.0,1.0,,,0.0,0.0,10000.0,6.0,,,0.0,0.0,10000.0,9.0,,,0.0,0.0,7000.0,1.0,,4300.0
METAR WALS 152100Z AUTO 08002KT 5000 BKN002 BKN020 OVC065 22/22 Q1012,WALS,2026-08-15 21:00:00,1,80.0,2.0,,5000.0,,BKN,200.0,,BKN,2000.0,,OVC,6500.0,,0,22.0,22.0,1012.0,0,0,,200.0,0.0,0.0,5000.0,2.0,,200.0,0.0,0.0,5000.0,2.0,,,0.0,0.0,10000.0,7.0,,,0.0,0.0,10000.0,10.0,,,0.0,0.0,800.0,1.0,,1500.0
METAR WALS 152130Z AUTO VRB02KT 4800 BR BKN002 OVC070 23/22 Q1013,WALS,2026-08-15 21:30:00,1,,2.0,,4800.0,"('', None, '', 'BR', None)",BKN,200.0,,OVC,7000.0,,,,,0,23.0,22.0,1013.0,0,0,,200.0,0.0,0.0,3000.0,1.0,,,0.0,0.0,7000.0,4.0,,,0.0,0.0,10000.0,8.0,,2000.0,0.0,0.0,10000.0,10.0,,,0.0,0.0,5000.0,2.0,,2100.0
METAR WALS 152200Z AUTO VRB02KT 5000 BKN002 BKN024 OVC065 22/22 Q1013,WALS,2026-08-15 22:00:00,1,,2.0,,5000.0,,BKN,200.0,,BKN,2400.0,,OVC,6500.0,,0,22.0,22.0,1013.0,0,0,,200.0,0.0,0.0,4000.0,2.0,,,0.0,0.0,7000.0,4.0,,,0.0,0.0,10000.0,5.0,,,0.0,0.0,10000.0,6.0,,,0.0,0.0,2500.0,0.0,,
METAR WALS 152230Z VRB01KT 3000 BR NSC 22/22 Q1013 BECMG TL2330 7000 NSW,WALS,2026-08-15 22:30:00,0,,1.0,,3000.0,"('', None, '', 'BR', None)",NSC,,,,,,,,,0,22.0,22.0,1013.0,0,0,,,0.0,0.0,4000.0,1.0,,,0.0,0.0,10000.0,8.0,,2000.0,0.0,0.0,10000.0,7.0,,,0.0,0.0,6000.0,3.0,,,0.0,0.0,2000.0,1.0,,
METAR WALS 152300Z VRB02KT 4000 BR NSC 23/23 Q1013 BECMG TL2330 6000 NSW,WALS,2026-08-15 23:00:00,0,,2.0,,4000.0,"('', None, '', 'BR', None)",NSC,,,,,,,,,0,23.0,23.0,1013.0,0,0,,,0.0,0.0,5000.0,2.0,,,0.0,0.0,10000.0,9.0,,2000.0,0.0,0.0,10000.0,5.0,,2000.0,0.0,0.0,10000.0,4.0,,4000.0,0.0,0.0,2500.0,1.0,,
METAR WALS 152330Z VRB01KT 4000 2000NE BR NSC 25/24 Q1013 BECMG FM0000 5000,WALS,2026-08-15 23:30:00,0,,1.0,,4000.0,"('', None, '', 'BR', None)",NSC,,,,,,,,,0,25.0,24.0,1013.0,0,0,,,0.0,0.0,7000.0,4.0,,,0.0,0.0,10000.0,6.0,,,0.0,0.0,10000.0,5.0,,2000.0,0.0,0.0,10000.0,4.0,,5000.0,0.0,0.0,4000.0,1.0,,
METAR WALS 160000Z VRB02KT 5000 NSC 27/24 Q1014 NOSIG,WALS,2026-08-16 00:00:00,0,,2.0,,5000.0,,NSC,,,,,,,,,0,27.0,24.0,1014.0,0,0,,,0.0,0.0,7000.0,4.0,,,0.0,0.0,10000.0,7.0,,,0.0,0.0,10000.0,5.0,,2000.0,0.0,0.0,10000.0,2.0,,5000.0,0.0,0.0,5000.0,4.0,,
METAR WALS 160030Z 25004KT 220V300 7000 FEW017 28/25 Q1014 NOSIG,WALS,2026-08-16 00:30:00,0,250.0,4.0,,7000.0,,FEW,1700.0,,,,,,,,0,28.0,25.0,1014.0,0,0,,,0.0,0.0,10000.0,8.0,,2000.0,0.0,0.0,10000.0,8.0,,2000.0,0.0,0.0,10000.0,6.0,,,0.0,0.0,10000.0,3.0,,1800.0,0.0,0.0,7000.0,5.0,,
METAR WALS 160130Z 24008KT 210V270 9999 BKN020 30/24 Q1013 NOSIG,WALS,2026-08-16 01:30:00,0,240.0,8.0,,10000.0,,BKN,2000.0,,,,,,,,0,30.0,24.0,1013.0,0,0,,2000.0,0.0,0.0,10000.0,6.0,,,0.0,0.0,10000.0,7.0,,,0.0,0.0,10000.0,7.0,,,0.0,0.0,10000.0,1.0,,1300.0,0.0,0.0,10000.0,6.0,,
METAR WALS 160200Z 24009KT 180V250 9999 BKN020 31/24 Q1013 NOSIG,WALS,2026-08-16 02:00:00,0,240.0,9.0,,10000.0,,BKN,2000.0,,,,,,,,0,31.0,24.0,1013.0,0,0,,2000.0,0.0,0.0,10000.0,7.0,,,0.0,0.0,10000.0,5.0,,2000.0,0.0,0.0,10000.0,8.0,,,0.0,0.0,10000.0,1.0,,1300.0,0.0,0.0,10000.0,6.0,,
METAR WALS 160230Z 24006KT 200V270 9999 SCT020 32/24 Q1013 NOSIG,WALS,2026-08-16 02:30:00,0,240.0,6.0,,10000.0,,SCT,2000.0,,,,,,,,0,32.0,24.0,1013.0,0,0,,,0.0,0.0,10000.0,8.0,,2000.0,0.0,0.0,10000.0,5.0,,2000.0,0.0,0.0,10000.0,9.0,,,0.0,0.0,10000.0,1.0,,1300.0,0.0,0.0,10000.0,5.0,,
METAR WALS 160300Z 22007KT 180V270 9999 SCT020 32/23 Q1012 NOSIG,WALS,2026-08-16 03:00:00,0,220.0,7.0,,10000.0,,SCT,2000.0,,,,,,,,0,32.0,23.0,1012.0,0,0,,,0.0,0.0,10000.0,5.0,,,0.0,0.0,10000.0,5.0,,2000.0,0.0,0.0,10000.0,10.0,,,0.0,0.0,10000.0,2.0,,1300.0,0.0,0.0,10000.0,2.0,,
METAR WALS 160330Z 26008KT 200V290 9999 BKN020 34/23 Q1012 NOSIG,WALS,2026-08-16 03:30:00,0,260.0,8.0,,10000.0,,BKN,2000.0,,,,,,,,0,34.0,23.0,1012.0,0,0,,2000.0,0.0,0.0,10000.0,7.0,,,0.0,0.0,10000.0,6.0,,,0.0,0.0,10000.0,10.0,,,0.0,0.0,10000.0,1.0,,1300.0,0.0,0.0,10000.0,4.0,,
METAR WALS 160400Z 23005KT 170V280 9999 SCT020 32/23 Q1011 NOSIG,WALS,2026-08-16 04:00:00,0,230.0,5.0,,10000.0,,SCT,2000.0,,,,,,,,0,32.0,23.0,1011.0,0,0,,,0.0,0.0,10000.0,5.0,,2000.0,0.0,0.0,10000.0,7.0,,2000.0,0.0,0.0,10000.0,6.0,,,0.0,0.0,10000.0,1.0,,1300.0,0.0,0.0,10000.0,5.0,,
METAR WALS 160430Z 27007KT 190V300 9999 SCT020 33/23 Q1011 NOSIG,WALS,2026-08-16 04:30:00,0,270.0,7.0,,10000.0,,SCT,2000.0,,,,,,,,0,33.0,23.0,1011.0,0,0,,,0.0,0.0,10000.0,5.0,,2000.0,0.0,0.0,10000.0,7.0,,,0.0,0.0,6000.0,3.0,,,0.0,0.0,7000.0,2.0,,1400.0,0.0,0.0,10000.0,4.0,,
METAR WALS 160500Z 27005KT 240V310 9999 BKN020 34/22 Q1011 NOSIG,WALS,2026-08-16 05:00:00,0,270.0,5.0,,10000.0,,BKN,2000.0,,,,,,,,0,34.0,22.0,1011.0,0,0,,2000.0,0.0,0.0,10000.0,5.0,,2000.0,0.0,0.0,10000.0,8.0,,,0.0,0.0,10000.0,4.0,,4000.0,0.0,0.0,9000.0,2.0,,2000.0,0.0,0.0,10000.0,5.0,,
METAR WALS 160530Z 26005KT 210V360 9999 BKN020 35/22 Q1010 NOSIG,WALS,2026-08-16 05:30:00,0,260.0,5.0,,10000.0,,BKN,2000.0,,,,,,,,0,35.0,22.0,1010.0,0,0,,2000.0,0.0,0.0,10000.0,6.0,,,0.0,0.0,10000.0,9.0,,,0.0,0.0,10000.0,4.0,,5000.0,0.0,0.0,7000.0,3.0,,4300.0,0.0,0.0,10000.0,6.0,,
METAR WALS 160600Z 23005KT 180V280 9999 BKN020 36/22 Q1010 NOSIG,WALS,2026-08-16 06:00:00,0,230.0,5.0,,10000.0,,BKN,2000.0,,,,,,,,0,36.0,22.0,1010.0,0,0,,2000.0,0.0,0.0,10000.0,7.0,,2000.0,0.0,0.0,10000.0,10.0,,,0.0,0.0,10000.0,2.0,,5000.0,0.0,0.0,1400.0,2.0,,1400.0,0.0,0.0,10000.0,5.0,,
METAR WALS 160630Z 25006KT 190V300 9999 SCT020 36/22 Q1009 NOSIG,WALS,2026-08-16 06:30:00,0,250.0,6.0,,10000.0,,SCT,2000.0,,,,,,,,0,36.0,22.0,1009.0,0,0,,,0.0,0.0,10000.0,7.0,,,0.0,0.0,10000.0,10.0,,,0.0,0.0,10000.0,3.0,,1800.0,0.0,0.0,4900.0,1.0,,3700.0,0.0,0.0,10000.0,5.0,,
METAR WALS 160700Z 20007KT 140V240 9999 BKN020 34/24 Q1009 NOSIG,WALS,2026-08-16 07:00:00,0,200.0,7.0,,10000.0,,BKN,2000.0,,,,,,,,0,34.0,24.0,1009.0,0,0,,2000.0,0.0,0.0,10000.0,8.0,,,0.0,0.0,10000.0,6.0,,,0.0,0.0,10000.0,2.0,,1400.0,0.0,0.0,1300.0,1.0,,,0.0,0.0,10000.0,6.0,,
METAR WALS 160730Z 19007KT 150V220 9999 SCT020 34/23 Q1009 NOSIG,WALS,2026-08-16 07:30:00,0,190.0,7.0,,10000.0,,SCT,2000.0,,,,,,,,0,34.0,23.0,1009.0,0,0,,,0.0,0.0,10000.0,9.0,,,0.0,0.0,6000.0,3.0,,,0.0,0.0,10000.0,1.0,,1300.0,0.0,0.0,5000.0,2.0,,3800.0,0.0,0.0,10000.0,6.0,,
METAR WALS 160800Z 19008KT 140V230 9999 FEW020 33/23 Q1009 NOSIG,WALS,2026-08-16 08:00:00,0,190.0,8.0,,10000.0,,FEW,2000.0,,,,,,,,0,33.0,23.0,1009.0,0,0,,,0.0,0.0,10000.0,10.0,,,0.0,0.0,10000.0,4.0,,4000.0,0.0,0.0,10000.0,1.0,,1300.0,0.0,0.0,3600.0,1.0,,2500.0,0.0,0.0,10000.0,7.0,,
METAR WALS 160830Z 18009KT 140V210 CAVOK 32/23 Q1009 NOSIG,WALS,2026-08-16 08:30:00,0,180.0,9.0,,10000.0,,,,,,,,,,,0,32.0,23.0,1009.0,0,0,,,0.0,0.0,10000.0,10.0,,,0.0,0.0,10000.0,4.0,,5000.0,0.0,0.0,10000.0,1.0,,1300.0,0.0,0.0,7000.0,1.0,,4300.0,0.0,0.0,10000.0,8.0,,
METAR WALS 160900Z 18010KT 140V240 CAVOK 32/23 Q1009 NOSIG,WALS,2026-08-16 09:00:00,0,180.0,10.0,,10000.0,,,,,,,,,,,0,32.0,23.0,1009.0,0,0,,,0.0,0.0,10000.0,6.0,,,0.0,0.0,10000.0,2.0,,5000.0,0.0,0.0,10000.0,2.0,,1300.0,0.0,0.0,800.0,1.0,,1500.0,0.0,0.0,10000.0,6.0,,
METAR WALS 160930Z 19010KT 150V240 CAVOK 30/23 Q1009 NOSIG,WALS,2026-08-16 09:30:00,0,190.0,10.0,,10000.0,,,,,,,,,,,0,30.0,23.0,1009.0,0,0,,,0.0,0.0,6000.0,3.0,,,0.0,0.0,10000.0,3.0,,1800.0,0.0,0.0,10000.0,1.0,,1300.0,0.0,0.0,5000.0,2.0,,2100.0,0.0,0.0,10000.0,4.0,,
METAR WALS 161000Z AUTO 19006KT 150V230 9999 NCD 29/24 Q1010 NOSIG,WALS,2026-08-16 10:00:00,1,190.0,6.0,,10000.0,,NCD,,,,,,,,,0,29.0,24.0,1010.0,0,0,,,0.0,0.0,10000.0,4.0,,4000.0,0.0,0.0,10000.0,2.0,,1400.0,0.0,0.0,10000.0,1.0,,1300.0,0.0,0.0,2500.0,0.0,,,0.0,0.0,10000.0,4.0,,
METAR WALS 161030Z 20003KT 160V240 6000 FEW020 28/24 Q1010 NOSIG,WALS,2026-08-16 10:30:00,0,200.0,3.0,,6000.0,,FEW,2000.0,,,,,,,,0,28.0,24.0,1010.0,0,0,,,0.0,0.0,10000.0,4.0,,5000.0,0.0,0.0,10000.0,1.0,,1300.0,0.0,0.0,7000.0,2.0,,1400.0,0.0,0.0,2000.0,1.0,,,0.0,0.0,10000.0,3.0,,5000.0
METAR WALS 161100Z AUTO 21004KT 170V240 9999 SCT017 BKN040 OVC045 28/24 Q1011,WALS,2026-08-16 11:00:00,1,210.0,4.0,,10000.0,,SCT,1700.0,,BKN,4000.0,,OVC,4500.0,,0,28.0,24.0,1011.0,0,0,,4000.0,0.0,0.0,10000.0,2.0,,5000.0,0.0,0.0,10000.0,1.0,,1300.0,0.0,0.0,9000.0,2.0,,2000.0,0.0,0.0,2500.0,1.0,,,0.0,0.0,10000.0,2.0,,3600.0
METAR WALS 161130Z AUTO 21004KT 180V240 9999 FEW018 SCT043 OVC050 27/24 Q1011,WALS,2026-08-16 11:30:00,1,210.0,4.0,,10000.0,,FEW,1800.0,,SCT,4300.0,,OVC,5000.0,,0,27.0,24.0,1011.0,0,0,,5000.0,0.0,0.0,10000.0,3.0,,1800.0,0.0,0.0,10000.0,1.0,,1300.0,0.0,0.0,7000.0,3.0,,4300.0,0.0,0.0,4000.0,1.0,,,0.0,0.0,10000.0,2.0,,3700.0
METAR WALS 161200Z AUTO VRB02KT 9999 FEW021 OVC050 27/24 Q1011,WALS,2026-08-16 12:00:00,1,,2.0,,10000.0,,FEW,2100.0,,OVC,5000.0,,,,,0,27.0,24.0,1011.0,0,0,,5000.0,0.0,0.0,10000.0,2.0,,1400.0,0.0,0.0,10000.0,2.0,,1300.0,0.0,0.0,1400.0,2.0,,1400.0,0.0,0.0,5000.0,4.0,,,0.0,0.0,10000.0,3.0,,1700.0
METAR WALS 161230Z AUTO 23003KT 9999 BKN018 BKN050 BKN055 27/24 Q1012,WALS,2026-08-16 12:30:00,1,230.0,3.0,,10000.0,,BKN,1800.0,,BKN,5000.0,,BKN,5500.0,,0,27.0,24.0,1012.0,0,0,,1800.0,0.0,0.0,10000.0,1.0,,1300.0,0.0,0.0,10000.0,1.0,,1300.0,0.0,0.0,4900.0,1.0,,3700.0,0.0,0.0,7000.0,5.0,,,0.0,0.0,10000.0,1.0,,1600.0
METAR WALS 161300Z AUTO VRB02KT 9999 BKN014 BKN022 OVC055 26/24 Q1012,WALS,2026-08-16 13:00:00,1,,2.0,,10000.0,,BKN,1400.0,,BKN,2200.0,,OVC,5500.0,,0,26.0,24.0,1012.0,0,0,,1400.0,0.0,0.0,10000.0,1.0,,1300.0,0.0,0.0,10000.0,1.0,,1300.0,0.0,0.0,1300.0,1.0,,,0.0,0.0,7000.0,5.0,,,0.0,0.0,10000.0,2.0,,1400.0
METAR WALS 161330Z AUTO VRB01KT 9999 BKN013 BKN050 OVC060 26/24 Q1012,WALS,2026-08-16 13:30:00,1,,1.0,,10000.0,,BKN,1300.0,,BKN,5000.0,,OVC,6000.0,,0,26.0,24.0,1012.0,0,0,,1300.0,0.0,0.0,10000.0,1.0,,1300.0,0.0,0.0,7000.0,2.0,,1400.0,0.0,0.0,5000.0,2.0,,3800.0,0.0,0.0,10000.0,6.0,,,0.0,0.0,10000.0,2.0,,1300.0
METAR WALS 161400Z AUTO VRB01KT 9999 OVC013 25/24 Q1012,WALS,2026-08-16 14:00:00,1,,1.0,,10000.0,,OVC,1300.0,,,,,,,,0,25.0,24.0,1012.0,0,0,,1300.0,0.0,0.0,10000.0,2.0,,1300.0,0.0,0.0,9000.0,2.0,,2000.0,0.0,0.0,3600.0,1.0,,2500.0,0.0,0.0,10000.0,6.0,,,0.0,0.0,10000.0,2.0,,1300.0
METAR WALS 161430Z AUTO VRB01KT 9999 OVC013 25/24 Q1013,WALS,2026-08-16 14:30:00,1,,1.0,,10000.0,,OVC,1300.0,,,,,,,,0,25.0,24.0,1013.0,0,0,,1300.0,0.0,0.0,10000.0,1.0,,1300.0,0.0,0.0,7000.0,3.0,,4300.0,0.0,0.0,7000.0,1.0,,4300.0,0.0,0.0,10000.0,5.0,,,0.0,0.0,10000.0,2.0,,1300.0
METAR WALS 161500Z AUTO 23002KT 9999 OVC013 25/24 Q1013,WALS,2026-08-16 15:00:00,1,230.0,2.0,,10000.0,,OVC,1300.0,,,,,,,,0,25.0,24.0,1013.0,0,0,,1300.0,0.0,0.0,10000.0,1.0,,1300.0,0.0,0.0,1400.0,2.0,,1400.0,0.0,0.0,800.0,1.0,,1500.0,0.0,0.0,10000.0,2.0,,,0.0,0.0,10000.0,2.0,,1300.0
METAR WALS 161530Z AUTO VRB01KT 9999 OVC013 24/24 Q1013,WALS,2026-08-16 15:30:00,1,,1.0,,10000.0,,OVC,1300.0,,,,,,,,0,24.0,24.0,1013.0,0,0,,1300.0,0.0,0.0,7000.0,2.0,,1400.0,0.0,0.0,4900.0,1.0,,3700.0,0.0,0.0,5000.0,2.0,,2100.0,0.0,0.0,10000.0,4.0,,,0.0,0.0,10000.0,3.0,,1400.0
METAR WALS 161600Z AUTO VRB01KT 9999 OVC013 24/24 Q1012,WALS,2026-08-16 16:00:00,1,,1.0,,10000.0,,OVC,1300.0,,,,,,,,0,24.0,24.0,1012.0,0,0,,1300.0,0.0,0.0,9000.0,2.0,,2000.0,0.0,0.0,1300.0,1.0,,,0.0,0.0,2500.0,0.0,,,0.0,0.0,10000.0,5.0,,,0.0,0.0,10000.0,3.0,,1800.0
METAR WALS 161630Z AUTO 29002KT 7000 OVC014 24/23 Q1012,WALS,2026-08-16 16:30:00,1,290.0,2.0,,7000.0,,OVC,1400.0,,,,,,,,0,24.0,23.0,1012.0,0,0,,1400.0,0.0,0.0,7000.0,3.0,,4300.0,0.0,0.0,5000.0,2.0,,3800.0,0.0,0.0,2000.0,1.0,,,0.0,0.0,10000.0,4.0,,,0.0,0.0,7000.0,3.0,,6000.0
METAR WALS 161700Z AUTO 29002KT 9000 SCT015 BKN020 OVC039 24/24 Q1012,WALS,2026-08-16 17:00:00,1,290.0,2.0,,9000.0,,SCT,1500.0,,BKN,2000.0,,OVC,3900.0,,0,24.0,24.0,1012.0,0,0,,2000.0,0.0,0.0,1400.0,2.0,,1400.0,0.0,0.0,3600.0,1.0,,2500.0,0.0,0.0,2500.0,1.0,,,0.0,0.0,10000.0,5.0,,,0.0,0.0,5000.0,3.0,,6000.0
METAR WALS 161730Z AUTO 31003KT 7000 FEW014 SCT022 BKN043 24/24 Q1012,WALS,2026-08-16 17:30:00,1,310.0,3.0,,7000.0,,FEW,1400.0,,SCT,2200.0,,BKN,4300.0,,0,24.0,24.0,1012.0,0,0,,4300.0,0.0,0.0,4900.0,1.0,,3700.0,0.0,0.0,7000.0,1.0,,4300.0,0.0,0.0,4000.0,1.0,,,0.0,0.0,10000.0,6.0,,,0.0,0.0,6000.0,2.0,,6000.0
METAR WALS 161800Z AUTO 29002KT 1400 R04/P2000D R22/1700U BR BKN014 BKN020 OVC055 24/24 Q1012,WALS,2026-08-16 18:00:00,1,290.0,2.0,,1400.0,"('', None, '', 'BR', None)",BKN,1400.0,,BKN,2000.0,,OVC,5500.0,,0,24.0,24.0,1012.0,0,0,,1400.0,0.0,0.0,1300.0,1.0,,,0.0,0.0,800.0,1.0,,1500.0,0.0,0.0,5000.0,4.0,,,0.0,0.0,10000.0,5.0,,,0.0,0.0,3900.0,1.0,,6000.0
METAR WALS 161830Z AUTO VRB01KT 4900 BR FEW017 SCT031 BKN037 24/23 Q1012,WALS,2026-08-16 18:30:00,1,,1.0,,4900.0,"('', None, '', 'BR', None)",FEW,1700.0,,SCT,3100.0,,BKN,3700.0,,0,24.0,23.0,1012.0,0,0,,3700.0,0.0,0.0,5000.0,2.0,,3800.0,0.0,0.0,5000.0,2.0,,2100.0,0.0,0.0,7000.0,5.0,,,0.0,0.0,10000.0,5.0,,,0.0,0.0,2600.0,2.0,,5500.0
METAR WALS 161900Z AUTO VRB01KT 1300 R04/P2000U R22/1500D BR SCT035 SCT055 24/23 Q1012,WALS,2026-08-16 19:00:00,1,,1.0,,1300.0,"('', None, '', 'BR', None)",SCT,3500.0,,SCT,5500.0,,,,,0,24.0,23.0,1012.0,0,0,,,0.0,0.0,3600.0,1.0,,2500.0,0.0,0.0,2500.0,0.0,,,0.0,0.0,7000.0,5.0,,,0.0,0.0,10000.0,6.0,,,0.0,0.0,2100.0,1.0,,1800.0
METAR WALS 161930Z AUTO 28002KT 5000 SCT028 BKN038 OVC055 23/23 Q1012,WALS,2026-08-16 19:30:00,1,280.0,2.0,,5000.0,,SCT,2800.0,,BKN,3800.0,,OVC,5500.0,,0,23.0,23.0,1012.0,0,0,,3800.0,0.0,0.0,7000.0,1.0,,4300.0,0.0,0.0,2000.0,1.0,,,0.0,0.0,10000.0,6.0,,,0.0,0.0,10000.0,6.0,,,0.0,0.0,4900.0,0.0,,6000.0
METAR WALS 162000Z AUTO VRB01KT 3600 BR SCT017 BKN025 OVC033 24/23 Q1012,WALS,2026-08-16 20:00:00,1,,1.0,,3600.0,"('', None, '', 'BR', None)",SCT,1700.0,,BKN,2500.0,,OVC,3300.0,,0,24.0,23.0,1012.0,0,0,,2500.0,0.0,0.0,800.0,1.0,,1500.0,0.0,0.0,2500.0,1.0,,,0.0,0.0,10000.0,6.0,,,0.0,0.0,10000.0,7.0,,,0.0,0.0,7000.0,0.0,,4200.0
METAR WALS 162030Z AUTO 35001KT 7000 FEW020 SCT036 BKN043 24/23 Q1012,WALS,2026-08-16 20:30:00,1,350.0,1.0,,7000.0,,FEW,2000.0,,SCT,3600.0,,BKN,4300.0,,0,24.0,23.0,1012.0,0,0,,4300.0,0.0,0.0,5000.0,2.0,,2100.0,0.0,0.0,4000.0,1.0,,,0.0,0.0,10000.0,5.0,,,0.0,0.0,10000.0,8.0,,,0.0,0.0,6000.0,1.0,,2400.0
METAR WALS 162100Z AUTO VRB01KT 0800 R04/P2000D R22/1100N FG BKN015 OVC019 24/24 Q1012,WALS,2026-08-16 21:00:00,1,,1.0,,800.0,"('', None, '', 'FG', None)",BKN,1500.0,,OVC,1900.0,,,,,0,24.0,24.0,1012.0,0,0,,1500.0,0.0,0.0,2500.0,0.0,,,0.0,0.0,5000.0,4.0,,,0.0,0.0,10000.0,2.0,,,0.0,0.0,10000.0,6.0,,,0.0,0.0,5000.0,0.0,,5500.0
METAR WALS 162130Z AUTO VRB02KT 5000 BKN021 BKN036 OVC048 24/23 Q1012,WALS,2026-08-16 21:30:00,1,,2.0,,5000.0,,BKN,2100.0,,BKN,3600.0,,OVC,4800.0,,0,24.0,23.0,1012.0,0,0,,2100.0,0.0,0.0,2000.0,1.0,,,0.0,0.0,7000.0,5.0,,,0.0,0.0,10000.0,4.0,,,0.0,0.0,10000.0,4.0,,,0.0,0.0,6000.0,0.0,,5500.0
METAR WALS 162200Z 00000KT 2500 BR NSC 24/24 Q1013 BECMG TL2330 5000 NSW,WALS,2026-08-16 22:00:00,0,0.0,0.0,,2500.0,"('', None, '', 'BR', None)",NSC,,,,,,,,,0,24.0,24.0,1013.0,0,0,,,0.0,0.0,2500.0,1.0,,,0.0,0.0,7000.0,5.0,,,0.0,0.0,10000.0,5.0,,,0.0,0.0,10000.0,4.0,,,0.0,0.0,5000.0,1.0,,5000.0
METAR WALS 162230Z VRB01KT 2000 0800NE PRFG NSC 24/24 Q1013 BECMG TL2400 5000 NSW,WALS,2026-08-16 22:30:00,0,,1.0,,2000.0,"('', 'PR', '', 'FG', None)",NSC,,,,,,,,,0,24.0,24.0,1013.0,0,0,,,0.0,0.0,4000.0,1.0,,,0.0,0.0,10000.0,6.0,,,0.0,0.0,10000.0,4.0,,,0.0,0.0,10000.0,3.0,,5000.0,0.0,0.0,5000.0,1.0,,
METAR WALS 162300Z VRB01KT 2500 1200NE BR NSC 25/24 Q1013 BECMG TL2400 5000 NSW,WALS,2026-08-16 23:00:00,0,,1.0,,2500.0,"('', None, '', 'BR', None)",NSC,,,,,,,,,0,25.0,24.0,1013.0,0,0,,,0.0,0.0,5000.0,4.0,,,0.0,0.0,10000.0,6.0,,,0.0,0.0,10000.0,5.0,,,0.0,0.0,10000.0,2.0,,3600.0,0.0,0.0,5000.0,3.0,,
METAR WALS 162330Z VRB01KT 4000 BR FEW018 26/25 Q1013 BECMG TL2400 5000,WALS,2026-08-16 23:30:00,0,,1.0,,4000.0,"('', None, '', 'BR', None)",FEW,1800.0,,,,,,,,0,26.0,25.0,1013.0,0,0,,,0.0,0.0,7000.0,5.0,,,0.0,0.0,10000.0,5.0,,,0.0,0.0,10000.0,6.0,,,0.0,0.0,10000.0,2.0,,3700.0,0.0,0.0,6000.0,3.0,,
METAR WALS 170000Z 24004KT 5000 FEW019 27/25 Q1013 NOSIG,WALS,2026-08-17 00:00:00,0,240.0,4.0,,5000.0,,FEW,1900.0,,,,,,,,0,27.0,25.0,1013.0,0,0,,,0.0,0.0,7000.0,5.0,,,0.0,0.0,10000.0,2.0,,,0.0,0.0,10000.0,5.0,,,0.0,0.0,10000.0,3.0,,1700.0,0.0,0.0,10000.0,3.0,,
METAR WALS 170030Z 22005KT 180V260 7000 FEW019 28/25 Q1013 NOSIG,WALS,2026-08-17 00:30:00,0,220.0,5.0,,7000.0,,FEW,1900.0,,,,,,,,0,28.0,25.0,1013.0,0,0,,,0.0,0.0,10000.0,6.0,,,0.0,0.0,10000.0,4.0,,,0.0,0.0,10000.0,5.0,,,0.0,0.0,10000.0,1.0,,1600.0,0.0,0.0,10000.0,5.0,,
METAR WALS 170130Z 23006KT 190V270 9999 SCT020 30/25 Q1013 NOSIG,WALS,2026-08-17 01:30:00,0,230.0,6.0,,10000.0,,SCT,2000.0,,,,,,,,0,30.0,25.0,1013.0,0,0,,,0.0,0.0,10000.0,5.0,,,0.0,0.0,10000.0,4.0,,,0.0,0.0,10000.0,6.0,,,0.0,0.0,10000.0,2.0,,1300.0,0.0,0.0,10000.0,7.0,,
METAR WALS 170200Z 24006KT 210V280 9999 SCT020 31/24 Q1013 NOSIG,WALS,2026-08-17 02:00:00,0,240.0,6.0,,10000.0,,SCT,2000.0,,,,,,,,0,31.0,24.0,1013.0,0,0,,,0.0,0.0,10000.0,2.0,,,0.0,0.0,10000.0,5.0,,,0.0,0.0,10000.0,7.0,,,0.0,0.0,10000.0,2.0,,1300.0,0.0,0.0,10000.0,7.0,,
METAR WALS 170230Z 22005KT 160V260 9999 SCT020 32/24 Q1013 NOSIG,WALS,2026-08-17 02:30:00,0,220.0,5.0,,10000.0,,SCT,2000.0,,,,,,,,0,32.0,24.0,1013.0,0,0,,,0.0,0.0,10000.0,4.0,,,0.0,0.0,10000.0,6.0,,,0.0,0.0,10000.0,8.0,,,0.0,0.0,10000.0,2.0,,1300.0,0.0,0.0,10000.0,6.0,,
METAR WALS 170300Z VRB02KT 9999 SCT020 32/24 Q1013 NOSIG,WALS,2026-08-17 03:00:00,0,,2.0,,10000.0,,SCT,2000.0,,,,,,,,0,32.0,24.0,1013.0,0,0,,,0.0,0.0,10000.0,5.0,,,0.0,0.0,10000.0,5.0,,,0.0,0.0,10000.0,6.0,,,0.0,0.0,10000.0,2.0,,1300.0,0.0,0.0,10000.0,5.0,,
METAR WALS 170330Z 21004KT 150V290 9999 SCT020 33/23 Q1012 NOSIG,WALS,2026-08-17 03:30:00,0,210.0,4.0,,10000.0,,SCT,2000.0,,,,,,,,0,33.0,23.0,1012.0,0,0,,,0.0,0.0,10000.0,4.0,,,0.0,0.0,10000.0,5.0,,,0.0,0.0,10000.0,4.0,,,0.0,0.0,10000.0,3.0,,1400.0,0.0,0.0,10000.0,5.0,,
METAR WALS 170400Z 24005KT 150V310 9999 SCT020 34/23 Q1012 NOSIG,WALS,2026-08-17 04:00:00,0,240.0,5.0,,10000.0,,SCT,2000.0,,,,,,,,0,34.0,23.0,1012.0,0,0,,,0.0,0.0,10000.0,5.0,,,0.0,0.0,10000.0,6.0,,,0.0,0.0,10000.0,4.0,,,0.0,0.0,10000.0,3.0,,1800.0,0.0,0.0,10000.0,6.0,,
METAR WALS 170430Z VRB04KT 9999 SCT022 34/23 Q1011 NOSIG,WALS,2026-08-17 04:30:00,0,,4.0,,10000.0,,SCT,2200.0,,,,,,,,0,34.0,23.0,1011.0,0,0,,,0.0,0.0,10000.0,6.0,,,0.0,0.0,10000.0,6.0,,,0.0,0.0,10000.0,3.0,,5000.0,0.0,0.0,7000.0,3.0,,6000.0,0.0,0.0,10000.0,7.0,,
METAR WALS 170500Z 23005KT 170V270 9999 SCT022 35/23 Q1011 NOSIG,WALS,2026-08-17 05:00:00,0,230.0,5.0,,10000.0,,SCT,2200.0,,,,,,,,0,35.0,23.0,1011.0,0,0,,,0.0,0.0,10000.0,5.0,,,0.0,0.0,10000.0,7.0,,,0.0,0.0,10000.0,2.0,,3600.0,0.0,0.0,5000.0,3.0,,6000.0,0.0,0.0,10000.0,5.0,,
METAR WALS 170530Z 31006KT 270V340 9999 SCT025 35/23 Q1010 NOSIG,WALS,2026-08-17 05:30:00,0,310.0,6.0,,10000.0,,SCT,2500.0,,,,,,,,0,35.0,23.0,1010.0,0,0,,,0.0,0.0,10000.0,5.0,,,0.0,0.0,10000.0,8.0,,,0.0,0.0,10000.0,2.0,,3700.0,0.0,0.0,6000.0,2.0,,6000.0,0.0,0.0,10000.0,8.0,,
METAR WALS 170600Z 24005KT 140V290 9999 SCT025 35/23 Q1010 NOSIG,WALS,2026-08-17 06:00:00,0,240.0,5.0,,10000.0,,SCT,2500.0,,,,,,,,0,35.0,23.0,1010.0,0,0,,,0.0,0.0,10000.0,6.0,,,0.0,0.0,10000.0,6.0,,,0.0,0.0,10000.0,3.0,,1700.0,0.0,0.0,3900.0,1.0,,6000.0,0.0,0.0,10000.0,7.0,,
METAR WALS 170630Z 21005KT 140V250 9999 SCT025 35/23 Q1010 NOSIG,WALS,2026-08-17 06:30:00,0,210.0,5.0,,10000.0,,SCT,2500.0,,,,,,,,0,35.0,23.0,1010.0,0,0,,,0.0,0.0,10000.0,6.0,,,0.0,0.0,10000.0,4.0,,,0.0,0.0,10000.0,1.0,,1600.0,0.0,0.0,2600.0,2.0,,5500.0,0.0,0.0,10000.0,7.0,,
METAR WALS 170700Z 20006KT 150V250 9999 SCT025 34/25 Q1009 NOSIG,WALS,2026-08-17 07:00:00,0,200.0,6.0,,10000.0,,SCT,2500.0,,,,,,,,0,34.0,25.0,1009.0,0,0,,,0.0,0.0,10000.0,7.0,,,0.0,0.0,10000.0,4.0,,,0.0,0.0,10000.0,2.0,,1400.0,0.0,0.0,2100.0,1.0,,1800.0,0.0,0.0,10000.0,9.0,,
METAR WALS 170730Z 21006KT 160V250 9999 FEW025 35/25 Q1009 NOSIG,WALS,2026-08-17 07:30:00,0,210.0,6.0,,10000.0,,FEW,2500.0,,,,,,,,0,35.0,25.0,1009.0,0,0,,,0.0,0.0,10000.0,8.0,,,0.0,0.0,10000.0,3.0,,5000.0,0.0,0.0,10000.0,2.0,,1300.0,0.0,0.0,4900.0,0.0,,6000.0,0.0,0.0,10000.0,10.0,,
METAR WALS 170800Z 22007KT 9999 FEW025 34/25 Q1009 NOSIG,WALS,2026-08-17 08:00:00,0,220.0,7.0,,10000.0,,FEW,2500.0,,,,,,,,0,34.0,25.0,1009.0,0,0,,,0.0,0.0,10000.0,6.0,,,0.0,0.0,10000.0,2.0,,3600.0,0.0,0.0,10000.0,2.0,,1300.0,0.0,0.0,7000.0,0.0,,4200.0,0.0,0.0,10000.0,8.0,,
METAR WALS 170830Z 17008KT 140V240 9999 FEW025 33/25 Q1009 NOSIG,WALS,2026-08-17 08:30:00,0,170.0,8.0,,10000.0,,FEW,2500.0,,,,,,,,0,33.0,25.0,1009.0,0,0,,,0.0,0.0,10000.0,4.0,,,0.0,0.0,10000.0,2.0,,3700.0,0.0,0.0,10000.0,2.0,,1300.0,0.0,0.0,6000.0,1.0,,2400.0,0.0,0.0,10000.0,7.0,,
METAR WALS 170900Z 18006KT 150V220 9999 FEW025 31/24 Q1009 NOSIG,WALS,2026-08-17 09:00:00,0,180.0,6.0,,10000.0,,FEW,2500.0,,,,,,,,0,31.0,24.0,1009.0,0,0,,,0.0,0.0,10000.0,4.0,,,0.0,0.0,10000.0,3.0,,1700.0,0.0,0.0,10000.0,2.0,,1300.0,0.0,0.0,5000.0,0.0,,5500.0,0.0,0.0,10000.0,7.0,,
METAR WALS 170930Z 19004KT 130V240 9999 FEW020 30/24 Q1009 NOSIG,WALS,2026-08-17 09:30:00,0,190.0,4.0,,10000.0,,FEW,2000.0,,,,,,,,0,30.0,24.0,1009.0,0,0,,,0.0,0.0,10000.0,3.0,,5000.0,0.0,0.0,10000.0,1.0,,1600.0,0.0,0.0,10000.0,3.0,,1400.0,0.0,0.0,6000.0,0.0,,5500.0,0.0,0.0,10000.0,7.0,,
METAR WALS 171000Z 21004KT 180V260 9999 FEW025 29/23 Q1010 NOSIG,WALS,2026-08-17 10:00:00,0,210.0,4.0,,10000.0,,FEW,2500.0,,,,,,,,0,29.0,23.0,1010.0,0,0,,,0.0,0.0,10000.0,2.0,,3600.0,0.0,0.0,10000.0,2.0,,1400.0,0.0,0.0,10000.0,3.0,,1800.0,0.0,0.0,5000.0,1.0,,5000.0,0.0,0.0,10000.0,6.0,,
METAR WALS 171030Z AUTO 19003KT 150V240 9999 OVC050 28/23 Q1011 NOSIG,WALS,2026-08-17 10:30:00,1,190.0,3.0,,10000.0,,OVC,5000.0,,,,,,,,0,28.0,23.0,1011.0,0,0,,5000.0,0.0,0.0,10000.0,2.0,,3700.0,0.0,0.0,10000.0,2.0,,1300.0,0.0,0.0,7000.0,3.0,,6000.0,0.0,0.0,5000.0,1.0,,,0.0,0.0,10000.0,5.0,,
METAR WALS 171100Z AUTO VRB02KT 9999 BKN036 OVC043 27/24 Q1011,WALS,2026-08-17 11:00:00,1,,2.0,,10000.0,,BKN,3600.0,,OVC,4300.0,,,,,0,27.0,24.0,1011.0,0,0,,3600.0,0.0,0.0,10000.0,3.0,,1700.0,0.0,0.0,10000.0,2.0,,1300.0,0.0,0.0,5000.0,3.0,,6000.0,0.0,0.0,5000.0,3.0,,,0.0,0.0,10000.0,5.0,,4300.0
METAR WALS 171130Z AUTO VRB02KT 9999 FEW015 BKN037 OVC043 26/24 Q1011,WALS,2026-08-17 11:30:00,1,,2.0,,10000.0,,FEW,1500.0,,BKN,3700.0,,OVC,4300.0,,0,26.0,24.0,1011.0,0,0,,3700.0,0.0,0.0,10000.0,1.0,,1600.0,0.0,0.0,10000.0,2.0,,1300.0,0.0,0.0,6000.0,2.0,,6000.0,0.0,0.0,6000.0,3.0,,,0.0,0.0,10000.0,5.0,,4200.0
METAR WALS 171200Z AUTO 23003KT 9999 OVC017 26/24 Q1012,WALS,2026-08-17 12:00:00,1,230.0,3.0,,10000.0,,OVC,1700.0,,,,,,,,0,26.0,24.0,1012.0,0,0,,1700.0,0.0,0.0,10000.0,2.0,,1400.0,0.0,0.0,10000.0,2.0,,1300.0,0.0,0.0,3900.0,1.0,,6000.0,0.0,0.0,10000.0,3.0,,,0.0,0.0,10000.0,4.0,,4100.0
METAR WALS 171230Z AUTO VRB01KT 9999 OVC016 26/24 Q1012,WALS,2026-08-17 12:30:00,1,,1.0,,10000.0,,OVC,1600.0,,,,,,,,0,26.0,24.0,1012.0,0,0,,1600.0,0.0,0.0,10000.0,2.0,,1300.0,0.0,0.0,10000.0,3.0,,1400.0,0.0,0.0,2600.0,2.0,,5500.0,0.0,0.0,10000.0,5.0,,,0.0,0.0,10000.0,3.0,,4100.0
METAR WALS 171300Z AUTO 26002KT 9999 OVC014 26/24 Q1012,WALS,2026-08-17 13:00:00,1,260.0,2.0,,10000.0,,OVC,1400.0,,,,,,,,0,26.0,24.0,1012.0,0,0,,1400.0,0.0,0.0,10000.0,2.0,,1300.0,0.0,0.0,10000.0,3.0,,1800.0,0.0,0.0,2100.0,1.0,,1800.0,0.0,0.0,10000.0,5.0,,,0.0,0.0,10000.0,2.0,,
METAR WALS 171330Z AUTO 28002KT 9999 OVC013 26/24 Q1012,WALS,2026-08-17 13:30:00,1,280.0,2.0,,10000.0,,OVC,1300.0,,,,,,,,0,26.0,24.0,1012.0,0,0,,1300.0,0.0,0.0,10000.0,2.0,,1300.0,0.0,0.0,7000.0,3.0,,6000.0,0.0,0.0,4900.0,0.0,,6000.0,0.0,0.0,10000.0,7.0,,,0.0,0.0,10000.0,2.0,,
METAR WALS 171400Z AUTO 23002KT 9999 OVC013 25/24 Q1012,WALS,2026-08-17 14:00:00,1,230.0,2.0,,10000.0,,OVC,1300.0,,,,,,,,0,25.0,24.0,1012.0,0,0,,1300.0,0.0,0.0,10000.0,2.0,,1300.0,0.0,0.0,5000.0,3.0,,6000.0,0.0,0.0,7000.0,0.0,,4200.0,0.0,0.0,10000.0,7.0,,,0.0,0.0,10000.0,1.0,,
METAR WALS 171430Z AUTO 22002KT 9999 OVC013 25/24 Q1013,WALS,2026-08-17 14:30:00,1,220.0,2.0,,10000.0,,OVC,1300.0,,,,,,,,0,25.0,24.0,1013.0,0,0,,1300.0,0.0,0.0,10000.0,3.0,,1400.0,0.0,0.0,6000.0,2.0,,6000.0,0.0,0.0,6000.0,1.0,,2400.0,0.0,0.0,10000.0,6.0,,,0.0,0.0,10000.0,1.0,,
METAR WALS 171500Z AUTO VRB02KT 9999 BKN013 OVC017 26/24 Q1013,WALS,2026-08-17 15:00:00,1,,2.0,,10000.0,,BKN,1300.0,,OVC,1700.0,,,,,0,26.0,24.0,1013.0,0,0,,1300.0,0.0,0.0,10000.0,3.0,,1800.0,0.0,0.0,3900.0,1.0,,6000.0,0.0,0.0,5000.0,0.0,,5500.0,0.0,0.0,10000.0,5.0,,,0.0,0.0,10000.0,2.0,,
METAR WALS 171530Z AUTO 24003KT 200V270 9999 OVC014 25/24 Q1013,WALS,2026-08-17 15:30:00,1,240.0,3.0,,10000.0,,OVC,1400.0,,,,,,,,0,25.0,24.0,1013.0,0,0,,1400.0,0.0,0.0,7000.0,3.0,,6000.0,0.0,0.0,2600.0,2.0,,5500.0,0.0,0.0,6000.0,0.0,,5500.0,0.0,0.0,10000.0,5.0,,,0.0,0.0,9000.0,2.0,,
METAR WALS 171600Z AUTO 25003KT 9999 FEW013 BKN018 OVC055 25/24 Q1013,WALS,2026-08-17 16:00:00,1,250.0,3.0,,10000.0,,FEW,1300.0,,BKN,1800.0,,OVC,5500.0,,0,25.0,24.0,1013.0,0,0,,1800.0,0.0,0.0,5000.0,3.0,,6000.0,0.0,0.0,2100.0,1.0,,1800.0,0.0,0.0,5000.0,1.0,,5000.0,0.0,0.0,10000.0,6.0,,,0.0,0.0,7000.0,1.0,,
METAR WALS 171630Z AUTO 25003KT 7000 OVC060 25/24 Q1013,WALS,2026-08-17 16:30:00,1,250.0,3.0,,7000.0,,OVC,6000.0,,,,,,,,0,25.0,24.0,1013.0,0,0,,6000.0,0.0,0.0,6000.0,2.0,,6000.0,0.0,0.0,4900.0,0.0,,6000.0,0.0,0.0,5000.0,1.0,,,0.0,0.0,10000.0,7.0,,,0.0,0.0,6000.0,1.0,,
METAR WALS 171700Z AUTO 28003KT 250V310 5000 OVC060 25/24 Q1013,WALS,2026-08-17 17:00:00,1,280.0,3.0,,5000.0,,OVC,6000.0,,,,,,,,0,25.0,24.0,1013.0,0,0,,6000.0,0.0,0.0,3900.0,1.0,,6000.0,0.0,0.0,7000.0,0.0,,4200.0,0.0,0.0,5000.0,3.0,,,0.0,0.0,10000.0,5.0,,,0.0,0.0,6000.0,0.0,,
METAR WALS 171730Z AUTO 25002KT 6000 OVC060 24/24 Q1012,WALS,2026-08-17 17:30:00,1,250.0,2.0,,6000.0,,OVC,6000.0,,,,,,,,0,24.0,24.0,1012.0,0,0,,6000.0,0.0,0.0,2600.0,2.0,,5500.0,0.0,0.0,6000.0,1.0,,2400.0,0.0,0.0,6000.0,3.0,,,0.0,0.0,10000.0,8.0,,,0.0,0.0,1900.0,1.0,,
METAR WALS 171800Z AUTO VRB01KT 3900 BR OVC060 24/24 Q1012,WALS,2026-08-17 18:00:00,1,,1.0,,3900.0,"('', None, '', 'BR', None)",OVC,6000.0,,,,,,,,0,24.0,24.0,1012.0,0,0,,6000.0,0.0,0.0,2100.0,1.0,,1800.0,0.0,0.0,5000.0,0.0,,5500.0,0.0,0.0,10000.0,3.0,,,0.0,0.0,10000.0,7.0,,,0.0,0.0,500.0,2.0,,2000.0
METAR WALS 171830Z AUTO VRB02KT 2600 BR FEW003 SCT021 OVC055 24/24 Q1012,WALS,2026-08-17 18:30:00,1,,2.0,,2600.0,"('', None, '', 'BR', None)",FEW,300.0,,SCT,2100.0,,OVC,5500.0,,0,24.0,24.0,1012.0,0,0,,5500.0,0.0,0.0,4900.0,0.0,,6000.0,0.0,0.0,6000.0,0.0,,5500.0,0.0,0.0,10000.0,5.0,,,0.0,0.0,10000.0,7.0,,,0.0,0.0,1200.0,1.0,,
METAR WALS 171900Z AUTO VRB01KT 2100 BR BKN018 OVC055 24/24 Q1012,WALS,2026-08-17 19:00:00,1,,1.0,,2100.0,"('', None, '', 'BR', None)",BKN,1800.0,,OVC,5500.0,,,,,0,24.0,24.0,1012.0,0,0,,1800.0,0.0,0.0,7000.0,0.0,,4200.0,0.0,0.0,5000.0,1.0,,5000.0,0.0,0.0,10000.0,5.0,,,0.0,0.0,10000.0,9.0,,,0.0,0.0,250.0,2.0,,100.0
METAR WALS 171930Z AUTO 00000KT 4900 BR OVC060 24/24 Q1012,WALS,2026-08-17 19:30:00,1,0.0,0.0,,4900.0,"('', None, '', 'BR', None)",OVC,6000.0,,,,,,,,0,24.0,24.0,1012.0,0,0,,6000.0,0.0,0.0,6000.0,1.0,,2400.0,0.0,0.0,5000.0,1.0,,,0.0,0.0,10000.0,7.0,,,0.0,0.0,10000.0,10.0,,,0.0,0.0,300.0,3.0,,100.0
METAR WALS 172000Z AUTO 00000KT 7000 SCT022 BKN042 OVC065 24/24 Q1012,WALS,2026-08-17 20:00:00,1,0.0,0.0,,7000.0,,SCT,2200.0,,BKN,4200.0,,OVC,6500.0,,0,24.0,24.0,1012.0,0,0,,4200.0,0.0,0.0,5000.0,0.0,,5500.0,0.0,0.0,5000.0,3.0,,,0.0,0.0,10000.0,7.0,,,0.0,0.0,10000.0,8.0,,,0.0,0.0,300.0,1.0,,100.0
METAR WALS 172030Z AUTO VRB01KT 6000 FEW019 BKN024 OVC055 24/23 Q1012,WALS,2026-08-17 20:30:00,1,,1.0,,6000.0,,FEW,1900.0,,BKN,2400.0,,OVC,5500.0,,0,24.0,23.0,1012.0,0,0,,2400.0,0.0,0.0,6000.0,0.0,,5500.0,0.0,0.0,6000.0,3.0,,,0.0,0.0,10000.0,6.0,,,0.0,0.0,10000.0,7.0,,,0.0,0.0,700.0,1.0,,100.0
METAR WALS 172100Z AUTO 00000KT 5000 FEW018 SCT024 OVC055 24/24 Q1012,WALS,2026-08-17 21:00:00,1,0.0,0.0,,5000.0,,FEW,1800.0,,SCT,2400.0,,OVC,5500.0,,0,24.0,24.0,1012.0,0,0,,5500.0,0.0,0.0,5000.0,1.0,,5000.0,0.0,0.0,10000.0,3.0,,,0.0,0.0,10000.0,5.0,,,0.0,0.0,10000.0,7.0,,,0.0,0.0,400.0,2.0,,
METAR WALS 172130Z AUTO 00000KT 6000 FEW021 OVC055 24/23 Q1012,WALS,2026-08-17 21:30:00,1,0.0,0.0,,6000.0,,FEW,2100.0,,OVC,5500.0,,,,,0,24.0,23.0,1012.0,0,0,,5500.0,0.0,0.0,5000.0,1.0,,,0.0,0.0,10000.0,5.0,,,0.0,0.0,10000.0,5.0,,,0.0,0.0,10000.0,7.0,,,0.0,0.0,2400.0,1.0,,
METAR WALS 172200Z AUTO VRB01KT 5000 FEW020 OVC050 23/23 Q1012,WALS,2026-08-17 22:00:00,1,,1.0,,5000.0,,FEW,2000.0,,OVC,5000.0,,,,,0,23.0,23.0,1012.0,0,0,,5000.0,0.0,0.0,5000.0,3.0,,,0.0,0.0,10000.0,5.0,,,0.0,0.0,10000.0,6.0,,,0.0,0.0,10000.0,6.0,,,0.0,0.0,250.0,2.0,,200.0
METAR WALS 172230Z 24001KT 5000 FEW020 24/23 Q1012 NOSIG,WALS,2026-08-17 22:30:00,0,240.0,1.0,,5000.0,,FEW,2000.0,,,,,,,,0,24.0,23.0,1012.0,0,0,,,0.0,0.0,6000.0,3.0,,,0.0,0.0,10000.0,7.0,,,0.0,0.0,10000.0,7.0,,,0.0,0.0,10000.0,5.0,,,0.0,0.0,500.0,2.0,,
METAR WALS 172300Z 25003KT 5000 FEW020 24/23 Q1013 NOSIG,WALS,2026-08-17 23:00:00,0,250.0,3.0,,5000.0,,FEW,2000.0,,,,,,,,0,24.0,23.0,1013.0,0,0,,,0.0,0.0,10000.0,3.0,,,0.0,0.0,10000.0,7.0,,,0.0,0.0,10000.0,5.0,,,0.0,0.0,10000.0,5.0,,4300.0,0.0,0.0,150.0,1.0,,
METAR WALS 172330Z 25003KT 200V270 6000 FEW015 26/24 Q1013 NOSIG,WALS,2026-08-17 23:30:00,0,250.0,3.0,,6000.0,,FEW,1500.0,,,,,,,,0,26.0,24.0,1013.0,0,0,,,0.0,0.0,10000.0,5.0,,,0.0,0.0,10000.0,6.0,,,0.0,0.0,10000.0,8.0,,,0.0,0.0,10000.0,5.0,,4200.0,0.0,0.0,300.0,1.0,,200.0
METAR WALS 180000Z 26003KT 220V300 9999 FEW018 26/25 Q1014 NOSIG,WALS,2026-08-18 00:00:00,0,260.0,3.0,,10000.0,,FEW,1800.0,,,,,,,,0,26.0,25.0,1014.0,0,0,,,0.0,0.0,10000.0,5.0,,,0.0,0.0,10000.0,5.0,,,0.0,0.0,10000.0,7.0,,,0.0,0.0,10000.0,4.0,,4100.0,0.0,0.0,5000.0,0.0,,
METAR WALS 180030Z 26005KT 9999 FEW020 27/25 Q1014 NOSIG,WALS,2026-08-18 00:30:00,0,260.0,5.0,,10000.0,,FEW,2000.0,,,,,,,,0,27.0,25.0,1014.0,0,0,,,0.0,0.0,10000.0,7.0,,,0.0,0.0,10000.0,5.0,,,0.0,0.0,10000.0,7.0,,,0.0,0.0,10000.0,3.0,,4100.0,0.0,0.0,9000.0,2.0,,
METAR WALS 180130Z 26007KT 230V300 9999 SCT018 30/24 Q1013 NOSIG,WALS,2026-08-18 01:30:00,0,260.0,7.0,,10000.0,,SCT,1800.0,,,,,,,,0,30.0,24.0,1013.0,0,0,,,0.0,0.0,10000.0,6.0,,,0.0,0.0,10000.0,7.0,,,0.0,0.0,10000.0,10.0,,,0.0,0.0,10000.0,2.0,,,0.0,0.0,10000.0,7.0,,
METAR WALS 180200Z 21007KT 160V250 9999 SCT020 31/24 Q1013 NOSIG,WALS,2026-08-18 02:00:00,0,210.0,7.0,,10000.0,,SCT,2000.0,,,,,,,,0,31.0,24.0,1013.0,0,0,,,0.0,0.0,10000.0,5.0,,,0.0,0.0,10000.0,5.0,,,0.0,0.0,10000.0,8.0,,,0.0,0.0,10000.0,1.0,,,0.0,0.0,10000.0,5.0,,
METAR WALS 180230Z 22006KT 180V250 9999 FEW020 31/24 Q1013 NOSIG,WALS,2026-08-18 02:30:00,0,220.0,6.0,,10000.0,,FEW,2000.0,,,,,,,,0,31.0,24.0,1013.0,0,0,,,0.0,0.0,10000.0,5.0,,,0.0,0.0,10000.0,8.0,,,0.0,0.0,10000.0,7.0,,,0.0,0.0,10000.0,1.0,,,0.0,0.0,10000.0,3.0,,
METAR WALS 180300Z 29005KT 240V350 9999 FEW020 32/23 Q1013 NOSIG,WALS,2026-08-18 03:00:00,0,290.0,5.0,,10000.0,,FEW,2000.0,,,,,,,,0,32.0,23.0,1013.0,0,0,,,0.0,0.0,10000.0,6.0,,,0.0,0.0,10000.0,7.0,,,0.0,0.0,10000.0,7.0,,,0.0,0.0,10000.0,2.0,,,0.0,0.0,10000.0,5.0,,
METAR WALS 180330Z VRB05KT 9999 FEW019 33/22 Q1012 NOSIG,WALS,2026-08-18 03:30:00,0,,5.0,,10000.0,,FEW,1900.0,,,,,,,,0,33.0,22.0,1012.0,0,0,,,0.0,0.0,10000.0,7.0,,,0.0,0.0,10000.0,7.0,,,0.0,0.0,10000.0,7.0,,,0.0,0.0,9000.0,2.0,,,0.0,0.0,10000.0,4.0,,
METAR WALS 180400Z 22006KT 160V280 9999 FEW020 33/23 Q1012 NOSIG,WALS,2026-08-18 04:00:00,0,220.0,6.0,,10000.0,,FEW,2000.0,,,,,,,,0,33.0,23.0,1012.0,0,0,,,0.0,0.0,10000.0,5.0,,,0.0,0.0,10000.0,9.0,,,0.0,0.0,10000.0,6.0,,,0.0,0.0,7000.0,1.0,,,0.0,0.0,10000.0,3.0,,
METAR WALS 180430Z 22007KT 180V270 9999 SCT020 34/22 Q1011 NOSIG,WALS,2026-08-18 04:30:00,0,220.0,7.0,,10000.0,,SCT,2000.0,,,,,,,,0,34.0,22.0,1011.0,0,0,,,0.0,0.0,10000.0,8.0,,,0.0,0.0,10000.0,10.0,,,0.0,0.0,10000.0,5.0,,,0.0,0.0,6000.0,1.0,,,0.0,0.0,10000.0,3.0,,
METAR WALS 180500Z 24005KT 210V310 9999 SCT020 34/23 Q1011 NOSIG,WALS,2026-08-18 05:00:00,0,240.0,5.0,,10000.0,,SCT,2000.0,,,,,,,,0,34.0,23.0,1011.0,0,0,,,0.0,0.0,10000.0,7.0,,,0.0,0.0,10000.0,8.0,,,0.0,0.0,10000.0,5.0,,4300.0,0.0,0.0,6000.0,0.0,,,0.0,0.0,10000.0,5.0,,
METAR WALS 180530Z 18008KT 090V220 9999 FEW020 34/24 Q1010 NOSIG,WALS,2026-08-18 05:30:00,0,180.0,8.0,,10000.0,,FEW,2000.0,,,,,,,,0,34.0,24.0,1010.0,0,0,,,0.0,0.0,10000.0,7.0,,,0.0,0.0,10000.0,7.0,,,0.0,0.0,10000.0,5.0,,4200.0,0.0,0.0,1900.0,1.0,,,0.0,0.0,10000.0,4.0,,
METAR WALS 180600Z 19007KT 140V250 9999 FEW020 34/24 Q1009 NOSIG,WALS,2026-08-18 06:00:00,0,190.0,7.0,,10000.0,,FEW,2000.0,,,,,,,,0,34.0,24.0,1009.0,0,0,,,0.0,0.0,10000.0,9.0,,,0.0,0.0,10000.0,7.0,,,0.0,0.0,10000.0,4.0,,4100.0,0.0,0.0,500.0,2.0,,2000.0,0.0,0.0,10000.0,4.0,,
METAR WALS 180630Z 20007KT 160V230 9999 FEW020 34/24 Q1009 NOSIG,WALS,2026-08-18 06:30:00,0,200.0,7.0,,10000.0,,FEW,2000.0,,,,,,,,0,34.0,24.0,1009.0,0,0,,,0.0,0.0,10000.0,10.0,,,0.0,0.0,10000.0,7.0,,,0.0,0.0,10000.0,3.0,,4100.0,0.0,0.0,1200.0,1.0,,,0.0,0.0,10000.0,4.0,,
METAR WALS 180700Z 18009KT 130V230 9999 FEW020 33/24 Q1009 NOSIG,WALS,2026-08-18 07:00:00,0,180.0,9.0,,10000.0,,FEW,2000.0,,,,,,,,0,33.0,24.0,1009.0,0,0,,,0.0,0.0,10000.0,8.0,,,0.0,0.0,10000.0,6.0,,,0.0,0.0,10000.0,2.0,,,0.0,0.0,250.0,2.0,,100.0,0.0,0.0,10000.0,4.0,,
METAR WALS 180730Z 19010KT 150V230 9999 FEW020 32/23 Q1008 NOSIG,WALS,2026-08-18 07:30:00,0,190.0,10.0,,10000.0,,FEW,2000.0,,,,,,,,0,32.0,23.0,1008.0,0,0,,,0.0,0.0,10000.0,7.0,,,0.0,0.0,10000.0,5.0,,,0.0,0.0,10000.0,2.0,,,0.0,0.0,300.0,3.0,,100.0,0.0,0.0,10000.0,3.0,,
METAR WALS 180800Z 19008KT 150V230 9999 FEW020 32/23 Q1009 NOSIG,WALS,2026-08-18 08:00:00,0,190.0,8.0,,10000.0,,FEW,2000.0,,,,,,,,0,32.0,23.0,1009.0,0,0,,,0.0,0.0,10000.0,7.0,,,0.0,0.0,10000.0,5.0,,4300.0,0.0,0.0,10000.0,1.0,,,0.0,0.0,300.0,1.0,,100.0,0.0,0.0,10000.0,7.0,,
METAR WALS 180830Z 19007KT 150V240 9999 FEW020 32/23 Q1009 NOSIG,WALS,2026-08-18 08:30:00,0,190.0,7.0,,10000.0,,FEW,2000.0,,,,,,,,0,32.0,23.0,1009.0,0,0,,,0.0,0.0,10000.0,7.0,,,0.0,0.0,10000.0,5.0,,4200.0,0.0,0.0,10000.0,1.0,,,0.0,0.0,700.0,1.0,,100.0,0.0,0.0,10000.0,7.0,,
METAR WALS 180900Z 20007KT 140V250 CAVOK 31/22 Q1009 NOSIG,WALS,2026-08-18 09:00:00,0,200.0,7.0,,10000.0,,,,,,,,,,,0,31.0,22.0,1009.0,0,0,,,0.0,0.0,10000.0,6.0,,,0.0,0.0,10000.0,4.0,,4100.0,0.0,0.0,10000.0,2.0,,,0.0,0.0,400.0,2.0,,,0.0,0.0,10000.0,6.0,,
METAR WALS 180930Z 20007KT 160V230 CAVOK 31/22 Q1009 NOSIG,WALS,2026-08-18 09:30:00,0,200.0,7.0,,10000.0,,,,,,,,,,,0,31.0,22.0,1009.0,0,0,,,0.0,0.0,10000.0,5.0,,,0.0,0.0,10000.0,3.0,,4100.0,0.0,0.0,9000.0,2.0,,,0.0,0.0,2400.0,1.0,,,0.0,0.0,10000.0,6.0,,
METAR WALS 181000Z 21006KT 160V240 CAVOK 29/22 Q1009 NOSIG,WALS,2026-08-18 10:00:00,0,210.0,6.0,,10000.0,,,,,,,,,,,0,29.0,22.0,1009.0,0,0,,,0.0,0.0,10000.0,5.0,,4300.0,0.0,0.0,10000.0,2.0,,,0.0,0.0,7000.0,1.0,,,0.0,0.0,250.0,2.0,,200.0,0.0,0.0,10000.0,4.0,,
METAR WALS 181030Z 21005KT CAVOK 28/22 Q1010 NOSIG,WALS,2026-08-18 10:30:00,0,210.0,5.0,,10000.0,,,,,,,,,,,0,28.0,22.0,1010.0,0,0,,,0.0,0.0,10000.0,5.0,,4200.0,0.0,0.0,10000.0,2.0,,,0.0,0.0,6000.0,1.0,,,0.0,0.0,500.0,2.0,,,0.0,0.0,10000.0,3.0,,
METAR WALS 181100Z AUTO 21005KT 9999 SCT014 BKN043 27/22 Q1010 NOSIG,WALS,2026-08-18 11:00:00,1,210.0,5.0,,10000.0,,SCT,1400.0,,BKN,4300.0,,,,,0,27.0,22.0,1010.0,0,0,,4300.0,0.0,0.0,10000.0,4.0,,4100.0,0.0,0.0,10000.0,1.0,,,0.0,0.0,6000.0,0.0,,,0.0,0.0,150.0,1.0,,,0.0,0.0,10000.0,2.0,,3700.0
METAR WALS 181130Z AUTO 21005KT 180V240 9999 SCT013 OVC042 27/23 Q1010,WALS,2026-08-18 11:30:00,1,210.0,5.0,,10000.0,,SCT,1300.0,,OVC,4200.0,,,,,0,27.0,23.0,1010.0,0,0,,4200.0,0.0,0.0,10000.0,3.0,,4100.0,0.0,0.0,10000.0,1.0,,,0.0,0.0,1900.0,1.0,,,0.0,0.0,300.0,1.0,,200.0,0.0,0.0,10000.0,1.0,,300.0
METAR WALS 181200Z AUTO 20004KT 170V230 9999 SCT013 OVC041 26/23 Q1011,WALS,2026-08-18 12:00:00,1,200.0,4.0,,10000.0,,SCT,1300.0,,OVC,4100.0,,,,,0,26.0,23.0,1011.0,0,0,,4100.0,0.0,0.0,10000.0,2.0,,,0.0,0.0,10000.0,2.0,,,0.0,0.0,500.0,2.0,,2000.0,0.0,0.0,5000.0,0.0,,,0.0,0.0,10000.0,1.0,,1400.0
METAR WALS 181230Z AUTO 22003KT 9999 FEW013 FEW026 OVC041 26/23 Q1011,WALS,2026-08-18 12:30:00,1,220.0,3.0,,10000.0,,FEW,1300.0,,FEW,2600.0,,OVC,4100.0,,0,26.0,23.0,1011.0,0,0,,4100.0,0.0,0.0,10000.0,2.0,,,0.0,0.0,9000.0,2.0,,,0.0,0.0,1200.0,1.0,,,0.0,0.0,9000.0,2.0,,,0.0,0.0,10000.0,1.0,,300.0
METAR WALS 181300Z AUTO 25002KT 9999 FEW014 SCT021 SCT027 25/23 Q1011,WALS,2026-08-18 13:00:00,1,250.0,2.0,,10000.0,,FEW,1400.0,,SCT,2100.0,,SCT,2700.0,,0,25.0,23.0,1011.0,0,0,,,0.0,0.0,10000.0,1.0,,,0.0,0.0,7000.0,1.0,,,0.0,0.0,250.0,2.0,,100.0,0.0,0.0,9000.0,2.0,,,0.0,0.0,10000.0,1.0,,300.0
METAR WALS 181330Z AUTO 25002KT 9999 FEW014 25/23 Q1011,WALS,2026-08-18 13:30:00,1,250.0,2.0,,10000.0,,FEW,1400.0,,,,,,,,0,25.0,23.0,1011.0,0,0,,,0.0,0.0,10000.0,1.0,,,0.0,0.0,6000.0,1.0,,,0.0,0.0,300.0,3.0,,100.0,0.0,0.0,10000.0,7.0,,,0.0,0.0,10000.0,2.0,,300.0
METAR WALS 181400Z AUTO 22001KT 9999 NCD 23/23 Q1012,WALS,2026-08-18 14:00:00,1,220.0,1.0,,10000.0,,NCD,,,,,,,,,0,23.0,23.0,1012.0,0,0,,,0.0,0.0,10000.0,2.0,,,0.0,0.0,6000.0,0.0,,,0.0,0.0,300.0,1.0,,100.0,0.0,0.0,10000.0,5.0,,,0.0,0.0,10000.0,0.0,,3000.0
METAR WALS 181430Z AUTO 22001KT 9999 NCD 23/22 Q1012,WALS,2026-08-18 14:30:00,1,220.0,1.0,,10000.0,,NCD,,,,,,,,,0,23.0,22.0,1012.0,0,0,,,0.0,0.0,9000.0,2.0,,,0.0,0.0,1900.0,1.0,,,0.0,0.0,700.0,1.0,,100.0,0.0,0.0,10000.0,3.0,,,0.0,0.0,10000.0,1.0,,
METAR WALS 181500Z AUTO 19002KT 9999 NCD 22/22 Q1012,WALS,2026-08-18 15:00:00,1,190.0,2.0,,10000.0,,NCD,,,,,,,,,0,22.0,22.0,1012.0,0,0,,,0.0,0.0,7000.0,1.0,,,0.0,0.0,500.0,2.0,,2000.0,0.0,0.0,400.0,2.0,,,0.0,0.0,10000.0,5.0,,,0.0,0.0,8000.0,1.0,,
METAR WALS 181530Z AUTO 23002KT 9000 NCD 22/22 Q1011,WALS,2026-08-18 15:30:00,1,230.0,2.0,,9000.0,,NCD,,,,,,,,,0,22.0,22.0,1011.0,0,0,,,0.0,0.0,6000.0,1.0,,,0.0,0.0,1200.0,1.0,,,0.0,0.0,2400.0,1.0,,,0.0,0.0,10000.0,4.0,,,0.0,0.0,5000.0,1.0,,5500.0
METAR WALS 181600Z AUTO VRB01KT 7000 NCD 22/22 Q1011,WALS,2026-08-18 16:00:00,1,,1.0,,7000.0,,NCD,,,,,,,,,0,22.0,22.0,1011.0,0,0,,,0.0,0.0,6000.0,0.0,,,0.0,0.0,250.0,2.0,,100.0,0.0,0.0,250.0,2.0,,200.0,0.0,0.0,10000.0,3.0,,,0.0,0.0,7000.0,1.0,,5000.0
METAR WALS 181630Z AUTO VRB01KT 6000 NCD 22/21 Q1011,WALS,2026-08-18 16:30:00,1,,1.0,,6000.0,,NCD,,,,,,,,,0,22.0,21.0,1011.0,0,0,,,0.0,0.0,1900.0,1.0,,,0.0,0.0,300.0,3.0,,100.0,0.0,0.0,500.0,2.0,,,0.0,0.0,10000.0,3.0,,,0.0,0.0,4700.0,2.0,,3900.0
METAR WALS 181700Z AUTO 00000KT 6000 NCD 22/22 Q1011,WALS,2026-08-18 17:00:00,1,0.0,0.0,,6000.0,,NCD,,,,,,,,,0,22.0,22.0,1011.0,0,0,,,0.0,0.0,500.0,2.0,,2000.0,0.0,0.0,300.0,1.0,,100.0,0.0,0.0,150.0,1.0,,,0.0,0.0,10000.0,5.0,,,0.0,0.0,5000.0,1.0,,
METAR WALS 181730Z AUTO 05001KT 1900 BR NCD 22/21 Q1011,WALS,2026-08-18 17:30:00,1,50.0,1.0,,1900.0,"('', None, '', 'BR', None)",NCD,,,,,,,,,0,22.0,21.0,1011.0,0,0,,,0.0,0.0,1200.0,1.0,,,0.0,0.0,700.0,1.0,,100.0,0.0,0.0,300.0,1.0,,200.0,0.0,0.0,10000.0,4.0,,,0.0,0.0,2000.0,0.0,,3300.0
METAR WALS 181800Z AUTO 05002KT 0500 R04/P2000D R22/0700N FG BKN020 21/21 Q1011,WALS,2026-08-18 18:00:00,1,50.0,2.0,,500.0,"('', None, '', 'FG', None)",BKN,2000.0,,,,,,,,0,21.0,21.0,1011.0,0,0,,2000.0,0.0,0.0,250.0,2.0,,100.0,0.0,0.0,400.0,2.0,,,0.0,0.0,5000.0,0.0,,,0.0,0.0,10000.0,4.0,,,0.0,0.0,6000.0,2.0,,5500.0
METAR WALS 181830Z AUTO VRB01KT 1200 R04/P2000D R22/1400D BR VV002 21/21 Q1010,WALS,2026-08-18 18:30:00,1,,1.0,,1200.0,"('', None, '', 'BR', None)",VV,200.0,,,,,,,,0,21.0,21.0,1010.0,0,0,,,0.0,0.0,300.0,3.0,,100.0,0.0,0.0,2400.0,1.0,,,0.0,0.0,9000.0,2.0,,,0.0,0.0,10000.0,4.0,,,0.0,0.0,6000.0,3.0,,300.0
METAR WALS 181900Z AUTO 03002KT 0250 R04/0900D R22/0350N FG BKN001 20/20 Q1011,WALS,2026-08-18 19:00:00,1,30.0,2.0,,250.0,"('', None, '', 'FG', None)",BKN,100.0,,,,,,,,0,20.0,20.0,1011.0,0,0,,100.0,0.0,0.0,300.0,1.0,,100.0,0.0,0.0,250.0,2.0,,200.0,0.0,0.0,9000.0,2.0,,,0.0,0.0,10000.0,4.0,,,0.0,0.0,7000.0,4.0,,4900.0
METAR WALS 181930Z AUTO 05003KT 0300 R04/P2000U R22/0400N FG OVC001 20/20 Q1011,WALS,2026-08-18 19:30:00,1,50.0,3.0,,300.0,"('', None, '', 'FG', None)",OVC,100.0,,,,,,,,0,20.0,20.0,1011.0,0,0,,100.0,0.0,0.0,700.0,1.0,,100.0,0.0,0.0,500.0,2.0,,,0.0,0.0,10000.0,7.0,,,0.0,0.0,10000.0,3.0,,,0.0,0.0,6000.0,3.0,,300.0
METAR WALS 182000Z AUTO VRB01KT 0300 R04/0450N R22/0750U FG BKN001 20/20 Q1010,WALS,2026-08-18 20:00:00,1,,1.0,,300.0,"('', None, '', 'FG', None)",BKN,100.0,,,,,,,,0,20.0,20.0,1010.0,0,0,,100.0,0.0,0.0,400.0,2.0,,,0.0,0.0,150.0,1.0,,,0.0,0.0,10000.0,5.0,,,0.0,0.0,10000.0,7.0,,,0.0,0.0,6000.0,3.0,,200.0
METAR WALS 182030Z AUTO VRB01KT 0700 R04/1000U R22/1800U FG BKN001 20/20 Q1011,WALS,2026-08-18 20:30:00,1,,1.0,,700.0,"('', None, '', 'FG', None)",BKN,100.0,,,,,,,,0,20.0,20.0,1011.0,0,0,,100.0,0.0,0.0,2400.0,1.0,,,0.0,0.0,300.0,1.0,,200.0,0.0,0.0,10000.0,3.0,,,0.0,0.0,10000.0,7.0,,,0.0,0.0,250.0,2.0,,200.0
METAR WALS 182100Z AUTO VRB02KT 0400 R04/0650N R22/P2000D FG VV000 20/20 Q1011,WALS,2026-08-18 21:00:00,1,,2.0,,400.0,"('', None, '', 'FG', None)",VV,0.0,,,,,,,,0,20.0,20.0,1011.0,0,0,,,0.0,0.0,250.0,2.0,,200.0,0.0,0.0,5000.0,0.0,,,0.0,0.0,10000.0,5.0,,,0.0,0.0,10000.0,6.0,,,0.0,0.0,1000.0,0.0,,200.0
METAR WALS 182130Z AUTO VRB01KT 2400 BR FEW003 SCT023 20/20 Q1011,WALS,2026-08-18 21:30:00,1,,1.0,,2400.0,"('', None, '', 'BR', None)",FEW,300.0,,SCT,2300.0,,,,,0,20.0,20.0,1011.0,0,0,,,0.0,0.0,500.0,2.0,,,0.0,0.0,9000.0,2.0,,,0.0,0.0,10000.0,4.0,,,0.0,0.0,10000.0,6.0,,,0.0,0.0,250.0,1.0,,200.0
METAR WALS 182200Z AUTO VRB02KT 0250 R04/P2000D R22/0500D FG OVC002 19/19 Q1011,WALS,2026-08-18 22:00:00,1,,2.0,,250.0,"('', None, '', 'FG', None)",OVC,200.0,,,,,,,,0,19.0,19.0,1011.0,0,0,,200.0,0.0,0.0,150.0,1.0,,,0.0,0.0,9000.0,2.0,,,0.0,0.0,10000.0,3.0,,,0.0,0.0,10000.0,4.0,,,0.0,0.0,150.0,1.0,,200.0
METAR WALS 182230Z VRB02KT 0500 R04/0900 R22/0450 FG SCT002 19/19 Q1011 BECMG FM2330 5000,WALS,2026-08-18 22:30:00,0,,2.0,,500.0,"('', None, '', 'FG', None)",SCT,200.0,,,,,,,,0,19.0,19.0,1011.0,0,0,,,0.0,0.0,300.0,1.0,,200.0,0.0,0.0,10000.0,7.0,,,0.0,0.0,10000.0,3.0,,,0.0,0.0,10000.0,3.0,,,0.0,0.0,100.0,1.0,,
METAR WALS 182300Z VRB01KT 0150 R04/0375 R22/0325 FG SCT002 20/20 Q1011 BECMG FM0000 5000,WALS,2026-08-18 23:00:00,0,,1.0,,150.0,"('', None, '', 'FG', None)",SCT,200.0,,,,,,,,0,20.0,20.0,1011.0,0,0,,,0.0,0.0,5000.0,0.0,,,0.0,0.0,10000.0,5.0,,,0.0,0.0,10000.0,5.0,,,0.0,0.0,10000.0,2.0,,3700.0,0.0,0.0,100.0,2.0,,
METAR WALS 182330Z 17001KT 0300 R04/0150 R22/1700 FG OVC002 21/21 Q1012 BECMG TL0030 5000 NSW,WALS,2026-08-18 23:30:00,0,170.0,1.0,,300.0,"('', None, '', 'FG', None)",OVC,200.0,,,,,,,,0,21.0,21.0,1012.0,0,0,,200.0,0.0,0.0,9000.0,2.0,,,0.0,0.0,10000.0,3.0,,,0.0,0.0,10000.0,4.0,,,0.0,0.0,10000.0,1.0,,300.0,0.0,0.0,100.0,2.0,,
METAR WALS 190000Z 00000KT 5000 2000SW FEW002 24/23 Q1012 NOSIG,WALS,2026-08-19 00:00:00,0,0.0,0.0,,5000.0,,FEW,200.0,,,,,,,,0,24.0,23.0,1012.0,0,0,,,0.0,0.0,9000.0,2.0,,,0.0,0.0,10000.0,5.0,,,0.0,0.0,10000.0,4.0,,,0.0,0.0,10000.0,1.0,,1400.0,0.0,0.0,2500.0,2.0,,200.0
METAR WALS 190030Z VRB02KT 9000 NSC 25/23 Q1013 NOSIG,WALS,2026-08-19 00:30:00,0,,2.0,,9000.0,,NSC,,,,,,,,,0,25.0,23.0,1013.0,0,0,,,0.0,0.0,10000.0,7.0,,,0.0,0.0,10000.0,4.0,,,0.0,0.0,10000.0,4.0,,,0.0,0.0,10000.0,1.0,,300.0,0.0,0.0,5000.0,3.0,,
METAR WALS 190130Z 21007KT 170V250 9999 FEW018 29/23 Q1013 NOSIG,WALS,2026-08-19 01:30:00,0,210.0,7.0,,10000.0,,FEW,1800.0,,,,,,,,0,29.0,23.0,1013.0,0,0,,,0.0,0.0,10000.0,3.0,,,0.0,0.0,10000.0,3.0,,,0.0,0.0,10000.0,3.0,,,0.0,0.0,10000.0,2.0,,300.0,0.0,0.0,10000.0,6.0,,
METAR WALS 190200Z 23005KT 180V280 9999 FEW020 30/23 Q1012 NOSIG,WALS,2026-08-19 02:00:00,0,230.0,5.0,,10000.0,,FEW,2000.0,,,,,,,,0,30.0,23.0,1012.0,0,0,,,0.0,0.0,10000.0,5.0,,,0.0,0.0,10000.0,5.0,,,0.0,0.0,10000.0,7.0,,,0.0,0.0,10000.0,0.0,,3000.0,0.0,0.0,10000.0,6.0,,4200.0
METAR WALS 190230Z 20003KT 130V270 9999 FEW020 31/22 Q1012 NOSIG,WALS,2026-08-19 02:30:00,0,200.0,3.0,,10000.0,,FEW,2000.0,,,,,,,,0,31.0,22.0,1012.0,0,0,,,0.0,0.0,10000.0,4.0,,,0.0,0.0,10000.0,4.0,,,0.0,0.0,10000.0,7.0,,,0.0,0.0,10000.0,1.0,,,0.0,0.0,10000.0,5.0,,
METAR WALS 190300Z 24005KT 160V310 9999 FEW020 32/22 Q1012 NOSIG,WALS,2026-08-19 03:00:00,0,240.0,5.0,,10000.0,,FEW,2000.0,,,,,,,,0,32.0,22.0,1012.0,0,0,,,0.0,0.0,10000.0,3.0,,,0.0,0.0,10000.0,4.0,,,0.0,0.0,10000.0,6.0,,,0.0,0.0,8000.0,1.0,,,0.0,0.0,10000.0,6.0,,
METAR WALS 190330Z VRB04KT 9999 FEW020 33/22 Q1012 NOSIG,WALS,2026-08-19 03:30:00,0,,4.0,,10000.0,,FEW,2000.0,,,,,,,,0,33.0,22.0,1012.0,0,0,,,0.0,0.0,10000.0,3.0,,,0.0,0.0,10000.0,4.0,,,0.0,0.0,10000.0,6.0,,,0.0,0.0,5000.0,1.0,,5500.0,0.0,0.0,10000.0,7.0,,
METAR WALS 190400Z VRB03KT 9999 FEW022 33/22 Q1011 NOSIG,WALS,2026-08-19 04:00:00,0,,3.0,,10000.0,,FEW,2200.0,,,,,,,,0,33.0,22.0,1011.0,0,0,,,0.0,0.0,10000.0,5.0,,,0.0,0.0,10000.0,4.0,,,0.0,0.0,10000.0,4.0,,,0.0,0.0,7000.0,1.0,,5000.0,0.0,0.0,10000.0,6.0,,
METAR WALS 190500Z 29005KT 240V360 9999 SCT025 34/20 Q1010 NOSIG,WALS,2026-08-19 05:00:00,0,290.0,5.0,,10000.0,,SCT,2500.0,,,,,,,,0,34.0,20.0,1010.0,0,0,,,0.0,0.0,10000.0,4.0,,,0.0,0.0,10000.0,7.0,,,0.0,0.0,10000.0,2.0,,3700.0,0.0,0.0,5000.0,1.0,,,0.0,0.0,10000.0,4.0,,
METAR WALS 190530Z 25004KT 160V320 9999 SCT025 35/20 Q1010 NOSIG,WALS,2026-08-19 05:30:00,0,250.0,4.0,,10000.0,,SCT,2500.0,,,,,,,,0,35.0,20.0,1010.0,0,0,,,0.0,0.0,10000.0,4.0,,,0.0,0.0,10000.0,7.0,,,0.0,0.0,10000.0,1.0,,300.0,0.0,0.0,2000.0,0.0,,3300.0,0.0,0.0,10000.0,3.0,,
METAR WALS 190600Z VRB04KT 9999 SCT025 35/20 Q1009 NOSIG,WALS,2026-08-19 06:00:00,0,,4.0,,10000.0,,SCT,2500.0,,,,,,,,0,35.0,20.0,1009.0,0,0,,,0.0,0.0,10000.0,4.0,,,0.0,0.0,10000.0,6.0,,,0.0,0.0,10000.0,1.0,,1400.0,0.0,0.0,6000.0,2.0,,5500.0,0.0,0.0,10000.0,5.0,,
METAR WALS 190630Z 22004KT 160V270 9999 SCT025 34/21 Q1009 NOSIG,WALS,2026-08-19 06:30:00,0,220.0,4.0,,10000.0,,SCT,2500.0,,,,,,,,0,34.0,21.0,1009.0,0,0,,,0.0,0.0,10000.0,3.0,,,0.0,0.0,10000.0,6.0,,,0.0,0.0,10000.0,1.0,,300.0,0.0,0.0,6000.0,3.0,,300.0,0.0,0.0,10000.0,7.0,,
METAR WALS 190700Z 21004KT 160V240 9999 SCT025 34/21 Q1008 NOSIG,WALS,2026-08-19 07:00:00,0,210.0,4.0,,10000.0,,SCT,2500.0,,,,,,,,0,34.0,21.0,1008.0,0,0,,,0.0,0.0,10000.0,7.0,,,0.0,0.0,10000.0,4.0,,,0.0,0.0,10000.0,1.0,,300.0,0.0,0.0,7000.0,4.0,,4900.0,0.0,0.0,10000.0,7.0,,
METAR WALS 190730Z VRB03KT 9999 SCT025 36/20 Q1008 NOSIG,WALS,2026-08-19 07:30:00,0,,3.0,,10000.0,,SCT,2500.0,,,,,,,,0,36.0,20.0,1008.0,0,0,,,0.0,0.0,10000.0,7.0,,,0.0,0.0,10000.0,3.0,,,0.0,0.0,10000.0,2.0,,300.0,0.0,0.0,6000.0,3.0,,300.0,0.0,0.0,10000.0,7.0,,
METAR WALS 190800Z 13007KT 090V170 9999 SCT025 33/23 Q1008 NOSIG,WALS,2026-08-19 08:00:00,0,130.0,7.0,,10000.0,,SCT,2500.0,,,,,,,,0,33.0,23.0,1008.0,0,0,,,0.0,0.0,10000.0,6.0,,,0.0,0.0,10000.0,2.0,,3700.0,0.0,0.0,10000.0,0.0,,3000.0,0.0,0.0,6000.0,3.0,,200.0,0.0,0.0,10000.0,7.0,,
METAR WALS 190900Z 19006KT 150V250 9999 FEW025 32/23 Q1009 NOSIG,WALS,2026-08-19 09:00:00,0,190.0,6.0,,10000.0,,FEW,2500.0,,,,,,,,0,32.0,23.0,1009.0,0,0,,,0.0,0.0,10000.0,4.0,,,0.0,0.0,10000.0,1.0,,1400.0,0.0,0.0,8000.0,1.0,,,0.0,0.0,1000.0,0.0,,200.0,0.0,0.0,10000.0,8.0,,
METAR WALS 190930Z 19006KT 150V220 9999 FEW025 31/23 Q1009 NOSIG,WALS,2026-08-19 09:30:00,0,190.0,6.0,,10000.0,,FEW,2500.0,,,,,,,,0,31.0,23.0,1009.0,0,0,,,0.0,0.0,10000.0,3.0,,,0.0,0.0,10000.0,1.0,,300.0,0.0,0.0,5000.0,1.0,,5500.0,0.0,0.0,250.0,1.0,,200.0,0.0,0.0,10000.0,7.0,,
METAR WALS 191000Z AUTO 18004KT 130V220 9999 NCD 30/22 Q1009,WALS,2026-08-19 10:00:00,1,180.0,4.0,,10000.0,,NCD,,,,,,,,,0,30.0,22.0,1009.0,0,0,,,0.0,0.0,10000.0,2.0,,3700.0,0.0,0.0,10000.0,1.0,,300.0,0.0,0.0,7000.0,1.0,,5000.0,0.0,0.0,150.0,1.0,,200.0,0.0,0.0,10000.0,6.0,,
METAR WALS 191030Z AUTO 16003KT 140V200 9999 NCD 28/22 Q1009,WALS,2026-08-19 10:30:00,1,160.0,3.0,,10000.0,,NCD,,,,,,,,,0,28.0,22.0,1009.0,0,0,,,0.0,0.0,10000.0,1.0,,300.0,0.0,0.0,10000.0,2.0,,300.0,0.0,0.0,4700.0,2.0,,3900.0,0.0,0.0,100.0,1.0,,,0.0,0.0,10000.0,6.0,,
METAR WALS 191100Z AUTO 18002KT 9999 BKN037 OVC044 27/22 Q1010,WALS,2026-08-19 11:00:00,1,180.0,2.0,,10000.0,,BKN,3700.0,,OVC,4400.0,,,,,0,27.0,22.0,1010.0,0,0,,3700.0,0.0,0.0,10000.0,1.0,,1400.0,0.0,0.0,10000.0,0.0,,3000.0,0.0,0.0,5000.0,1.0,,,0.0,0.0,100.0,2.0,,,0.0,0.0,10000.0,4.0,,
METAR WALS 191130Z AUTO VRB01KT 9999 BKN003 OVC037 27/22 Q1010,WALS,2026-08-19 11:30:00,1,,1.0,,10000.0,,BKN,300.0,,OVC,3700.0,,,,,0,27.0,22.0,1010.0,0,0,,300.0,0.0,0.0,10000.0,1.0,,300.0,0.0,0.0,10000.0,1.0,,,0.0,0.0,2000.0,0.0,,3300.0,0.0,0.0,100.0,2.0,,,0.0,0.0,10000.0,1.0,,4400.0
METAR WALS 191200Z AUTO VRB01KT 9999 SCT003 BKN014 OVC032 25/22 Q1011,WALS,2026-08-19 12:00:00,1,,1.0,,10000.0,,SCT,300.0,,BKN,1400.0,,OVC,3200.0,,0,25.0,22.0,1011.0,0,0,,1400.0,0.0,0.0,10000.0,1.0,,300.0,0.0,0.0,8000.0,1.0,,,0.0,0.0,6000.0,2.0,,5500.0,0.0,0.0,2500.0,2.0,,200.0,0.0,0.0,10000.0,2.0,,4500.0
METAR WALS 191230Z AUTO VRB01KT 9999 BKN003 OVC013 24/23 Q1011,WALS,2026-08-19 12:30:00,1,,1.0,,10000.0,,BKN,300.0,,OVC,1300.0,,,,,0,24.0,23.0,1011.0,0,0,,300.0,0.0,0.0,10000.0,2.0,,300.0,0.0,0.0,5000.0,1.0,,5500.0,0.0,0.0,6000.0,3.0,,300.0,0.0,0.0,5000.0,3.0,,,0.0,0.0,10000.0,2.0,,4400.0
METAR WALS 191300Z AUTO VRB01KT 9999 OVC003 24/23 Q1012,WALS,2026-08-19 13:00:00,1,,1.0,,10000.0,,OVC,300.0,,,,,,,,0,24.0,23.0,1012.0,0,0,,300.0,0.0,0.0,10000.0,0.0,,3000.0,0.0,0.0,7000.0,1.0,,5000.0,0.0,0.0,7000.0,4.0,,4900.0,0.0,0.0,5000.0,3.0,,,0.0,0.0,10000.0,2.0,,1900.0
METAR WALS 191330Z AUTO VRB02KT 9999 OVC003 24/22 Q1012,WALS,2026-08-19 13:30:00,1,,2.0,,10000.0,,OVC,300.0,,,,,,,,0,24.0,22.0,1012.0,0,0,,300.0,0.0,0.0,10000.0,1.0,,,0.0,0.0,4700.0,2.0,,3900.0,0.0,0.0,6000.0,3.0,,300.0,0.0,0.0,10000.0,6.0,,,0.0,0.0,10000.0,2.0,,3300.0
METAR WALS 191400Z AUTO 00000KT 9999 SCT003 BKN030 OVC048 23/22 Q1012,WALS,2026-08-19 14:00:00,1,0.0,0.0,,10000.0,,SCT,300.0,,BKN,3000.0,,OVC,4800.0,,0,23.0,22.0,1012.0,0,0,,3000.0,0.0,0.0,8000.0,1.0,,,0.0,0.0,5000.0,1.0,,,0.0,0.0,6000.0,3.0,,200.0,0.0,0.0,10000.0,6.0,,4200.0,0.0,0.0,10000.0,1.0,,3000.0
METAR WALS 191430Z AUTO VRB01KT 9999 SCT003 SCT027 SCT036 23/22 Q1013,WALS,2026-08-19 14:30:00,1,,1.0,,10000.0,,SCT,300.0,,SCT,2700.0,,SCT,3600.0,,0,23.0,22.0,1013.0,0,0,,,0.0,0.0,5000.0,1.0,,5500.0,0.0,0.0,2000.0,0.0,,3300.0,0.0,0.0,250.0,2.0,,200.0,0.0,0.0,10000.0,5.0,,,0.0,0.0,10000.0,2.0,,4100.0
METAR WALS 191500Z AUTO VRB01KT 8000 NCD 22/22 Q1013,WALS,2026-08-19 15:00:00,1,,1.0,,8000.0,,NCD,,,,,,,,,0,22.0,22.0,1013.0,0,0,,,0.0,0.0,7000.0,1.0,,5000.0,0.0,0.0,6000.0,2.0,,5500.0,0.0,0.0,1000.0,0.0,,200.0,0.0,0.0,10000.0,6.0,,,0.0,0.0,9000.0,2.0,,2200.0
METAR WALS 191530Z AUTO 23001KT 5000 FEW028 SCT033 BKN055 22/22 Q1013,WALS,2026-08-19 15:30:00,1,230.0,1.0,,5000.0,,FEW,2800.0,,SCT,3300.0,,BKN,5500.0,,0,22.0,22.0,1013.0,0,0,,5500.0,0.0,0.0,4700.0,2.0,,3900.0,0.0,0.0,6000.0,3.0,,300.0,0.0,0.0,250.0,1.0,,200.0,0.0,0.0,10000.0,7.0,,,0.0,0.0,8000.0,1.0,,5500.0
METAR WALS 191600Z AUTO 36001KT 7000 FEW034 SCT044 BKN050 22/22 Q1013,WALS,2026-08-19 16:00:00,1,360.0,1.0,,7000.0,,FEW,3400.0,,SCT,4400.0,,BKN,5000.0,,0,22.0,22.0,1013.0,0,0,,5000.0,0.0,0.0,5000.0,1.0,,,0.0,0.0,7000.0,4.0,,4900.0,0.0,0.0,150.0,1.0,,200.0,0.0,0.0,10000.0,6.0,,,0.0,0.0,6000.0,1.0,,5500.0
METAR WALS 191630Z AUTO 20002KT 4700 BR FEW032 BKN039 BKN044 22/21 Q1013,WALS,2026-08-19 16:30:00,1,200.0,2.0,,4700.0,"('', None, '', 'BR', None)",FEW,3200.0,,BKN,3900.0,,BKN,4400.0,,0,22.0,21.0,1013.0,0,0,,3900.0,0.0,0.0,2000.0,0.0,,3300.0,0.0,0.0,6000.0,3.0,,300.0,0.0,0.0,100.0,1.0,,,0.0,0.0,10000.0,6.0,,,0.0,0.0,3200.0,0.0,,3300.0
METAR WALS 191700Z AUTO VRB01KT 5000 NCD 22/21 Q1013,WALS,2026-08-19 17:00:00,1,,1.0,,5000.0,,NCD,,,,,,,,,0,22.0,21.0,1013.0,0,0,,,0.0,0.0,6000.0,2.0,,5500.0,0.0,0.0,6000.0,3.0,,200.0,0.0,0.0,100.0,2.0,,,0.0,0.0,10000.0,4.0,,,0.0,0.0,7000.0,1.0,,6000.0
METAR WALS 191730Z AUTO 00000KT 2000 BR BKN033 OVC042 21/21 Q1012,WALS,2026-08-19 17:30:00,1,0.0,0.0,,2000.0,"('', None, '', 'BR', None)",BKN,3300.0,,OVC,4200.0,,,,,0,21.0,21.0,1012.0,0,0,,3300.0,0.0,0.0,6000.0,3.0,,300.0,0.0,0.0,250.0,2.0,,200.0,0.0,0.0,100.0,2.0,,,0.0,0.0,10000.0,3.0,,,0.0,0.0,4100.0,0.0,,3100.0
METAR WALS 191800Z AUTO 28002KT 6000 SCT029 SCT035 BKN055 22/21 Q1012,WALS,2026-08-19 18:00:00,1,280.0,2.0,,6000.0,,SCT,2900.0,,SCT,3500.0,,BKN,5500.0,,0,22.0,21.0,1012.0,0,0,,5500.0,0.0,0.0,7000.0,4.0,,4900.0,0.0,0.0,1000.0,0.0,,200.0,0.0,0.0,2500.0,2.0,,200.0,0.0,0.0,10000.0,5.0,,,0.0,0.0,4300.0,1.0,,3700.0
METAR WALS 191830Z AUTO 06003KT 6000 BKN003 OVC034 21/21 Q1012,WALS,2026-08-19 18:30:00,1,60.0,3.0,,6000.0,,BKN,300.0,,OVC,3400.0,,,,,0,21.0,21.0,1012.0,0,0,,300.0,0.0,0.0,6000.0,3.0,,300.0,0.0,0.0,250.0,1.0,,200.0,0.0,0.0,5000.0,3.0,,,0.0,0.0,10000.0,7.0,,,0.0,0.0,5000.0,1.0,,3200.0
METAR WALS 191900Z AUTO 07004KT 7000 FEW003 SCT031 BKN049 22/21 Q1012,WALS,2026-08-19 19:00:00,1,70.0,4.0,,7000.0,,FEW,300.0,,SCT,3100.0,,BKN,4900.0,,0,22.0,21.0,1012.0,0,0,,4900.0,0.0,0.0,6000.0,3.0,,200.0,0.0,0.0,150.0,1.0,,200.0,0.0,0.0,5000.0,3.0,,,0.0,0.0,10000.0,7.0,,,0.0,0.0,7000.0,1.0,,3300.0
METAR WALS 191930Z AUTO 07003KT 6000 BKN003 BKN027 BKN037 22/21 Q1012,WALS,2026-08-19 19:30:00,1,70.0,3.0,,6000.0,,BKN,300.0,,BKN,2700.0,,BKN,3700.0,,0,22.0,21.0,1012.0,0,0,,300.0,0.0,0.0,250.0,2.0,,200.0,0.0,0.0,100.0,1.0,,,0.0,0.0,10000.0,6.0,,,0.0,0.0,10000.0,7.0,,,0.0,0.0,800.0,2.0,,3100.0
METAR WALS 192000Z AUTO 04003KT 360V060 6000 BKN002 BKN034 BKN043 21/21 Q1012,WALS,2026-08-19 20:00:00,1,40.0,3.0,,6000.0,,BKN,200.0,,BKN,3400.0,,BKN,4300.0,,0,21.0,21.0,1012.0,0,0,,200.0,0.0,0.0,1000.0,0.0,,200.0,0.0,0.0,100.0,2.0,,,0.0,0.0,10000.0,6.0,,4200.0,0.0,0.0,10000.0,7.0,,,0.0,0.0,5000.0,1.0,,200.0
METAR WALS 192030Z AUTO 07002KT 0250 R04/1100U R22/0375N FG OVC002 22/22 Q1012,WALS,2026-08-19 20:30:00,1,70.0,2.0,,250.0,"('', None, '', 'FG', None)",OVC,200.0,,,,,,,,0,22.0,22.0,1012.0,0,0,,200.0,0.0,0.0,250.0,1.0,,200.0,0.0,0.0,100.0,2.0,,,0.0,0.0,10000.0,5.0,,,0.0,0.0,10000.0,9.0,,,0.0,0.0,2000.0,1.0,,200.0
METAR WALS 192100Z AUTO 00000KT 1000 R04/P2000D R22/1300U BR OVC002 21/21 Q1013,WALS,2026-08-19 21:00:00,1,0.0,0.0,,1000.0,"('', None, '', 'BR', None)",OVC,200.0,,,,,,,,0,21.0,21.0,1013.0,0,0,,200.0,0.0,0.0,150.0,1.0,,200.0,0.0,0.0,2500.0,2.0,,200.0,0.0,0.0,10000.0,6.0,,,0.0,0.0,10000.0,8.0,,,0.0,0.0,1400.0,1.0,,300.0
METAR WALS 192130Z AUTO VRB01KT 0250 R04/1000D R22/0400N FG OVC002 21/21 Q1013,WALS,2026-08-19 21:30:00,1,,1.0,,250.0,"('', None, '', 'FG', None)",OVC,200.0,,,,,,,,0,21.0,21.0,1013.0,0,0,,200.0,0.0,0.0,100.0,1.0,,,0.0,0.0,5000.0,3.0,,,0.0,0.0,10000.0,7.0,,,0.0,0.0,10000.0,7.0,,,0.0,0.0,7000.0,1.0,,200.0
METAR WALS 192200Z AUTO VRB01KT 0150 R04/0350N R22/0400N FG OVC002 21/21 Q1013,WALS,2026-08-19 22:00:00,1,,1.0,,150.0,"('', None, '', 'FG', None)",OVC,200.0,,,,,,,,0,21.0,21.0,1013.0,0,0,,200.0,0.0,0.0,100.0,2.0,,,0.0,0.0,5000.0,3.0,,,0.0,0.0,10000.0,6.0,,,0.0,0.0,10000.0,6.0,,,0.0,0.0,3600.0,1.0,,200.0
METAR WALS 192230Z VRB01KT 0100 R04/0300 R22/0225 FG SCT002 21/21 Q1013 BECMG FM2330 5000,WALS,2026-08-19 22:30:00,0,,1.0,,100.0,"('', None, '', 'FG', None)",SCT,200.0,,,,,,,,0,21.0,21.0,1013.0,0,0,,,0.0,0.0,100.0,2.0,,,0.0,0.0,10000.0,6.0,,,0.0,0.0,10000.0,6.0,,,0.0,0.0,10000.0,6.0,,,0.0,0.0,3000.0,1.0,,
METAR WALS 192300Z 35002KT 0100 R04/0325 R22/0225 FG SCT002 21/21 Q1014 BECMG FM0000 5000,WALS,2026-08-19 23:00:00,0,350.0,2.0,,100.0,"('', None, '', 'FG', None)",SCT,200.0,,,,,,,,0,21.0,21.0,1014.0,0,0,,,0.0,0.0,2500.0,2.0,,200.0,0.0,0.0,10000.0,6.0,,4200.0,0.0,0.0,10000.0,4.0,,,0.0,0.0,10000.0,4.0,,,0.0,0.0,3500.0,2.0,,
METAR WALS 200000Z AUTO VRB02KT 2500 BR BKN002 24/24 Q1014,WALS,2026-08-20 00:00:00,1,,2.0,,2500.0,"('', None, '', 'BR', None)",BKN,200.0,,,,,,,,0,24.0,24.0,1014.0,0,0,,200.0,0.0,0.0,5000.0,3.0,,,0.0,0.0,10000.0,6.0,,,0.0,0.0,10000.0,5.0,,,0.0,0.0,10000.0,2.0,,4500.0,0.0,0.0,5000.0,3.0,,
METAR WALS 200030Z 29003KT 240V320 5000 FEW015 28/24 Q1014 NOSIG,WALS,2026-08-20 00:30:00,0,290.0,3.0,,5000.0,,FEW,1500.0,,,,,,,,0,28.0,24.0,1014.0,0,0,,,0.0,0.0,10000.0,6.0,,,0.0,0.0,10000.0,7.0,,,0.0,0.0,10000.0,7.0,,,0.0,0.0,10000.0,2.0,,4400.0,0.0,0.0,10000.0,3.0,,
METAR WALS 200130Z 22006KT 180V260 9999 SCT018 30/24 Q1014 NOSIG,WALS,2026-08-20 01:30:00,0,220.0,6.0,,10000.0,,SCT,1800.0,,,,,,,,0,30.0,24.0,1014.0,0,0,,,0.0,0.0,10000.0,5.0,,,0.0,0.0,10000.0,6.0,,,0.0,0.0,10000.0,7.0,,,0.0,0.0,10000.0,2.0,,3300.0,0.0,0.0,10000.0,6.0,,
METAR WALS 200200Z AUTO 25006KT 170V320 9999 SCT024 SCT029 BKN042 29/24 Q1014,WALS,2026-08-20 02:00:00,1,250.0,6.0,,10000.0,,SCT,2400.0,,SCT,2900.0,,BKN,4200.0,,0,29.0,24.0,1014.0,0,0,,4200.0,0.0,0.0,10000.0,6.0,,,0.0,0.0,10000.0,4.0,,,0.0,0.0,10000.0,7.0,,,0.0,0.0,10000.0,1.0,,3000.0,0.0,0.0,10000.0,6.0,,2000.0
METAR WALS 200230Z 21005KT 150V240 9999 SCT018 31/24 Q1014 NOSIG,WALS,2026-08-20 02:30:00,0,210.0,5.0,,10000.0,,SCT,1800.0,,,,,,,,0,31.0,24.0,1014.0,0,0,,,0.0,0.0,10000.0,7.0,,,0.0,0.0,10000.0,3.0,,,0.0,0.0,10000.0,9.0,,,0.0,0.0,10000.0,2.0,,4100.0,0.0,0.0,10000.0,5.0,,
METAR WALS 200300Z 21006KT 150V270 9999 SCT018 31/23 Q1014 NOSIG,WALS,2026-08-20 03:00:00,0,210.0,6.0,,10000.0,,SCT,1800.0,,,,,,,,0,31.0,23.0,1014.0,0,0,,,0.0,0.0,10000.0,6.0,,,0.0,0.0,10000.0,5.0,,,0.0,0.0,10000.0,8.0,,,0.0,0.0,9000.0,2.0,,2200.0,0.0,0.0,10000.0,5.0,,2000.0
METAR WALS 200330Z 23007KT 150V290 9999 SCT018 33/22 Q1013 NOSIG,WALS,2026-08-20 03:30:00,0,230.0,7.0,,10000.0,,SCT,1800.0,,,,,,,,0,33.0,22.0,1013.0,0,0,,,0.0,0.0,10000.0,6.0,,,0.0,0.0,10000.0,7.0,,,0.0,0.0,10000.0,7.0,,,0.0,0.0,8000.0,1.0,,5500.0,0.0,0.0,10000.0,5.0,,
METAR WALS 200400Z 22006KT 190V260 9999 SCT020 32/23 Q1013 NOSIG,WALS,2026-08-20 04:00:00,0,220.0,6.0,,10000.0,,SCT,2000.0,,,,,,,,0,32.0,23.0,1013.0,0,0,,,0.0,0.0,10000.0,4.0,,,0.0,0.0,10000.0,7.0,,,0.0,0.0,10000.0,6.0,,,0.0,0.0,6000.0,1.0,,5500.0,0.0,0.0,10000.0,6.0,,
METAR WALS 200430Z 21006KT 150V260 9999 SCT020 32/23 Q1012 NOSIG,WALS,2026-08-20 04:30:00,0,210.0,6.0,,10000.0,,SCT,2000.0,,,,,,,,0,32.0,23.0,1012.0,0,0,,,0.0,0.0,10000.0,3.0,,,0.0,0.0,10000.0,7.0,,,0.0,0.0,10000.0,6.0,,,0.0,0.0,3200.0,0.0,,3300.0,0.0,0.0,10000.0,6.0,,2000.0
METAR WALS 200500Z VRB04KT 9999 SCT020 33/23 Q1012 NOSIG,WALS,2026-08-20 05:00:00,0,,4.0,,10000.0,,SCT,2000.0,,,,,,,,0,33.0,23.0,1012.0,0,0,,,0.0,0.0,10000.0,5.0,,,0.0,0.0,10000.0,7.0,,,0.0,0.0,10000.0,4.0,,,0.0,0.0,7000.0,1.0,,6000.0,0.0,0.0,10000.0,4.0,,
METAR WALS 200530Z AUTO VRB03KT 9999 FEW045 SCT050 SCT065 33/22 Q1011,WALS,2026-08-20 05:30:00,1,,3.0,,10000.0,,FEW,4500.0,,SCT,5000.0,,SCT,6500.0,,0,33.0,22.0,1011.0,0,0,,,0.0,0.0,10000.0,7.0,,,0.0,0.0,10000.0,9.0,,,0.0,0.0,10000.0,1.0,,4400.0,0.0,0.0,4100.0,0.0,,3100.0,0.0,0.0,10000.0,5.0,,
METAR WALS 200600Z 21005KT 170V260 9999 SCT020 35/23 Q1010 NOSIG,WALS,2026-08-20 06:00:00,0,210.0,5.0,,10000.0,,SCT,2000.0,,,,,,,,0,35.0,23.0,1010.0,0,0,,,0.0,0.0,10000.0,7.0,,,0.0,0.0,10000.0,8.0,,,0.0,0.0,10000.0,2.0,,4500.0,0.0,0.0,4300.0,1.0,,3700.0,0.0,0.0,10000.0,4.0,,2000.0
METAR WALS 200630Z 17007KT 130V220 9999 SCT020 33/24 Q1010 NOSIG,WALS,2026-08-20 06:30:00,0,170.0,7.0,,10000.0,,SCT,2000.0,,,,,,,,0,33.0,24.0,1010.0,0,0,,,0.0,0.0,10000.0,7.0,,,0.0,0.0,10000.0,7.0,,,0.0,0.0,10000.0,2.0,,4400.0,0.0,0.0,5000.0,1.0,,3200.0,0.0,0.0,10000.0,4.0,,
METAR WALS 200700Z AUTO 20007KT 160V240 9999 FEW044 FEW055 32/23 Q1009,WALS,2026-08-20 07:00:00,1,200.0,7.0,,10000.0,,FEW,4400.0,,FEW,5500.0,,,,,0,32.0,23.0,1009.0,0,0,,,0.0,0.0,10000.0,7.0,,,0.0,0.0,10000.0,6.0,,,0.0,0.0,10000.0,2.0,,1900.0,0.0,0.0,7000.0,1.0,,3300.0,0.0,0.0,10000.0,6.0,,
METAR WALS 200730Z 20007KT 150V250 9999 SCT020 33/24 Q1009 NOSIG,WALS,2026-08-20 07:30:00,0,200.0,7.0,,10000.0,,SCT,2000.0,,,,,,,,0,33.0,24.0,1009.0,0,0,,,0.0,0.0,10000.0,9.0,,,0.0,0.0,10000.0,6.0,,,0.0,0.0,10000.0,2.0,,3300.0,0.0,0.0,800.0,2.0,,3100.0,0.0,0.0,10000.0,6.0,,
METAR WALS 200800Z 21007KT 140V240 9999 FEW020 33/24 Q1009 NOSIG,WALS,2026-08-20 08:00:00,0,210.0,7.0,,10000.0,,FEW,2000.0,,,,,,,,0,33.0,24.0,1009.0,0,0,,,0.0,0.0,10000.0,8.0,,,0.0,0.0,10000.0,4.0,,,0.0,0.0,10000.0,1.0,,3000.0,0.0,0.0,5000.0,1.0,,200.0,0.0,0.0,10000.0,6.0,,
METAR WALS 200830Z AUTO 19009KT 140V220 9999 NCD 31/24 Q1009,WALS,2026-08-20 08:30:00,1,190.0,9.0,,10000.0,,NCD,,,,,,,,,0,31.0,24.0,1009.0,0,0,,,0.0,0.0,10000.0,7.0,,,0.0,0.0,10000.0,1.0,,4400.0,0.0,0.0,10000.0,2.0,,4100.0,0.0,0.0,2000.0,1.0,,200.0,0.0,0.0,10000.0,6.0,,3700.0
METAR WALS 200900Z 18008KT 140V220 9999 SCT020 31/24 Q1010 NOSIG,WALS,2026-08-20 09:00:00,0,180.0,8.0,,10000.0,,SCT,2000.0,,,,,,,,0,31.0,24.0,1010.0,0,0,,,0.0,0.0,10000.0,6.0,,,0.0,0.0,10000.0,2.0,,4500.0,0.0,0.0,9000.0,2.0,,2200.0,0.0,0.0,1400.0,1.0,,300.0,0.0,0.0,8000.0,6.0,,
METAR WALS 200930Z 20007KT 160V230 9999 SCT020 29/24 Q1010 NOSIG,WALS,2026-08-20 09:30:00,0,200.0,7.0,,10000.0,,SCT,2000.0,,,,,,,,0,29.0,24.0,1010.0,0,0,,,0.0,0.0,10000.0,6.0,,,0.0,0.0,10000.0,2.0,,4400.0,0.0,0.0,8000.0,1.0,,5500.0,0.0,0.0,7000.0,1.0,,200.0,0.0,0.0,8000.0,5.0,,
METAR WALS 201000Z AUTO 20006KT 150V240 9999 FEW038 SCT050 28/24 Q1010 NOSIG,WALS,2026-08-20 10:00:00,1,200.0,6.0,,10000.0,,FEW,3800.0,,SCT,5000.0,,,,,0,28.0,24.0,1010.0,0,0,,,0.0,0.0,10000.0,4.0,,,0.0,0.0,10000.0,2.0,,1900.0,0.0,0.0,6000.0,1.0,,5500.0,0.0,0.0,3600.0,1.0,,200.0,0.0,0.0,10000.0,5.0,,
METAR WALS 201030Z 20006KT 9999 FEW020 28/24 Q1011 NOSIG,WALS,2026-08-20 10:30:00,0,200.0,6.0,,10000.0,,FEW,2000.0,,,,,,,,0,28.0,24.0,1011.0,0,0,,,0.0,0.0,10000.0,1.0,,4400.0,0.0,0.0,10000.0,2.0,,3300.0,0.0,0.0,3200.0,0.0,,3300.0,0.0,0.0,3000.0,1.0,,,0.0,0.0,10000.0,4.0,,2200.0
METAR WALS 201100Z 21004KT 9999 FEW020 27/24 Q1011 NOSIG,WALS,2026-08-20 11:00:00,0,210.0,4.0,,10000.0,,FEW,2000.0,,,,,,,,0,27.0,24.0,1011.0,0,0,,,0.0,0.0,10000.0,2.0,,4500.0,0.0,0.0,10000.0,1.0,,3000.0,0.0,0.0,7000.0,1.0,,6000.0,0.0,0.0,3500.0,2.0,,,0.0,0.0,10000.0,3.0,,1800.0
METAR WALS 201130Z AUTO VRB01KT 9999 FEW031 OVC044 27/24 Q1012,WALS,2026-08-20 11:30:00,1,,1.0,,10000.0,,FEW,3100.0,,OVC,4400.0,,,,,0,27.0,24.0,1012.0,0,0,,4400.0,0.0,0.0,10000.0,2.0,,4400.0,0.0,0.0,10000.0,2.0,,4100.0,0.0,0.0,4100.0,0.0,,3100.0,0.0,0.0,4500.0,1.0,,,0.0,0.0,10000.0,3.0,,1700.0
METAR WALS 201200Z AUTO VRB02KT 9999 FEW032 OVC045 26/24 Q1012,WALS,2026-08-20 12:00:00,1,,2.0,,10000.0,,FEW,3200.0,,OVC,4500.0,,,,,0,26.0,24.0,1012.0,0,0,,4500.0,0.0,0.0,10000.0,2.0,,1900.0,0.0,0.0,9000.0,2.0,,2200.0,0.0,0.0,4300.0,1.0,,3700.0,0.0,0.0,5000.0,3.0,,,0.0,0.0,10000.0,2.0,,2600.0
METAR WALS 201230Z AUTO VRB02KT 9999 FEW028 OVC044 26/24 Q1012,WALS,2026-08-20 12:30:00,1,,2.0,,10000.0,,FEW,2800.0,,OVC,4400.0,,,,,0,26.0,24.0,1012.0,0,0,,4400.0,0.0,0.0,10000.0,2.0,,3300.0,0.0,0.0,8000.0,1.0,,5500.0,0.0,0.0,5000.0,1.0,,3200.0,0.0,0.0,10000.0,3.0,,,0.0,0.0,10000.0,1.0,,3600.0
METAR WALS 201300Z AUTO 20002KT 9999 BKN019 BKN024 OVC040 26/24 Q1012,WALS,2026-08-20 13:00:00,1,200.0,2.0,,10000.0,,BKN,1900.0,,BKN,2400.0,,OVC,4000.0,,0,26.0,24.0,1012.0,0,0,,1900.0,0.0,0.0,10000.0,1.0,,3000.0,0.0,0.0,6000.0,1.0,,5500.0,0.0,0.0,7000.0,1.0,,3300.0,0.0,0.0,10000.0,3.0,,,0.0,0.0,10000.0,1.0,,4000.0
METAR WALS 201330Z AUTO 22002KT 9999 SCT020 BKN033 OVC050 25/24 Q1013,WALS,2026-08-20 13:30:00,1,220.0,2.0,,10000.0,,SCT,2000.0,,BKN,3300.0,,OVC,5000.0,,0,25.0,24.0,1013.0,0,0,,3300.0,0.0,0.0,10000.0,2.0,,4100.0,0.0,0.0,3200.0,0.0,,3300.0,0.0,0.0,800.0,2.0,,3100.0,0.0,0.0,10000.0,6.0,,,0.0,0.0,10000.0,1.0,,4100.0
METAR WALS 201400Z AUTO VRB01KT 9999 SCT023 BKN030 OVC040 25/24 Q1013,WALS,2026-08-20 14:00:00,1,,1.0,,10000.0,,SCT,2300.0,,BKN,3000.0,,OVC,4000.0,,0,25.0,24.0,1013.0,0,0,,3000.0,0.0,0.0,9000.0,2.0,,2200.0,0.0,0.0,7000.0,1.0,,6000.0,0.0,0.0,5000.0,1.0,,200.0,0.0,0.0,10000.0,6.0,,2000.0,0.0,0.0,10000.0,1.0,,4100.0
METAR WALS 201430Z AUTO VRB02KT 9999 SCT024 BKN041 OVC065 24/24 Q1013,WALS,2026-08-20 14:30:00,1,,2.0,,10000.0,,SCT,2400.0,,BKN,4100.0,,OVC,6500.0,,0,24.0,24.0,1013.0,0,0,,4100.0,0.0,0.0,8000.0,1.0,,5500.0,0.0,0.0,4100.0,0.0,,3100.0,0.0,0.0,2000.0,1.0,,200.0,0.0,0.0,10000.0,5.0,,,0.0,0.0,10000.0,1.0,,4000.0
METAR WALS 201500Z AUTO 28002KT 9000 BKN022 BKN026 OVC039 24/23 Q1014,WALS,2026-08-20 15:00:00,1,280.0,2.0,,9000.0,,BKN,2200.0,,BKN,2600.0,,OVC,3900.0,,0,24.0,23.0,1014.0,0,0,,2200.0,0.0,0.0,6000.0,1.0,,5500.0,0.0,0.0,4300.0,1.0,,3700.0,0.0,0.0,1400.0,1.0,,300.0,0.0,0.0,10000.0,5.0,,2000.0,0.0,0.0,10000.0,1.0,,4000.0
METAR WALS 201530Z AUTO VRB01KT 8000 FEW022 SCT047 BKN055 24/23 Q1014,WALS,2026-08-20 15:30:00,1,,1.0,,8000.0,,FEW,2200.0,,SCT,4700.0,,BKN,5500.0,,0,24.0,23.0,1014.0,0,0,,5500.0,0.0,0.0,3200.0,0.0,,3300.0,0.0,0.0,5000.0,1.0,,3200.0,0.0,0.0,7000.0,1.0,,200.0,0.0,0.0,10000.0,5.0,,,0.0,0.0,7000.0,1.0,,31000.0
METAR WALS 201600Z AUTO 24001KT 6000 FEW040 SCT048 BKN055 24/23 Q1013,WALS,2026-08-20 16:00:00,1,240.0,1.0,,6000.0,,FEW,4000.0,,SCT,4800.0,,BKN,5500.0,,0,24.0,23.0,1013.0,0,0,,5500.0,0.0,0.0,7000.0,1.0,,6000.0,0.0,0.0,7000.0,1.0,,3300.0,0.0,0.0,3600.0,1.0,,200.0,0.0,0.0,10000.0,6.0,,,0.0,0.0,5000.0,2.0,,31000.0
METAR WALS 201630Z AUTO 00000KT 3200 BR FEW028 BKN033 OVC060 24/23 Q1013,WALS,2026-08-20 16:30:00,1,0.0,0.0,,3200.0,"('', None, '', 'BR', None)",FEW,2800.0,,BKN,3300.0,,OVC,6000.0,,0,24.0,23.0,1013.0,0,0,,3300.0,0.0,0.0,4100.0,0.0,,3100.0,0.0,0.0,800.0,2.0,,3100.0,0.0,0.0,3000.0,1.0,,,0.0,0.0,10000.0,6.0,,2000.0,0.0,0.0,6000.0,1.0,,4800.0
METAR WALS 201700Z AUTO 36001KT 7000 FEW021 SCT048 BKN060 23/23 Q1013,WALS,2026-08-20 17:00:00,1,360.0,1.0,,7000.0,,FEW,2100.0,,SCT,4800.0,,BKN,6000.0,,0,23.0,23.0,1013.0,0,0,,6000.0,0.0,0.0,4300.0,1.0,,3700.0,0.0,0.0,5000.0,1.0,,200.0,0.0,0.0,3500.0,2.0,,,0.0,0.0,10000.0,4.0,,,0.0,0.0,9000.0,1.0,,4200.0
METAR WALS 201730Z AUTO 00000KT 4100 BR BKN031 BKN040 OVC060 23/23 Q1013,WALS,2026-08-20 17:30:00,1,0.0,0.0,,4100.0,"('', None, '', 'BR', None)",BKN,3100.0,,BKN,4000.0,,OVC,6000.0,,0,23.0,23.0,1013.0,0,0,,3100.0,0.0,0.0,5000.0,1.0,,3200.0,0.0,0.0,2000.0,1.0,,200.0,0.0,0.0,4500.0,1.0,,,0.0,0.0,10000.0,5.0,,,0.0,0.0,5000.0,1.0,,30000.0
METAR WALS 201800Z AUTO 36001KT 4300 BR FEW031 BKN037 OVC055 23/23 Q1012,WALS,2026-08-20 18:00:00,1,360.0,1.0,,4300.0,"('', None, '', 'BR', None)",FEW,3100.0,,BKN,3700.0,,OVC,5500.0,,0,23.0,23.0,1012.0,0,0,,3700.0,0.0,0.0,7000.0,1.0,,3300.0,0.0,0.0,1400.0,1.0,,300.0,0.0,0.0,5000.0,3.0,,,0.0,0.0,10000.0,4.0,,2000.0,0.0,0.0,4400.0,1.0,,4100.0
METAR WALS 201830Z AUTO VRB01KT 5000 SCT028 BKN032 OVC039 23/22 Q1012,WALS,2026-08-20 18:30:00,1,,1.0,,5000.0,,SCT,2800.0,,BKN,3200.0,,OVC,3900.0,,0,23.0,22.0,1012.0,0,0,,3200.0,0.0,0.0,800.0,2.0,,3100.0,0.0,0.0,7000.0,1.0,,200.0,0.0,0.0,10000.0,3.0,,,0.0,0.0,10000.0,4.0,,,0.0,0.0,1300.0,1.0,,31000.0
METAR WALS 201900Z AUTO VRB01KT 7000 FEW020 SCT027 BKN033 23/23 Q1012,WALS,2026-08-20 19:00:00,1,,1.0,,7000.0,,FEW,2000.0,,SCT,2700.0,,BKN,3300.0,,0,23.0,23.0,1012.0,0,0,,3300.0,0.0,0.0,5000.0,1.0,,200.0,0.0,0.0,3600.0,1.0,,200.0,0.0,0.0,10000.0,3.0,,,0.0,0.0,10000.0,6.0,,,0.0,0.0,2900.0,1.0,,3900.0
METAR WALS 201930Z AUTO 02002KT 0800 R04/P2000D R22/1200U FG SCT019 BKN031 OVC044 23/22 Q1012,WALS,2026-08-20 19:30:00,1,20.0,2.0,,800.0,"('', None, '', 'FG', None)",SCT,1900.0,,BKN,3100.0,,OVC,4400.0,,0,23.0,22.0,1012.0,0,0,,3100.0,0.0,0.0,2000.0,1.0,,200.0,0.0,0.0,3000.0,1.0,,,0.0,0.0,10000.0,6.0,,,0.0,0.0,10000.0,6.0,,,0.0,0.0,1100.0,1.0,,3600.0
METAR WALS 202000Z AUTO VRB01KT 5000 BKN002 BKN027 OVC060 23/22 Q1012,WALS,2026-08-20 20:00:00,1,,1.0,,5000.0,,BKN,200.0,,BKN,2700.0,,OVC,6000.0,,0,23.0,22.0,1012.0,0,0,,200.0,0.0,0.0,1400.0,1.0,,300.0,0.0,0.0,3500.0,2.0,,,0.0,0.0,10000.0,6.0,,2000.0,0.0,0.0,10000.0,6.0,,,0.0,0.0,4600.0,0.0,,4000.0
METAR WALS 202030Z AUTO VRB01KT 2000 BR BKN002 BKN034 OVC055 23/22 Q1012,WALS,2026-08-20 20:30:00,1,,1.0,,2000.0,"('', None, '', 'BR', None)",BKN,200.0,,BKN,3400.0,,OVC,5500.0,,0,23.0,22.0,1012.0,0,0,,200.0,0.0,0.0,7000.0,1.0,,200.0,0.0,0.0,4500.0,1.0,,,0.0,0.0,10000.0,5.0,,,0.0,0.0,10000.0,6.0,,3700.0,0.0,0.0,1200.0,1.0,,300.0
METAR WALS 202100Z AUTO VRB01KT 1400 R04/P2000U R22/1700N BR BKN003 BKN036 OVC050 22/22 Q1013,WALS,2026-08-20 21:00:00,1,,1.0,,1400.0,"('', None, '', 'BR', None)",BKN,300.0,,BKN,3600.0,,OVC,5000.0,,0,22.0,22.0,1013.0,0,0,,300.0,0.0,0.0,3600.0,1.0,,200.0,0.0,0.0,5000.0,3.0,,,0.0,0.0,10000.0,5.0,,2000.0,0.0,0.0,8000.0,6.0,,,0.0,0.0,1200.0,1.0,,300.0
METAR WALS 202130Z AUTO VRB01KT 7000 BKN002 OVC050 22/22 Q1013,WALS,2026-08-20 21:30:00,1,,1.0,,7000.0,,BKN,200.0,,OVC,5000.0,,,,,0,22.0,22.0,1013.0,0,0,,200.0,0.0,0.0,3000.0,1.0,,,0.0,0.0,10000.0,3.0,,,0.0,0.0,10000.0,5.0,,,0.0,0.0,8000.0,5.0,,,0.0,0.0,450.0,1.0,,300.0
METAR WALS 202200Z AUTO VRB01KT 3600 BR BKN002 BKN040 OVC048 22/22 Q1013,WALS,2026-08-20 22:00:00,1,,1.0,,3600.0,"('', None, '', 'BR', None)",BKN,200.0,,BKN,4000.0,,OVC,4800.0,,0,22.0,22.0,1013.0,0,0,,200.0,0.0,0.0,3500.0,2.0,,,0.0,0.0,10000.0,3.0,,,0.0,0.0,10000.0,6.0,,,0.0,0.0,10000.0,5.0,,,0.0,0.0,650.0,0.0,,300.0
METAR WALS 202230Z 21001KT 3000 BR SCT002 22/22 Q1013 BECMG TL2300 5000 NSW,WALS,2026-08-20 22:30:00,0,210.0,1.0,,3000.0,"('', None, '', 'BR', None)",SCT,200.0,,,,,,,,0,22.0,22.0,1013.0,0,0,,,0.0,0.0,4500.0,1.0,,,0.0,0.0,10000.0,6.0,,,0.0,0.0,10000.0,6.0,,2000.0,0.0,0.0,10000.0,4.0,,2200.0,0.0,0.0,500.0,0.0,,
METAR WALS 202300Z 32002KT 3500 BR FEW020 23/22 Q1013 BECMG TL2330 5000 NSW,WALS,2026-08-20 23:00:00,0,320.0,2.0,,3500.0,"('', None, '', 'BR', None)",FEW,2000.0,,,,,,,,0,23.0,22.0,1013.0,0,0,,,0.0,0.0,5000.0,3.0,,,0.0,0.0,10000.0,6.0,,2000.0,0.0,0.0,10000.0,4.0,,,0.0,0.0,10000.0,3.0,,1800.0,0.0,0.0,800.0,1.0,,
METAR WALS 202330Z VRB01KT 4500 BR FEW020 25/24 Q1014 NOSIG,WALS,2026-08-20 23:30:00,0,,1.0,,4500.0,"('', None, '', 'BR', None)",FEW,2000.0,,,,,,,,0,25.0,24.0,1014.0,0,0,,,0.0,0.0,10000.0,3.0,,,0.0,0.0,10000.0,5.0,,,0.0,0.0,10000.0,5.0,,,0.0,0.0,10000.0,3.0,,1700.0,0.0,0.0,2000.0,0.0,,
METAR WALS 210000Z 27003KT 230V300 5000 FEW020 26/24 Q1014 NOSIG,WALS,2026-08-21 00:00:00,0,270.0,3.0,,5000.0,,FEW,2000.0,,,,,,,,0,26.0,24.0,1014.0,0,0,,,0.0,0.0,10000.0,3.0,,,0.0,0.0,10000.0,5.0,,2000.0,0.0,0.0,10000.0,4.0,,2000.0,0.0,0.0,10000.0,2.0,,2600.0,0.0,0.0,4000.0,1.0,,
METAR WALS 210030Z 24003KT 210V280 9999 FEW020 28/24 Q1014 NOSIG,WALS,2026-08-21 00:30:00,0,240.0,3.0,,10000.0,,FEW,2000.0,,,,,,,,0,28.0,24.0,1014.0,0,0,,,0.0,0.0,10000.0,6.0,,,0.0,0.0,10000.0,5.0,,,0.0,0.0,10000.0,4.0,,,0.0,0.0,10000.0,1.0,,3600.0,0.0,0.0,6000.0,3.0,,
METAR WALS 210130Z 22006KT 190V270 9999 SCT020 29/24 Q1014 NOSIG,WALS,2026-08-21 01:30:00,0,220.0,6.0,,10000.0,,SCT,2000.0,,,,,,,,0,29.0,24.0,1014.0,0,0,,,0.0,0.0,10000.0,5.0,,,0.0,0.0,10000.0,6.0,,2000.0,0.0,0.0,10000.0,6.0,,,0.0,0.0,10000.0,1.0,,4100.0,0.0,0.0,10000.0,6.0,,
METAR WALS 210200Z 23006KT 9999 BKN020 30/23 Q1014 NOSIG,WALS,2026-08-21 02:00:00,0,230.0,6.0,,10000.0,,BKN,2000.0,,,,,,,,0,30.0,23.0,1014.0,0,0,,2000.0,0.0,0.0,10000.0,5.0,,2000.0,0.0,0.0,10000.0,4.0,,,0.0,0.0,10000.0,6.0,,,0.0,0.0,10000.0,1.0,,4100.0,0.0,0.0,10000.0,6.0,,
METAR WALS 210230Z 24005KT 160V290 9999 SCT020 31/23 Q1014 NOSIG,WALS,2026-08-21 02:30:00,0,240.0,5.0,,10000.0,,SCT,2000.0,,,,,,,,0,31.0,23.0,1014.0,0,0,,,0.0,0.0,10000.0,5.0,,,0.0,0.0,10000.0,5.0,,,0.0,0.0,10000.0,6.0,,3700.0,0.0,0.0,10000.0,1.0,,4000.0,0.0,0.0,10000.0,6.0,,
METAR WALS 210300Z 22005KT 190V250 9999 BKN020 31/23 Q1013 NOSIG,WALS,2026-08-21 03:00:00,0,220.0,5.0,,10000.0,,BKN,2000.0,,,,,,,,0,31.0,23.0,1013.0,0,0,,2000.0,0.0,0.0,10000.0,6.0,,,0.0,0.0,10000.0,4.0,,2000.0,0.0,0.0,8000.0,6.0,,,0.0,0.0,10000.0,1.0,,4000.0,0.0,0.0,10000.0,8.0,,
METAR WALS 210330Z 22005KT 9999 SCT020 31/23 Q1013 NOSIG,WALS,2026-08-21 03:30:00,0,220.0,5.0,,10000.0,,SCT,2000.0,,,,,,,,0,31.0,23.0,1013.0,0,0,,,0.0,0.0,10000.0,6.0,,2000.0,0.0,0.0,10000.0,4.0,,,0.0,0.0,8000.0,5.0,,,0.0,0.0,7000.0,1.0,,31000.0,0.0,0.0,10000.0,8.0,,
METAR WALS 210400Z 23006KT 190V270 9999 SCT020 31/23 Q1012 NOSIG,WALS,2026-08-21 04:00:00,0,230.0,6.0,,10000.0,,SCT,2000.0,,,,,,,,0,31.0,23.0,1012.0,0,0,,,0.0,0.0,10000.0,4.0,,,0.0,0.0,10000.0,6.0,,,0.0,0.0,10000.0,5.0,,,0.0,0.0,5000.0,2.0,,31000.0,0.0,0.0,10000.0,5.0,,
METAR WALS 210430Z 21006KT 160V240 9999 BKN020 32/23 Q1012 NOSIG,WALS,2026-08-21 04:30:00,0,210.0,6.0,,10000.0,,BKN,2000.0,,,,,,,,0,32.0,23.0,1012.0,0,0,,2000.0,0.0,0.0,10000.0,5.0,,,0.0,0.0,10000.0,6.0,,,0.0,0.0,10000.0,4.0,,2200.0,0.0,0.0,6000.0,1.0,,4800.0,0.0,0.0,10000.0,3.0,,
METAR WALS 210500Z VRB04KT 9999 SCT020 34/22 Q1011 NOSIG,WALS,2026-08-21 05:00:00,0,,4.0,,10000.0,,SCT,2000.0,,,,,,,,0,34.0,22.0,1011.0,0,0,,,0.0,0.0,10000.0,4.0,,2000.0,0.0,0.0,10000.0,6.0,,,0.0,0.0,10000.0,3.0,,1800.0,0.0,0.0,9000.0,1.0,,4200.0,0.0,0.0,10000.0,6.0,,
METAR WALS 210530Z 21005KT 160V240 9999 SCT020 34/23 Q1011 NOSIG,WALS,2026-08-21 05:30:00,0,210.0,5.0,,10000.0,,SCT,2000.0,,,,,,,,0,34.0,23.0,1011.0,0,0,,,0.0,0.0,10000.0,4.0,,,0.0,0.0,10000.0,6.0,,3700.0,0.0,0.0,10000.0,3.0,,1700.0,0.0,0.0,5000.0,1.0,,30000.0,0.0,0.0,10000.0,6.0,,
METAR WALS 210600Z 20004KT 120V270 9999 BKN020 34/22 Q1010 NOSIG,WALS,2026-08-21 06:00:00,0,200.0,4.0,,10000.0,,BKN,2000.0,,,,,,,,0,34.0,22.0,1010.0,0,0,,2000.0,0.0,0.0,10000.0,6.0,,,0.0,0.0,8000.0,6.0,,,0.0,0.0,10000.0,2.0,,2600.0,0.0,0.0,4400.0,1.0,,4100.0,0.0,0.0,10000.0,8.0,,
METAR WALS 210630Z 18004KT 150V240 9999 SCT020 34/23 Q1010 NOSIG,WALS,2026-08-21 06:30:00,0,180.0,4.0,,10000.0,,SCT,2000.0,,,,,,,,0,34.0,23.0,1010.0,0,0,,,0.0,0.0,10000.0,6.0,,,0.0,0.0,8000.0,5.0,,,0.0,0.0,10000.0,1.0,,3600.0,0.0,0.0,1300.0,1.0,,31000.0,0.0,0.0,10000.0,6.0,,
METAR WALS 210700Z 18006KT 140V230 9999 SCT020 33/23 Q1009 NOSIG,WALS,2026-08-21 07:00:00,0,180.0,6.0,,10000.0,,SCT,2000.0,,,,,,,,0,33.0,23.0,1009.0,0,0,,,0.0,0.0,10000.0,6.0,,,0.0,0.0,10000.0,5.0,,,0.0,0.0,10000.0,1.0,,4000.0,0.0,0.0,2900.0,1.0,,3900.0,0.0,0.0,10000.0,7.0,,
METAR WALS 210730Z 18006KT 140V230 9999 SCT020 33/23 Q1009 NOSIG,WALS,2026-08-21 07:30:00,0,180.0,6.0,,10000.0,,SCT,2000.0,,,,,,,,0,33.0,23.0,1009.0,0,0,,,0.0,0.0,10000.0,6.0,,3700.0,0.0,0.0,10000.0,4.0,,2200.0,0.0,0.0,10000.0,1.0,,4100.0,0.0,0.0,1100.0,1.0,,3600.0,0.0,0.0,10000.0,6.0,,
METAR WALS 210800Z 16006KT 120V210 9999 SCT020 32/24 Q1009 NOSIG,WALS,2026-08-21 08:00:00,0,160.0,6.0,,10000.0,,SCT,2000.0,,,,,,,,0,32.0,24.0,1009.0,0,0,,,0.0,0.0,8000.0,6.0,,,0.0,0.0,10000.0,3.0,,1800.0,0.0,0.0,10000.0,1.0,,4100.0,0.0,0.0,4600.0,0.0,,4000.0,0.0,0.0,10000.0,7.0,,
METAR WALS 210830Z AUTO 16006KT 110V240 9999 BKN037 BKN047 31/24 Q1009 NOSIG,WALS,2026-08-21 08:30:00,1,160.0,6.0,,10000.0,,BKN,3700.0,,BKN,4700.0,,,,,0,31.0,24.0,1009.0,0,0,,3700.0,0.0,0.0,8000.0,5.0,,,0.0,0.0,10000.0,3.0,,1700.0,0.0,0.0,10000.0,1.0,,4000.0,0.0,0.0,1200.0,1.0,,300.0,0.0,0.0,10000.0,6.0,,
METAR WALS 210900Z 16006KT 140V210 8000 NSC 31/24 Q1010 NOSIG,WALS,2026-08-21 09:00:00,0,160.0,6.0,,8000.0,,NSC,,,,,,,,,0,31.0,24.0,1010.0,0,0,,,0.0,0.0,10000.0,5.0,,,0.0,0.0,10000.0,2.0,,2600.0,0.0,0.0,10000.0,1.0,,4000.0,0.0,0.0,1200.0,1.0,,300.0,0.0,0.0,10000.0,7.0,,
METAR WALS 210930Z 17005KT 140V210 8000 NSC 30/24 Q1010 NOSIG,WALS,2026-08-21 09:30:00,0,170.0,5.0,,8000.0,,NSC,,,,,,,,,0,30.0,24.0,1010.0,0,0,,,0.0,0.0,10000.0,4.0,,2200.0,0.0,0.0,10000.0,1.0,,3600.0,0.0,0.0,7000.0,1.0,,31000.0,0.0,0.0,450.0,1.0,,300.0,0.0,0.0,10000.0,7.0,,
METAR WALS 211000Z AUTO 19005KT 150V230 9999 FEW040 29/24 Q1010,WALS,2026-08-21 10:00:00,1,190.0,5.0,,10000.0,,FEW,4000.0,,,,,,,,0,29.0,24.0,1010.0,0,0,,,0.0,0.0,10000.0,3.0,,1800.0,0.0,0.0,10000.0,1.0,,4000.0,0.0,0.0,5000.0,2.0,,31000.0,0.0,0.0,650.0,0.0,,300.0,0.0,0.0,10000.0,6.0,,
METAR WALS 211030Z AUTO 20004KT 180V240 9999 BKN022 BKN031 BKN038 28/24 Q1011,WALS,2026-08-21 10:30:00,1,200.0,4.0,,10000.0,,BKN,2200.0,,BKN,3100.0,,BKN,3800.0,,0,28.0,24.0,1011.0,0,0,,2200.0,0.0,0.0,10000.0,3.0,,1700.0,0.0,0.0,10000.0,1.0,,4100.0,0.0,0.0,6000.0,1.0,,4800.0,0.0,0.0,500.0,0.0,,,0.0,0.0,10000.0,3.0,,
METAR WALS 211100Z AUTO 19003KT 150V240 9999 OVC018 27/24 Q1011,WALS,2026-08-21 11:00:00,1,190.0,3.0,,10000.0,,OVC,1800.0,,,,,,,,0,27.0,24.0,1011.0,0,0,,1800.0,0.0,0.0,10000.0,2.0,,2600.0,0.0,0.0,10000.0,1.0,,4100.0,0.0,0.0,9000.0,1.0,,4200.0,0.0,0.0,800.0,1.0,,,0.0,0.0,10000.0,4.0,,2700.0
METAR WALS 211130Z AUTO 19003KT 160V220 9999 OVC017 27/24 Q1012,WALS,2026-08-21 11:30:00,1,190.0,3.0,,10000.0,,OVC,1700.0,,,,,,,,0,27.0,24.0,1012.0,0,0,,1700.0,0.0,0.0,10000.0,1.0,,3600.0,0.0,0.0,10000.0,1.0,,4000.0,0.0,0.0,5000.0,1.0,,30000.0,0.0,0.0,2000.0,0.0,,,0.0,0.0,10000.0,3.0,,5000.0
METAR WALS 211200Z AUTO VRB02KT 9999 SCT014 BKN026 BKN042 27/24 Q1012,WALS,2026-08-21 12:00:00,1,,2.0,,10000.0,,SCT,1400.0,,BKN,2600.0,,BKN,4200.0,,0,27.0,24.0,1012.0,0,0,,2600.0,0.0,0.0,10000.0,1.0,,4000.0,0.0,0.0,10000.0,1.0,,4000.0,0.0,0.0,4400.0,1.0,,4100.0,0.0,0.0,4000.0,1.0,,,0.0,0.0,10000.0,2.0,,6000.0
METAR WALS 211230Z AUTO VRB01KT 9999 SCT026 BKN036 BKN055 26/24 Q1012,WALS,2026-08-21 12:30:00,1,,1.0,,10000.0,,SCT,2600.0,,BKN,3600.0,,BKN,5500.0,,0,26.0,24.0,1012.0,0,0,,3600.0,0.0,0.0,10000.0,1.0,,4100.0,0.0,0.0,7000.0,1.0,,31000.0,0.0,0.0,1300.0,1.0,,31000.0,0.0,0.0,6000.0,3.0,,,0.0,0.0,10000.0,3.0,,
METAR WALS 211300Z AUTO VRB01KT 9999 FEW013 SCT028 BKN040 26/24 Q1012,WALS,2026-08-21 13:00:00,1,,1.0,,10000.0,,FEW,1300.0,,SCT,2800.0,,BKN,4000.0,,0,26.0,24.0,1012.0,0,0,,4000.0,0.0,0.0,10000.0,1.0,,4100.0,0.0,0.0,5000.0,2.0,,31000.0,0.0,0.0,2900.0,1.0,,3900.0,0.0,0.0,6000.0,3.0,,,0.0,0.0,10000.0,1.0,,3800.0
METAR WALS 211330Z AUTO VRB01KT 9999 BKN041 OVC047 25/24 Q1013,WALS,2026-08-21 13:30:00,1,,1.0,,10000.0,,BKN,4100.0,,OVC,4700.0,,,,,0,25.0,24.0,1013.0,0,0,,4100.0,0.0,0.0,10000.0,1.0,,4000.0,0.0,0.0,6000.0,1.0,,4800.0,0.0,0.0,1100.0,1.0,,3600.0,0.0,0.0,10000.0,6.0,,,0.0,0.0,10000.0,1.0,,2600.0
METAR WALS 211400Z AUTO VRB01KT 9999 OVC041 25/24 Q1013,WALS,2026-08-21 14:00:00,1,,1.0,,10000.0,,OVC,4100.0,,,,,,,,0,25.0,24.0,1013.0,0,0,,4100.0,0.0,0.0,10000.0,1.0,,4000.0,0.0,0.0,9000.0,1.0,,4200.0,0.0,0.0,4600.0,0.0,,4000.0,0.0,0.0,10000.0,6.0,,,0.0,0.0,10000.0,1.0,,2000.0
METAR WALS 211430Z AUTO VRB01KT 9999 BKN040 OVC048 25/24 Q1013,WALS,2026-08-21 14:30:00,1,,1.0,,10000.0,,BKN,4000.0,,OVC,4800.0,,,,,0,25.0,24.0,1013.0,0,0,,4000.0,0.0,0.0,7000.0,1.0,,31000.0,0.0,0.0,5000.0,1.0,,30000.0,0.0,0.0,1200.0,1.0,,300.0,0.0,0.0,10000.0,6.0,,,0.0,0.0,10000.0,1.0,,4300.0
METAR WALS 211500Z AUTO 26001KT 9999 BKN040 BKN050 24/23 Q1013,WALS,2026-08-21 15:00:00,1,260.0,1.0,,10000.0,,BKN,4000.0,,BKN,5000.0,,,,,0,24.0,23.0,1013.0,0,0,,4000.0,0.0,0.0,5000.0,2.0,,31000.0,0.0,0.0,4400.0,1.0,,4100.0,0.0,0.0,1200.0,1.0,,300.0,0.0,0.0,10000.0,8.0,,,0.0,0.0,10000.0,2.0,,1700.0
METAR WALS 211530Z AUTO VRB01KT 7000 FEW037 BKN310 24/23 Q1013,WALS,2026-08-21 15:30:00,1,,1.0,,7000.0,,FEW,3700.0,,BKN,31000.0,,,,,0,24.0,23.0,1013.0,0,0,,31000.0,0.0,0.0,6000.0,1.0,,4800.0,0.0,0.0,1300.0,1.0,,31000.0,0.0,0.0,450.0,1.0,,300.0,0.0,0.0,10000.0,8.0,,,0.0,0.0,10000.0,1.0,,
METAR WALS 211600Z AUTO 16002KT 5000 OVC310 24/23 Q1013,WALS,2026-08-21 16:00:00,1,160.0,2.0,,5000.0,,OVC,31000.0,,,,,,,,0,24.0,23.0,1013.0,0,0,,31000.0,0.0,0.0,9000.0,1.0,,4200.0,0.0,0.0,2900.0,1.0,,3900.0,0.0,0.0,650.0,0.0,,300.0,0.0,0.0,10000.0,5.0,,,0.0,0.0,7000.0,1.0,,1400.0
METAR WALS 211630Z AUTO VRB01KT 6000 SCT036 BKN048 OVC300 24/23 Q1012,WALS,2026-08-21 16:30:00,1,,1.0,,6000.0,,SCT,3600.0,,BKN,4800.0,,OVC,30000.0,,0,24.0,23.0,1012.0,0,0,,4800.0,0.0,0.0,5000.0,1.0,,30000.0,0.0,0.0,1100.0,1.0,,3600.0,0.0,0.0,500.0,0.0,,,0.0,0.0,10000.0,3.0,,,0.0,0.0,9000.0,1.0,,1600.0
METAR WALS 211700Z AUTO 33001KT 9000 BKN042 BKN055 BKN310 23/23 Q1012,WALS,2026-08-21 17:00:00,1,330.0,1.0,,9000.0,,BKN,4200.0,,BKN,5500.0,,BKN,31000.0,,0,23.0,23.0,1012.0,0,0,,4200.0,0.0,0.0,4400.0,1.0,,4100.0,0.0,0.0,4600.0,0.0,,4000.0,0.0,0.0,800.0,1.0,,,0.0,0.0,10000.0,6.0,,,0.0,0.0,6000.0,1.0,,1600.0
METAR WALS 211730Z AUTO 36001KT 5000 SCT043 OVC300 23/23 Q1012,WALS,2026-08-21 17:30:00,1,360.0,1.0,,5000.0,,SCT,4300.0,,OVC,30000.0,,,,,0,23.0,23.0,1012.0,0,0,,30000.0,0.0,0.0,1300.0,1.0,,31000.0,0.0,0.0,1200.0,1.0,,300.0,0.0,0.0,2000.0,0.0,,,0.0,0.0,10000.0,6.0,,,0.0,0.0,8000.0,1.0,,3000.0
METAR WALS 211800Z AUTO 36001KT 4400 BR BKN041 BKN060 OVC310 23/23 Q1011,WALS,2026-08-21 18:00:00,1,360.0,1.0,,4400.0,"('', None, '', 'BR', None)",BKN,4100.0,,BKN,6000.0,,OVC,31000.0,,0,23.0,23.0,1011.0,0,0,,4100.0,0.0,0.0,2900.0,1.0,,3900.0,0.0,0.0,1200.0,1.0,,300.0,0.0,0.0,4000.0,1.0,,,0.0,0.0,10000.0,8.0,,,0.0,0.0,7000.0,1.0,,4900.0
METAR WALS 211830Z AUTO VRB01KT 1300 R04/P2000U R22/1600D BR SCT039 SCT050 OVC310 23/23 Q1011,WALS,2026-08-21 18:30:00,1,,1.0,,1300.0,"('', None, '', 'BR', None)",SCT,3900.0,,SCT,5000.0,,OVC,31000.0,,0,23.0,23.0,1011.0,0,0,,31000.0,0.0,0.0,1100.0,1.0,,3600.0,0.0,0.0,450.0,1.0,,300.0,0.0,0.0,6000.0,3.0,,,0.0,0.0,10000.0,6.0,,,0.0,0.0,1700.0,0.0,,3300.0
METAR WALS 211900Z AUTO VRB01KT 2900 BR SCT003 OVC039 23/22 Q1011,WALS,2026-08-21 19:00:00,1,,1.0,,2900.0,"('', None, '', 'BR', None)",SCT,300.0,,OVC,3900.0,,,,,0,23.0,22.0,1011.0,0,0,,3900.0,0.0,0.0,4600.0,0.0,,4000.0,0.0,0.0,650.0,0.0,,300.0,0.0,0.0,6000.0,3.0,,,0.0,0.0,10000.0,7.0,,,0.0,0.0,3800.0,1.0,,3800.0
METAR WALS 211930Z AUTO 36001KT 1100 R04/P2000U R22/1500N BR SCT004 BKN036 OVC042 23/22 Q1011,WALS,2026-08-21 19:30:00,1,360.0,1.0,,1100.0,"('', None, '', 'BR', None)",SCT,400.0,,BKN,3600.0,,OVC,4200.0,,0,23.0,22.0,1011.0,0,0,,3600.0,0.0,0.0,1200.0,1.0,,300.0,0.0,0.0,500.0,0.0,,,0.0,0.0,10000.0,6.0,,,0.0,0.0,10000.0,6.0,,,0.0,0.0,4500.0,1.0,,4100.0
METAR WALS 212000Z AUTO 00000KT 4600 BR FEW003 SCT031 BKN040 23/22 Q1011,WALS,2026-08-21 20:00:00,1,0.0,0.0,,4600.0,"('', None, '', 'BR', None)",FEW,300.0,,SCT,3100.0,,BKN,4000.0,,0,23.0,22.0,1011.0,0,0,,4000.0,0.0,0.0,1200.0,1.0,,300.0,0.0,0.0,800.0,1.0,,,0.0,0.0,10000.0,6.0,,,0.0,0.0,10000.0,7.0,,,0.0,0.0,5000.0,1.0,,5500.0
METAR WALS 212030Z AUTO VRB01KT 1200 R04/P2000U R22/1500U BR BKN003 BKN018 OVC055 22/22 Q1011,WALS,2026-08-21 20:30:00,1,,1.0,,1200.0,"('', None, '', 'BR', None)",BKN,300.0,,BKN,1800.0,,OVC,5500.0,,0,22.0,22.0,1011.0,0,0,,300.0,0.0,0.0,450.0,1.0,,300.0,0.0,0.0,2000.0,0.0,,,0.0,0.0,10000.0,6.0,,,0.0,0.0,10000.0,6.0,,,0.0,0.0,900.0,1.0,,100.0
METAR WALS 212100Z AUTO VRB01KT 1200 R04/P2000D R22/1400U BR BKN003 BKN018 OVC033 22/22 Q1011,WALS,2026-08-21 21:00:00,1,,1.0,,1200.0,"('', None, '', 'BR', None)",BKN,300.0,,BKN,1800.0,,OVC,3300.0,,0,22.0,22.0,1011.0,0,0,,300.0,0.0,0.0,650.0,0.0,,300.0,0.0,0.0,4000.0,1.0,,,0.0,0.0,10000.0,8.0,,,0.0,0.0,10000.0,7.0,,,0.0,0.0,300.0,1.0,,100.0
METAR WALS 212130Z AUTO VRB01KT 0450 R04/P2000D R22/0700N FG OVC003 22/22 Q1012,WALS,2026-08-21 21:30:00,1,,1.0,,450.0,"('', None, '', 'FG', None)",OVC,300.0,,,,,,,,0,22.0,22.0,1012.0,0,0,,300.0,0.0,0.0,500.0,0.0,,,0.0,0.0,6000.0,3.0,,,0.0,0.0,10000.0,8.0,,,0.0,0.0,10000.0,7.0,,,0.0,0.0,1300.0,1.0,,6000.0
METAR WALS 212200Z AUTO 00000KT 0650 R04/P2000D R22/1100D FG OVC003 22/22 Q1012,WALS,2026-08-21 22:00:00,1,0.0,0.0,,650.0,"('', None, '', 'FG', None)",OVC,300.0,,,,,,,,0,22.0,22.0,1012.0,0,0,,300.0,0.0,0.0,800.0,1.0,,,0.0,0.0,6000.0,3.0,,,0.0,0.0,10000.0,5.0,,,0.0,0.0,10000.0,6.0,,,0.0,0.0,300.0,0.0,,
METAR WALS 212230Z 00000KT 0500 FG NSC 22/22 Q1012 BECMG TL2400 5000 NSW,WALS,2026-08-21 22:30:00,0,0.0,0.0,,500.0,"('', None, '', 'FG', None)",NSC,,,,,,,,,0,22.0,22.0,1012.0,0,0,,,0.0,0.0,2000.0,0.0,,,0.0,0.0,10000.0,6.0,,,0.0,0.0,10000.0,3.0,,,0.0,0.0,10000.0,3.0,,,0.0,0.0,1500.0,0.0,,
METAR WALS 212300Z VRB01KT 0800 FG NSC 23/23 Q1012 BECMG TL2400 5000 NSW,WALS,2026-08-21 23:00:00,0,,1.0,,800.0,"('', None, '', 'FG', None)",NSC,,,,,,,,,0,23.0,23.0,1012.0,0,0,,,0.0,0.0,4000.0,1.0,,,0.0,0.0,10000.0,6.0,,,0.0,0.0,10000.0,6.0,,,0.0,0.0,10000.0,4.0,,2700.0,0.0,0.0,2000.0,1.0,,
METAR WALS 212330Z 00000KT 2000 R04/P2000 R22/1500 BR SCT002 25/24 Q1013 BECMG TL2400 5000 NSW,WALS,2026-08-21 23:30:00,0,0.0,0.0,,2000.0,"('', None, '', 'BR', None)",SCT,200.0,,,,,,,,0,25.0,24.0,1013.0,0,0,,,0.0,0.0,6000.0,3.0,,,0.0,0.0,10000.0,6.0,,,0.0,0.0,10000.0,6.0,,,0.0,0.0,10000.0,3.0,,5000.0,0.0,0.0,3000.0,2.0,,
METAR WALS 220000Z VRB01KT 4000 BR SCT002 27/24 Q1013 BECMG FM0020 5000 NSW,WALS,2026-08-22 00:00:00,0,,1.0,,4000.0,"('', None, '', 'BR', None)",SCT,200.0,,,,,,,,0,27.0,24.0,1013.0,0,0,,,0.0,0.0,6000.0,3.0,,,0.0,0.0,10000.0,8.0,,,0.0,0.0,10000.0,8.0,,,0.0,0.0,10000.0,2.0,,6000.0,0.0,0.0,8000.0,1.0,,
METAR WALS 220030Z 23003KT 190V290 6000 FEW007 28/25 Q1013 NOSIG,WALS,2026-08-22 00:30:00,0,230.0,3.0,,6000.0,,FEW,700.0,,,,,,,,0,28.0,25.0,1013.0,0,0,,,0.0,0.0,10000.0,6.0,,,0.0,0.0,10000.0,8.0,,,0.0,0.0,10000.0,6.0,,,0.0,0.0,10000.0,3.0,,,0.0,0.0,10000.0,3.0,,
METAR WALS 220130Z 21006KT 150V280 9999 SCT019 30/24 Q1013 NOSIG,WALS,2026-08-22 01:30:00,0,210.0,6.0,,10000.0,,SCT,1900.0,,,,,,,,0,30.0,24.0,1013.0,0,0,,,0.0,0.0,10000.0,6.0,,,0.0,0.0,10000.0,3.0,,,0.0,0.0,10000.0,6.0,,,0.0,0.0,10000.0,1.0,,2600.0,0.0,0.0,10000.0,4.0,,
METAR WALS 220200Z 21006KT 160V270 9999 SCT018 31/24 Q1013 NOSIG,WALS,2026-08-22 02:00:00,0,210.0,6.0,,10000.0,,SCT,1800.0,,,,,,,,0,31.0,24.0,1013.0,0,0,,,0.0,0.0,10000.0,8.0,,,0.0,0.0,10000.0,6.0,,,0.0,0.0,10000.0,7.0,,,0.0,0.0,10000.0,1.0,,2000.0,0.0,0.0,10000.0,5.0,,
METAR WALS 220230Z 23006KT 9999 SCT022 31/23 Q1013 NOSIG,WALS,2026-08-22 02:30:00,0,230.0,6.0,,10000.0,,SCT,2200.0,,,,,,,,0,31.0,23.0,1013.0,0,0,,,0.0,0.0,10000.0,8.0,,,0.0,0.0,10000.0,6.0,,,0.0,0.0,10000.0,6.0,,,0.0,0.0,10000.0,1.0,,4300.0,0.0,0.0,10000.0,5.0,,
METAR WALS 220300Z 18008KT 140V240 9999 SCT025 32/23 Q1012 NOSIG,WALS,2026-08-22 03:00:00,0,180.0,8.0,,10000.0,,SCT,2500.0,,,,,,,,0,32.0,23.0,1012.0,0,0,,,0.0,0.0,10000.0,5.0,,,0.0,0.0,10000.0,8.0,,,0.0,0.0,10000.0,7.0,,,0.0,0.0,10000.0,2.0,,1700.0,0.0,0.0,10000.0,6.0,,
METAR WALS 220330Z 21008KT 160V270 9999 SCT025 32/23 Q1012 NOSIG,WALS,2026-08-22 03:30:00,0,210.0,8.0,,10000.0,,SCT,2500.0,,,,,,,,0,32.0,23.0,1012.0,0,0,,,0.0,0.0,10000.0,3.0,,,0.0,0.0,10000.0,6.0,,,0.0,0.0,10000.0,7.0,,,0.0,0.0,10000.0,1.0,,,0.0,0.0,10000.0,5.0,,
METAR WALS 220400Z VRB05KT 9999 SCT025 33/23 Q1012 NOSIG,WALS,2026-08-22 04:00:00,0,,5.0,,10000.0,,SCT,2500.0,,,,,,,,0,33.0,23.0,1012.0,0,0,,,0.0,0.0,10000.0,6.0,,,0.0,0.0,10000.0,7.0,,,0.0,0.0,10000.0,6.0,,,0.0,0.0,7000.0,1.0,,1400.0,0.0,0.0,10000.0,4.0,,
METAR WALS 220430Z VRB03KT 9999 SCT025 33/23 Q1011 NOSIG,WALS,2026-08-22 04:30:00,0,,3.0,,10000.0,,SCT,2500.0,,,,,,,,0,33.0,23.0,1011.0,0,0,,,0.0,0.0,10000.0,6.0,,,0.0,0.0,10000.0,6.0,,,0.0,0.0,10000.0,3.0,,,0.0,0.0,9000.0,1.0,,1600.0,0.0,0.0,10000.0,7.0,,
METAR WALS 220500Z 19006KT 100V240 9999 SCT030 32/23 Q1011 NOSIG,WALS,2026-08-22 05:00:00,0,190.0,6.0,,10000.0,,SCT,3000.0,,,,,,,,0,32.0,23.0,1011.0,0,0,,,0.0,0.0,10000.0,8.0,,,0.0,0.0,10000.0,7.0,,,0.0,0.0,10000.0,4.0,,2700.0,0.0,0.0,6000.0,1.0,,1600.0,0.0,0.0,10000.0,9.0,,
METAR WALS 220530Z 21006KT 9999 SCT030 33/23 Q1010 NOSIG,WALS,2026-08-22 05:30:00,0,210.0,6.0,,10000.0,,SCT,3000.0,,,,,,,,0,33.0,23.0,1010.0,0,0,,,0.0,0.0,10000.0,6.0,,,0.0,0.0,10000.0,6.0,,,0.0,0.0,10000.0,3.0,,5000.0,0.0,0.0,8000.0,1.0,,3000.0,0.0,0.0,10000.0,6.0,,
METAR WALS 220600Z 21008KT 180V250 9999 SCT020 33/23 Q1009 NOSIG,WALS,2026-08-22 06:00:00,0,210.0,8.0,,10000.0,,SCT,2000.0,,,,,,,,0,33.0,23.0,1009.0,0,0,,,0.0,0.0,10000.0,7.0,,,0.0,0.0,10000.0,7.0,,,0.0,0.0,10000.0,2.0,,6000.0,0.0,0.0,7000.0,1.0,,4900.0,0.0,0.0,10000.0,8.0,,
METAR WALS 220630Z 24006KT 170V280 9999 SCT020 34/23 Q1009 NOSIG,WALS,2026-08-22 06:30:00,0,240.0,6.0,,10000.0,,SCT,2000.0,,,,,,,,0,34.0,23.0,1009.0,0,0,,,0.0,0.0,10000.0,6.0,,,0.0,0.0,10000.0,7.0,,,0.0,0.0,10000.0,3.0,,,0.0,0.0,1700.0,0.0,,3300.0,0.0,0.0,10000.0,8.0,,
METAR WALS 220700Z 21007KT 140V250 9999 SCT020 33/23 Q1009 NOSIG,WALS,2026-08-22 07:00:00,0,210.0,7.0,,10000.0,,SCT,2000.0,,,,,,,,0,33.0,23.0,1009.0,0,0,,,0.0,0.0,10000.0,7.0,,,0.0,0.0,10000.0,6.0,,,0.0,0.0,10000.0,1.0,,3800.0,0.0,0.0,3800.0,1.0,,3800.0,0.0,0.0,9000.0,9.0,,
METAR WALS 220730Z 19006KT 140V250 9999 FEW020 34/23 Q1008 NOSIG,WALS,2026-08-22 07:30:00,0,190.0,6.0,,10000.0,,FEW,2000.0,,,,,,,,0,34.0,23.0,1008.0,0,0,,,0.0,0.0,10000.0,6.0,,,0.0,0.0,10000.0,3.0,,,0.0,0.0,10000.0,1.0,,2600.0,0.0,0.0,4500.0,1.0,,4100.0,0.0,0.0,10000.0,9.0,,
METAR WALS 220800Z 21007KT 160V250 9999 FEW020 33/23 Q1009 NOSIG,WALS,2026-08-22 08:00:00,0,210.0,7.0,,10000.0,,FEW,2000.0,,,,,,,,0,33.0,23.0,1009.0,0,0,,,0.0,0.0,10000.0,7.0,,,0.0,0.0,10000.0,4.0,,2700.0,0.0,0.0,10000.0,1.0,,2000.0,0.0,0.0,5000.0,1.0,,5500.0,0.0,0.0,8000.0,9.0,,
METAR WALS 220830Z 20006KT 160V240 9999 FEW022 33/24 Q1009 NOSIG,WALS,2026-08-22 08:30:00,0,200.0,6.0,,10000.0,,FEW,2200.0,,,,,,,,0,33.0,24.0,1009.0,0,0,,,0.0,0.0,10000.0,7.0,,,0.0,0.0,10000.0,3.0,,5000.0,0.0,0.0,10000.0,1.0,,4300.0,0.0,0.0,900.0,1.0,,100.0,0.0,0.0,8000.0,10.0,,
METAR WALS 220900Z 19007KT 140V230 9999 FEW025 31/24 Q1009 NOSIG,WALS,2026-08-22 09:00:00,0,190.0,7.0,,10000.0,,FEW,2500.0,,,,,,,,0,31.0,24.0,1009.0,0,0,,,0.0,0.0,10000.0,6.0,,,0.0,0.0,10000.0,2.0,,6000.0,0.0,0.0,10000.0,2.0,,1700.0,0.0,0.0,300.0,1.0,,100.0,0.0,0.0,9000.0,8.0,,
METAR WALS 220930Z 19007KT 140V240 9999 FEW025 30/24 Q1009 NOSIG,WALS,2026-08-22 09:30:00,0,190.0,7.0,,10000.0,,FEW,2500.0,,,,,,,,0,30.0,24.0,1009.0,0,0,,,0.0,0.0,10000.0,3.0,,,0.0,0.0,10000.0,3.0,,,0.0,0.0,10000.0,1.0,,,0.0,0.0,1300.0,1.0,,6000.0,0.0,0.0,8000.0,8.0,,
METAR WALS 221000Z 20006KT 160V230 9999 FEW025 29/24 Q1010 NOSIG,WALS,2026-08-22 10:00:00,0,200.0,6.0,,10000.0,,FEW,2500.0,,,,,,,,0,29.0,24.0,1010.0,0,0,,,0.0,0.0,10000.0,4.0,,2700.0,0.0,0.0,10000.0,1.0,,3800.0,0.0,0.0,7000.0,1.0,,1400.0,0.0,0.0,300.0,0.0,,,0.0,0.0,7000.0,8.0,,
METAR WALS 221030Z AUTO 18003KT 150V240 9999 SCT032 SCT038 SCT048 28/24 Q1010 NOSIG,WALS,2026-08-22 10:30:00,1,180.0,3.0,,10000.0,,SCT,3200.0,,SCT,3800.0,,SCT,4800.0,,0,28.0,24.0,1010.0,0,0,,,0.0,0.0,10000.0,3.0,,5000.0,0.0,0.0,10000.0,1.0,,2600.0,0.0,0.0,9000.0,1.0,,1600.0,0.0,0.0,1500.0,0.0,,,0.0,0.0,6000.0,4.0,,3600.0
METAR WALS 221100Z AUTO 20004KT 170V230 9999 BKN027 BKN040 BKN050 28/24 Q1010 NOSIG,WALS,2026-08-22 11:00:00,1,200.0,4.0,,10000.0,,BKN,2700.0,,BKN,4000.0,,BKN,5000.0,,0,28.0,24.0,1010.0,0,0,,2700.0,0.0,0.0,10000.0,2.0,,6000.0,0.0,0.0,10000.0,1.0,,2000.0,0.0,0.0,6000.0,1.0,,1600.0,0.0,0.0,2000.0,1.0,,,0.0,0.0,5000.0,5.0,,200.0
METAR WALS 221130Z AUTO 18003KT 140V220 9999 FEW029 SCT042 OVC050 27/23 Q1011 NOSIG,WALS,2026-08-22 11:30:00,1,180.0,3.0,,10000.0,,FEW,2900.0,,SCT,4200.0,,OVC,5000.0,,0,27.0,23.0,1011.0,0,0,,5000.0,0.0,0.0,10000.0,3.0,,,0.0,0.0,10000.0,1.0,,4300.0,0.0,0.0,8000.0,1.0,,3000.0,0.0,0.0,3000.0,2.0,,,0.0,0.0,8000.0,4.0,,6000.0
METAR WALS 221200Z AUTO VRB02KT 9999 FEW037 SCT047 BKN060 27/23 Q1011,WALS,2026-08-22 12:00:00,1,,2.0,,10000.0,,FEW,3700.0,,SCT,4700.0,,BKN,6000.0,,0,27.0,23.0,1011.0,0,0,,6000.0,0.0,0.0,10000.0,1.0,,3800.0,0.0,0.0,10000.0,2.0,,1700.0,0.0,0.0,7000.0,1.0,,4900.0,0.0,0.0,8000.0,1.0,,,0.0,0.0,9000.0,3.0,,1800.0
METAR WALS 221230Z AUTO 21003KT 180V240 9999 SCT029 SCT039 SCT050 27/23 Q1011,WALS,2026-08-22 12:30:00,1,210.0,3.0,,10000.0,,SCT,2900.0,,SCT,3900.0,,SCT,5000.0,,0,27.0,23.0,1011.0,0,0,,,0.0,0.0,10000.0,1.0,,2600.0,0.0,0.0,10000.0,1.0,,,0.0,0.0,1700.0,0.0,,3300.0,0.0,0.0,10000.0,3.0,,,0.0,0.0,10000.0,3.0,,300.0
METAR WALS 221300Z AUTO 20001KT 9999 FEW028 BKN038 26/24 Q1012,WALS,2026-08-22 13:00:00,1,200.0,1.0,,10000.0,,FEW,2800.0,,BKN,3800.0,,,,,0,26.0,24.0,1012.0,0,0,,3800.0,0.0,0.0,10000.0,1.0,,2000.0,0.0,0.0,7000.0,1.0,,1400.0,0.0,0.0,3800.0,1.0,,3800.0,0.0,0.0,10000.0,3.0,,,0.0,0.0,10000.0,4.0,,6500.0
METAR WALS 221330Z AUTO VRB01KT 9999 SCT021 BKN026 BKN039 26/24 Q1012,WALS,2026-08-22 13:30:00,1,,1.0,,10000.0,,SCT,2100.0,,BKN,2600.0,,BKN,3900.0,,0,26.0,24.0,1012.0,0,0,,2600.0,0.0,0.0,10000.0,1.0,,4300.0,0.0,0.0,9000.0,1.0,,1600.0,0.0,0.0,4500.0,1.0,,4100.0,0.0,0.0,10000.0,4.0,,,0.0,0.0,10000.0,2.0,,7000.0
METAR WALS 221400Z AUTO VRB01KT 9999 BKN020 OVC042 25/24 Q1012,WALS,2026-08-22 14:00:00,1,,1.0,,10000.0,,BKN,2000.0,,OVC,4200.0,,,,,0,25.0,24.0,1012.0,0,0,,2000.0,0.0,0.0,10000.0,2.0,,1700.0,0.0,0.0,6000.0,1.0,,1600.0,0.0,0.0,5000.0,1.0,,5500.0,0.0,0.0,10000.0,5.0,,,0.0,0.0,10000.0,2.0,,7000.0
METAR WALS 221430Z AUTO VRB01KT 9999 FEW020 BKN043 BKN048 24/24 Q1013,WALS,2026-08-22 14:30:00,1,,1.0,,10000.0,,FEW,2000.0,,BKN,4300.0,,BKN,4800.0,,0,24.0,24.0,1013.0,0,0,,4300.0,0.0,0.0,10000.0,1.0,,,0.0,0.0,8000.0,1.0,,3000.0,0.0,0.0,900.0,1.0,,100.0,0.0,0.0,10000.0,5.0,,,0.0,0.0,10000.0,3.0,,5000.0
METAR WALS 221500Z AUTO 30002KT 9999 BKN017 BKN023 BKN041 24/23 Q1013,WALS,2026-08-22 15:00:00,1,300.0,2.0,,10000.0,,BKN,1700.0,,BKN,2300.0,,BKN,4100.0,,0,24.0,23.0,1013.0,0,0,,1700.0,0.0,0.0,7000.0,1.0,,1400.0,0.0,0.0,7000.0,1.0,,4900.0,0.0,0.0,300.0,1.0,,100.0,0.0,0.0,10000.0,6.0,,,0.0,0.0,10000.0,2.0,,4300.0
METAR WALS 221530Z AUTO VRB01KT 9999 FEW014 SCT034 SCT039 24/23 Q1012,WALS,2026-08-22 15:30:00,1,,1.0,,10000.0,,FEW,1400.0,,SCT,3400.0,,SCT,3900.0,,0,24.0,23.0,1012.0,0,0,,,0.0,0.0,9000.0,1.0,,1600.0,0.0,0.0,1700.0,0.0,,3300.0,0.0,0.0,1300.0,1.0,,6000.0,0.0,0.0,10000.0,5.0,,,0.0,0.0,2200.0,2.0,,4700.0
METAR WALS 221600Z AUTO VRB01KT 7000 BKN014 OVC027 24/24 Q1012,WALS,2026-08-22 16:00:00,1,,1.0,,7000.0,,BKN,1400.0,,OVC,2700.0,,,,,0,24.0,24.0,1012.0,0,0,,1400.0,0.0,0.0,6000.0,1.0,,1600.0,0.0,0.0,3800.0,1.0,,3800.0,0.0,0.0,300.0,0.0,,,0.0,0.0,10000.0,4.0,,,0.0,0.0,4700.0,2.0,,5500.0
METAR WALS 221630Z AUTO VRB01KT 9000 OVC016 24/23 Q1012,WALS,2026-08-22 16:30:00,1,,1.0,,9000.0,,OVC,1600.0,,,,,,,,0,24.0,23.0,1012.0,0,0,,1600.0,0.0,0.0,8000.0,1.0,,3000.0,0.0,0.0,4500.0,1.0,,4100.0,0.0,0.0,1500.0,0.0,,,0.0,0.0,10000.0,7.0,,,0.0,0.0,9000.0,3.0,,5500.0
METAR WALS 221700Z AUTO VRB01KT 6000 OVC016 23/23 Q1012,WALS,2026-08-22 17:00:00,1,,1.0,,6000.0,,OVC,1600.0,,,,,,,,0,23.0,23.0,1012.0,0,0,,1600.0,0.0,0.0,7000.0,1.0,,4900.0,0.0,0.0,5000.0,1.0,,5500.0,0.0,0.0,2000.0,1.0,,,0.0,0.0,10000.0,9.0,,,0.0,0.0,7000.0,2.0,,3300.0
METAR WALS 221730Z AUTO 30001KT 8000 SCT016 SCT024 BKN030 23/23 Q1012,WALS,2026-08-22 17:30:00,1,300.0,1.0,,8000.0,,SCT,1600.0,,SCT,2400.0,,BKN,3000.0,,0,23.0,23.0,1012.0,0,0,,3000.0,0.0,0.0,1700.0,0.0,,3300.0,0.0,0.0,900.0,1.0,,100.0,0.0,0.0,3000.0,2.0,,,0.0,0.0,10000.0,6.0,,,0.0,0.0,6000.0,3.0,,3200.0
METAR WALS 221800Z AUTO VRB01KT 7000 FEW015 SCT029 BKN049 23/23 Q1011,WALS,2026-08-22 18:00:00,1,,1.0,,7000.0,,FEW,1500.0,,SCT,2900.0,,BKN,4900.0,,0,23.0,23.0,1011.0,0,0,,4900.0,0.0,0.0,3800.0,1.0,,3800.0,0.0,0.0,300.0,1.0,,100.0,0.0,0.0,8000.0,1.0,,,0.0,0.0,10000.0,8.0,,,0.0,0.0,6000.0,3.0,,3400.0
METAR WALS 221830Z AUTO 00000KT 1700 BR BKN033 OVC041 23/23 Q1011,WALS,2026-08-22 18:30:00,1,0.0,0.0,,1700.0,"('', None, '', 'BR', None)",BKN,3300.0,,OVC,4100.0,,,,,0,23.0,23.0,1011.0,0,0,,3300.0,0.0,0.0,4500.0,1.0,,4100.0,0.0,0.0,1300.0,1.0,,6000.0,0.0,0.0,10000.0,3.0,,,0.0,0.0,10000.0,8.0,,,0.0,0.0,8000.0,2.0,,4200.0
METAR WALS 221900Z AUTO 15001KT 3800 BR FEW003 FEW027 BKN038 23/23 Q1011,WALS,2026-08-22 19:00:00,1,150.0,1.0,,3800.0,"('', None, '', 'BR', None)",FEW,300.0,,FEW,2700.0,,BKN,3800.0,,0,23.0,23.0,1011.0,0,0,,3800.0,0.0,0.0,5000.0,1.0,,5500.0,0.0,0.0,300.0,0.0,,,0.0,0.0,10000.0,3.0,,,0.0,0.0,9000.0,9.0,,,0.0,0.0,3600.0,2.0,,6000.0
METAR WALS 221930Z AUTO VRB01KT 4500 BR FEW003 SCT020 BKN041 23/23 Q1011,WALS,2026-08-22 19:30:00,1,,1.0,,4500.0,"('', None, '', 'BR', None)",FEW,300.0,,SCT,2000.0,,BKN,4100.0,,0,23.0,23.0,1011.0,0,0,,4100.0,0.0,0.0,900.0,1.0,,100.0,0.0,0.0,1500.0,0.0,,,0.0,0.0,10000.0,4.0,,,0.0,0.0,10000.0,9.0,,,0.0,0.0,6000.0,2.0,,6000.0
METAR WALS 222000Z AUTO 27001KT 5000 FEW003 SCT030 BKN055 22/22 Q1011,WALS,2026-08-22 20:00:00,1,270.0,1.0,,5000.0,,FEW,300.0,,SCT,3000.0,,BKN,5500.0,,0,22.0,22.0,1011.0,0,0,,5500.0,0.0,0.0,300.0,1.0,,100.0,0.0,0.0,2000.0,1.0,,,0.0,0.0,10000.0,5.0,,,0.0,0.0,8000.0,9.0,,,0.0,0.0,3800.0,1.0,,5000.0
METAR WALS 222030Z AUTO 36001KT 0900 R04/1300N R22/P2000D FG OVC001 23/22 Q1011,WALS,2026-08-22 20:30:00,1,360.0,1.0,,900.0,"('', None, '', 'FG', None)",OVC,100.0,,,,,,,,0,23.0,22.0,1011.0,0,0,,100.0,0.0,0.0,1300.0,1.0,,6000.0,0.0,0.0,3000.0,2.0,,,0.0,0.0,10000.0,5.0,,,0.0,0.0,8000.0,10.0,,,0.0,0.0,6000.0,1.0,,5000.0
METAR WALS 222100Z AUTO 13001KT 0300 R04/0500N R22/P2000U FG BKN001 BKN048 22/22 Q1011,WALS,2026-08-22 21:00:00,1,130.0,1.0,,300.0,"('', None, '', 'FG', None)",BKN,100.0,,BKN,4800.0,,,,,0,22.0,22.0,1011.0,0,0,,100.0,0.0,0.0,300.0,0.0,,,0.0,0.0,8000.0,1.0,,,0.0,0.0,10000.0,6.0,,,0.0,0.0,9000.0,8.0,,,0.0,0.0,8000.0,0.0,,4900.0
METAR WALS 222130Z AUTO VRB01KT 1300 R04/P2000D R22/1800N BR SCT001 SCT034 BKN060 22/22 Q1012,WALS,2026-08-22 21:30:00,1,,1.0,,1300.0,"('', None, '', 'BR', None)",SCT,100.0,,SCT,3400.0,,BKN,6000.0,,0,22.0,22.0,1012.0,0,0,,6000.0,0.0,0.0,1500.0,0.0,,,0.0,0.0,10000.0,3.0,,,0.0,0.0,10000.0,5.0,,,0.0,0.0,8000.0,8.0,,,0.0,0.0,7000.0,1.0,,4900.0
METAR WALS 222200Z AUTO 00000KT 0300 R04/P2000U R22/0600N FG VV000 22/22 Q1012,WALS,2026-08-22 22:00:00,1,0.0,0.0,,300.0,"('', None, '', 'FG', None)",VV,0.0,,,,,,,,0,22.0,22.0,1012.0,0,0,,,0.0,0.0,2000.0,1.0,,,0.0,0.0,10000.0,3.0,,,0.0,0.0,10000.0,4.0,,,0.0,0.0,7000.0,8.0,,,0.0,0.0,8000.0,1.0,,
METAR WALS 222230Z 00000KT 1500 0600NE BR VV002 22/22 Q1012 BECMG TL2330 5000 NSW,WALS,2026-08-22 22:30:00,0,0.0,0.0,,1500.0,"('', None, '', 'BR', None)",VV,200.0,,,,,,,,0,22.0,22.0,1012.0,0,0,,,0.0,0.0,3000.0,2.0,,,0.0,0.0,10000.0,4.0,,,0.0,0.0,10000.0,7.0,,,0.0,0.0,6000.0,4.0,,3600.0,0.0,0.0,7000.0,0.0,,
METAR WALS 222300Z 10001KT 2000 BR SCT002 23/23 Q1013 BECMG TL2400 5000 NSW,WALS,2026-08-22 23:00:00,0,100.0,1.0,,2000.0,"('', None, '', 'BR', None)",SCT,200.0,,,,,,,,0,23.0,23.0,1013.0,0,0,,,0.0,0.0,8000.0,1.0,,,0.0,0.0,10000.0,5.0,,,0.0,0.0,10000.0,9.0,,,0.0,0.0,5000.0,5.0,,200.0,0.0,0.0,6000.0,1.0,,
METAR WALS 222330Z 33002KT 3000 BR SCT008 24/23 Q1013 BECMG TL2400 7000 NSW,WALS,2026-08-22 23:30:00,0,330.0,2.0,,3000.0,"('', None, '', 'BR', None)",SCT,800.0,,,,,,,,0,24.0,23.0,1013.0,0,0,,,0.0,0.0,10000.0,3.0,,,0.0,0.0,10000.0,5.0,,,0.0,0.0,10000.0,6.0,,,0.0,0.0,8000.0,4.0,,6000.0,0.0,0.0,7000.0,2.0,,
METAR WALS 230000Z VRB01KT 8000 NSC 27/24 Q1013 NOSIG,WALS,2026-08-23 00:00:00,0,,1.0,,8000.0,,NSC,,,,,,,,,0,27.0,24.0,1013.0,0,0,,,0.0,0.0,10000.0,3.0,,,0.0,0.0,10000.0,6.0,,,0.0,0.0,10000.0,8.0,,,0.0,0.0,9000.0,3.0,,1800.0,0.0,0.0,7000.0,3.0,,
METAR WALS 230030Z 24003KT 200V290 CAVOK 28/25 Q1013 NOSIG,WALS,2026-08-23 00:30:00,0,240.0,3.0,,10000.0,,,,,,,,,,,0,28.0,25.0,1013.0,0,0,,,0.0,0.0,10000.0,4.0,,,0.0,0.0,10000.0,5.0,,,0.0,0.0,10000.0,8.0,,,0.0,0.0,10000.0,3.0,,300.0,0.0,0.0,8000.0,4.0,,
METAR WALS 230130Z 22004KT 180V250 CAVOK 31/24 Q1013 NOSIG,WALS,2026-08-23 01:30:00,0,220.0,4.0,,10000.0,,,,,,,,,,,0,31.0,24.0,1013.0,0,0,,,0.0,0.0,10000.0,5.0,,,0.0,0.0,10000.0,7.0,,,0.0,0.0,10000.0,9.0,,,0.0,0.0,10000.0,2.0,,7000.0,0.0,0.0,9000.0,8.0,,
METAR WALS 230200Z 22005KT 150V280 9999 FEW020 32/23 Q1013 NOSIG,WALS,2026-08-23 02:00:00,0,220.0,5.0,,10000.0,,FEW,2000.0,,,,,,,,0,32.0,23.0,1013.0,0,0,,,0.0,0.0,10000.0,6.0,,,0.0,0.0,10000.0,9.0,,,0.0,0.0,8000.0,9.0,,,0.0,0.0,10000.0,2.0,,7000.0,0.0,0.0,10000.0,8.0,,
METAR WALS 230230Z 19005KT 140V250 9999 FEW020 33/23 Q1012 NOSIG,WALS,2026-08-23 02:30:00,0,190.0,5.0,,10000.0,,FEW,2000.0,,,,,,,,0,33.0,23.0,1012.0,0,0,,,0.0,0.0,10000.0,5.0,,,0.0,0.0,10000.0,6.0,,,0.0,0.0,8000.0,10.0,,,0.0,0.0,10000.0,3.0,,5000.0,0.0,0.0,9000.0,8.0,,
METAR WALS 230300Z 22006KT 160V250 9999 FEW020 32/23 Q1012 NOSIG,WALS,2026-08-23 03:00:00,0,220.0,6.0,,10000.0,,FEW,2000.0,,,,,,,,0,32.0,23.0,1012.0,0,0,,,0.0,0.0,10000.0,4.0,,,0.0,0.0,10000.0,8.0,,,0.0,0.0,9000.0,8.0,,,0.0,0.0,10000.0,2.0,,4300.0,0.0,0.0,9000.0,8.0,,
METAR WALS 230330Z 19005KT 140V240 9999 SCT020 34/23 Q1011 NOSIG,WALS,2026-08-23 03:30:00,0,190.0,5.0,,10000.0,,SCT,2000.0,,,,,,,,0,34.0,23.0,1011.0,0,0,,,0.0,0.0,10000.0,7.0,,,0.0,0.0,10000.0,8.0,,,0.0,0.0,8000.0,8.0,,,0.0,0.0,2200.0,2.0,,4700.0,0.0,0.0,9000.0,8.0,,
METAR WALS 230400Z 19004KT 120V250 9999 SCT020 33/23 Q1011 NOSIG,WALS,2026-08-23 04:00:00,0,190.0,4.0,,10000.0,,SCT,2000.0,,,,,,,,0,33.0,23.0,1011.0,0,0,,,0.0,0.0,10000.0,9.0,,,0.0,0.0,9000.0,9.0,,,0.0,0.0,7000.0,8.0,,,0.0,0.0,4700.0,2.0,,5500.0,0.0,0.0,8000.0,8.0,,
METAR WALS 230430Z 18007KT 130V220 9999 SCT020 34/23 Q1011 NOSIG,WALS,2026-08-23 04:30:00,0,180.0,7.0,,10000.0,,SCT,2000.0,,,,,,,,0,34.0,23.0,1011.0,0,0,,,0.0,0.0,10000.0,6.0,,,0.0,0.0,10000.0,9.0,,,0.0,0.0,6000.0,4.0,,3600.0,0.0,0.0,9000.0,3.0,,5500.0,0.0,0.0,9000.0,7.0,,
METAR WALS 230500Z 17009KT 130V190 9999 SCT020 34/24 Q1010 NOSIG,WALS,2026-08-23 05:00:00,0,170.0,9.0,,10000.0,,SCT,2000.0,,,,,,,,0,34.0,24.0,1010.0,0,0,,,0.0,0.0,10000.0,8.0,,,0.0,0.0,8000.0,9.0,,,0.0,0.0,5000.0,5.0,,200.0,0.0,0.0,7000.0,2.0,,3300.0,0.0,0.0,8000.0,9.0,,
METAR WALS 230530Z 20006KT 130V240 9999 SCT020 34/24 Q1010 NOSIG,WALS,2026-08-23 05:30:00,0,200.0,6.0,,10000.0,,SCT,2000.0,,,,,,,,0,34.0,24.0,1010.0,0,0,,,0.0,0.0,10000.0,8.0,,,0.0,0.0,8000.0,10.0,,,0.0,0.0,8000.0,4.0,,6000.0,0.0,0.0,6000.0,3.0,,3200.0,0.0,0.0,8000.0,9.0,,
METAR WALS 230600Z 19008KT 140V250 9999 SCT020 34/24 Q1009 NOSIG,WALS,2026-08-23 06:00:00,0,190.0,8.0,,10000.0,,SCT,2000.0,,,,,,,,0,34.0,24.0,1009.0,0,0,,,0.0,0.0,9000.0,9.0,,,0.0,0.0,9000.0,8.0,,,0.0,0.0,9000.0,3.0,,1800.0,0.0,0.0,6000.0,3.0,,3400.0,0.0,0.0,9000.0,8.0,,
METAR WALS 230630Z 20008KT 160V250 9999 SCT020 34/24 Q1009 NOSIG,WALS,2026-08-23 06:30:00,0,200.0,8.0,,10000.0,,SCT,2000.0,,,,,,,,0,34.0,24.0,1009.0,0,0,,,0.0,0.0,10000.0,9.0,,,0.0,0.0,8000.0,8.0,,,0.0,0.0,10000.0,3.0,,300.0,0.0,0.0,8000.0,2.0,,4200.0,0.0,0.0,10000.0,8.0,,
METAR WALS 230700Z 19009KT 140V240 9000 3400SW FU SCT020 33/25 Q1009 NOSIG,WALS,2026-08-23 07:00:00,0,190.0,9.0,,9000.0,"('', None, '', 'FU', None)",SCT,2000.0,,,,,,,,0,33.0,25.0,1009.0,0,0,,,0.0,0.0,8000.0,9.0,,,0.0,0.0,7000.0,8.0,,,0.0,0.0,10000.0,4.0,,6500.0,0.0,0.0,3600.0,2.0,,6000.0,0.0,0.0,9000.0,8.0,,
METAR WALS 230730Z 18009KT 140V220 9999 4900SW HZ SCT020 33/25 Q1008 RMK RESIDUAL FU SW / VIS NE GT10KM,WALS,2026-08-23 07:30:00,0,180.0,9.0,,10000.0,"('', None, '', 'HZ', None)",SCT,2000.0,,,,,,,,0,33.0,25.0,1008.0,0,0,,,0.0,0.0,8000.0,10.0,,,0.0,0.0,6000.0,4.0,,3600.0,0.0,0.0,10000.0,2.0,,7000.0,0.0,0.0,6000.0,2.0,,6000.0,0.0,0.0,8000.0,8.0,,
METAR WALS 230800Z 18009KT 140V230 8000 FEW020 32/24 Q1008 NOSIG RMK HZ,WALS,2026-08-23 08:00:00,0,180.0,9.0,,8000.0,,FEW,2000.0,,,,,,,,0,32.0,24.0,1008.0,0,0,,,0.0,0.0,9000.0,8.0,,,0.0,0.0,5000.0,5.0,,200.0,0.0,0.0,10000.0,2.0,,7000.0,0.0,0.0,3800.0,1.0,,5000.0,0.0,0.0,7000.0,10.0,,
METAR WALS 230830Z 18010KT 150V220 8000 FEW020 32/24 Q1009 NOSIG RMK HZ,WALS,2026-08-23 08:30:00,0,180.0,10.0,,8000.0,,FEW,2000.0,,,,,,,,0,32.0,24.0,1009.0,0,0,,,0.0,0.0,8000.0,8.0,,,0.0,0.0,8000.0,4.0,,6000.0,0.0,0.0,10000.0,3.0,,5000.0,0.0,0.0,6000.0,1.0,,5000.0,0.0,0.0,7000.0,9.0,,
METAR WALS 230900Z 19008KT 150V240 9000 FEW020 31/24 Q1009 NOSIG,WALS,2026-08-23 09:00:00,0,190.0,8.0,,9000.0,,FEW,2000.0,,,,,,,,0,31.0,24.0,1009.0,0,0,,,0.0,0.0,7000.0,8.0,,,0.0,0.0,9000.0,3.0,,1800.0,0.0,0.0,10000.0,2.0,,4300.0,0.0,0.0,8000.0,0.0,,4900.0,0.0,0.0,7000.0,8.0,,
METAR WALS 230930Z 19008KT 160V220 8000 FEW020 30/24 Q1009 NOSIG,WALS,2026-08-23 09:30:00,0,190.0,8.0,,8000.0,,FEW,2000.0,,,,,,,,0,30.0,24.0,1009.0,0,0,,,0.0,0.0,6000.0,4.0,,3600.0,0.0,0.0,10000.0,3.0,,300.0,0.0,0.0,2200.0,2.0,,4700.0,0.0,0.0,7000.0,1.0,,4900.0,0.0,0.0,7000.0,8.0,,
METAR WALS 231000Z AUTO 19008KT 150V230 7000 SCT003 SCT036 29/24 Q1009,WALS,2026-08-23 10:00:00,1,190.0,8.0,,7000.0,,SCT,300.0,,SCT,3600.0,,,,,0,29.0,24.0,1009.0,0,0,,,0.0,0.0,5000.0,5.0,,200.0,0.0,0.0,10000.0,4.0,,6500.0,0.0,0.0,4700.0,2.0,,5500.0,0.0,0.0,8000.0,1.0,,,0.0,0.0,10000.0,5.0,,
METAR WALS 231030Z AUTO 20004KT 160V240 6000 SCT002 BKN036 28/24 Q1010,WALS,2026-08-23 10:30:00,1,200.0,4.0,,6000.0,,SCT,200.0,,BKN,3600.0,,,,,0,28.0,24.0,1010.0,0,0,,3600.0,0.0,0.0,8000.0,4.0,,6000.0,0.0,0.0,10000.0,2.0,,7000.0,0.0,0.0,9000.0,3.0,,5500.0,0.0,0.0,7000.0,0.0,,,0.0,0.0,10000.0,4.0,,3400.0
METAR WALS 231100Z AUTO 21005KT 170V230 5000 BKN002 BKN029 OVC065 28/24 Q1010,WALS,2026-08-23 11:00:00,1,210.0,5.0,,5000.0,,BKN,200.0,,BKN,2900.0,,OVC,6500.0,,0,28.0,24.0,1010.0,0,0,,200.0,0.0,0.0,9000.0,3.0,,1800.0,0.0,0.0,10000.0,2.0,,7000.0,0.0,0.0,7000.0,2.0,,3300.0,0.0,0.0,6000.0,1.0,,,0.0,0.0,10000.0,4.0,,3800.0
METAR WALS 231130Z AUTO 20004KT 160V230 8000 SCT003 SCT050 BKN060 27/24 Q1011,WALS,2026-08-23 11:30:00,1,200.0,4.0,,8000.0,,SCT,300.0,,SCT,5000.0,,BKN,6000.0,,0,27.0,24.0,1011.0,0,0,,6000.0,0.0,0.0,10000.0,3.0,,300.0,0.0,0.0,10000.0,3.0,,5000.0,0.0,0.0,6000.0,3.0,,3200.0,0.0,0.0,7000.0,2.0,,,0.0,0.0,10000.0,5.0,,3900.0
METAR WALS 231200Z AUTO 22003KT 9000 SCT003 BKN018 BKN060 27/24 Q1011,WALS,2026-08-23 12:00:00,1,220.0,3.0,,9000.0,,SCT,300.0,,BKN,1800.0,,BKN,6000.0,,0,27.0,24.0,1011.0,0,0,,1800.0,0.0,0.0,10000.0,4.0,,6500.0,0.0,0.0,10000.0,2.0,,4300.0,0.0,0.0,6000.0,3.0,,3400.0,0.0,0.0,7000.0,3.0,,,0.0,0.0,10000.0,4.0,,5500.0
METAR WALS 231230Z AUTO 23003KT 180V270 9999 BKN003 BKN060 26/24 Q1011,WALS,2026-08-23 12:30:00,1,230.0,3.0,,10000.0,,BKN,300.0,,BKN,6000.0,,,,,0,26.0,24.0,1011.0,0,0,,300.0,0.0,0.0,10000.0,2.0,,7000.0,0.0,0.0,2200.0,2.0,,4700.0,0.0,0.0,8000.0,2.0,,4200.0,0.0,0.0,8000.0,4.0,,,0.0,0.0,10000.0,4.0,,5500.0
METAR WALS 231300Z AUTO 24004KT 9999 FEW003 SCT039 BKN065 26/24 Q1012,WALS,2026-08-23 13:00:00,1,240.0,4.0,,10000.0,,FEW,300.0,,SCT,3900.0,,BKN,6500.0,,0,26.0,24.0,1012.0,0,0,,6500.0,0.0,0.0,10000.0,2.0,,7000.0,0.0,0.0,4700.0,2.0,,5500.0,0.0,0.0,3600.0,2.0,,6000.0,0.0,0.0,8000.0,4.0,,,0.0,0.0,10000.0,3.0,,
METAR WALS 231330Z AUTO 25002KT 9999 FEW003 FEW023 BKN070 26/24 Q1012,WALS,2026-08-23 13:30:00,1,250.0,2.0,,10000.0,,FEW,300.0,,FEW,2300.0,,BKN,7000.0,,0,26.0,24.0,1012.0,0,0,,7000.0,0.0,0.0,10000.0,3.0,,5000.0,0.0,0.0,9000.0,3.0,,5500.0,0.0,0.0,6000.0,2.0,,6000.0,0.0,0.0,9000.0,8.0,,,0.0,0.0,10000.0,1.0,,6000.0
METAR WALS 231400Z AUTO VRB02KT 9999 FEW003 SCT045 BKN070 25/24 Q1012,WALS,2026-08-23 14:00:00,1,,2.0,,10000.0,,FEW,300.0,,SCT,4500.0,,BKN,7000.0,,0,25.0,24.0,1012.0,0,0,,7000.0,0.0,0.0,10000.0,2.0,,4300.0,0.0,0.0,7000.0,2.0,,3300.0,0.0,0.0,3800.0,1.0,,5000.0,0.0,0.0,10000.0,8.0,,,0.0,0.0,10000.0,1.0,,4500.0
METAR WALS 231430Z AUTO 27003KT 9999 SCT039 BKN050 BKN070 25/24 Q1012,WALS,2026-08-23 14:30:00,1,270.0,3.0,,10000.0,,SCT,3900.0,,BKN,5000.0,,BKN,7000.0,,0,25.0,24.0,1012.0,0,0,,5000.0,0.0,0.0,2200.0,2.0,,4700.0,0.0,0.0,6000.0,3.0,,3200.0,0.0,0.0,6000.0,1.0,,5000.0,0.0,0.0,9000.0,8.0,,,0.0,0.0,10000.0,3.0,,5000.0
METAR WALS 231500Z AUTO 25002KT 9999 FEW026 SCT036 BKN043 25/24 Q1012,WALS,2026-08-23 15:00:00,1,250.0,2.0,,10000.0,,FEW,2600.0,,SCT,3600.0,,BKN,4300.0,,0,25.0,24.0,1012.0,0,0,,4300.0,0.0,0.0,4700.0,2.0,,5500.0,0.0,0.0,6000.0,3.0,,3400.0,0.0,0.0,8000.0,0.0,,4900.0,0.0,0.0,9000.0,8.0,,,0.0,0.0,10000.0,3.0,,4200.0
METAR WALS 231530Z AUTO 24002KT 2200 BR SCT041 BKN047 BKN060 24/24 Q1012,WALS,2026-08-23 15:30:00,1,240.0,2.0,,2200.0,"('', None, '', 'BR', None)",SCT,4100.0,,BKN,4700.0,,BKN,6000.0,,0,24.0,24.0,1012.0,0,0,,4700.0,0.0,0.0,9000.0,3.0,,5500.0,0.0,0.0,8000.0,2.0,,4200.0,0.0,0.0,7000.0,1.0,,4900.0,0.0,0.0,9000.0,8.0,,,0.0,0.0,10000.0,0.0,,3400.0
METAR WALS 231600Z AUTO 23002KT 4700 BR FEW038 SCT044 BKN055 25/24 Q1012,WALS,2026-08-23 16:00:00,1,230.0,2.0,,4700.0,"('', None, '', 'BR', None)",FEW,3800.0,,SCT,4400.0,,BKN,5500.0,,0,25.0,24.0,1012.0,0,0,,5500.0,0.0,0.0,7000.0,2.0,,3300.0,0.0,0.0,3600.0,2.0,,6000.0,0.0,0.0,8000.0,1.0,,,0.0,0.0,8000.0,8.0,,,0.0,0.0,10000.0,2.0,,3400.0
METAR WALS 231630Z AUTO 24003KT 9000 FEW031 SCT042 BKN055 25/24 Q1012,WALS,2026-08-23 16:30:00,1,240.0,3.0,,9000.0,,FEW,3100.0,,SCT,4200.0,,BKN,5500.0,,0,25.0,24.0,1012.0,0,0,,5500.0,0.0,0.0,6000.0,3.0,,3200.0,0.0,0.0,6000.0,2.0,,6000.0,0.0,0.0,7000.0,0.0,,,0.0,0.0,9000.0,7.0,,,0.0,0.0,9000.0,1.0,,4600.0
METAR WALS 231700Z AUTO 30002KT 7000 SCT028 BKN033 OVC048 25/24 Q1012,WALS,2026-08-23 17:00:00,1,300.0,2.0,,7000.0,,SCT,2800.0,,BKN,3300.0,,OVC,4800.0,,0,25.0,24.0,1012.0,0,0,,3300.0,0.0,0.0,6000.0,3.0,,3400.0,0.0,0.0,3800.0,1.0,,5000.0,0.0,0.0,6000.0,1.0,,,0.0,0.0,8000.0,9.0,,,0.0,0.0,5000.0,0.0,,4700.0
METAR WALS 231730Z AUTO 30003KT 6000 BKN032 BKN043 OVC060 25/24 Q1011,WALS,2026-08-23 17:30:00,1,300.0,3.0,,6000.0,,BKN,3200.0,,BKN,4300.0,,OVC,6000.0,,0,25.0,24.0,1011.0,0,0,,3200.0,0.0,0.0,8000.0,2.0,,4200.0,0.0,0.0,6000.0,1.0,,5000.0,0.0,0.0,7000.0,2.0,,,0.0,0.0,8000.0,9.0,,,0.0,0.0,8000.0,1.0,,5000.0
METAR WALS 231800Z AUTO 28003KT 6000 SCT029 BKN034 OVC065 25/24 Q1011,WALS,2026-08-23 18:00:00,1,280.0,3.0,,6000.0,,SCT,2900.0,,BKN,3400.0,,OVC,6500.0,,0,25.0,24.0,1011.0,0,0,,3400.0,0.0,0.0,3600.0,2.0,,6000.0,0.0,0.0,8000.0,0.0,,4900.0,0.0,0.0,7000.0,3.0,,,0.0,0.0,9000.0,8.0,,,0.0,0.0,8000.0,1.0,,4400.0
METAR WALS 231830Z AUTO 27002KT 8000 SCT031 BKN042 OVC060 24/24 Q1011,WALS,2026-08-23 18:30:00,1,270.0,2.0,,8000.0,,SCT,3100.0,,BKN,4200.0,,OVC,6000.0,,0,24.0,24.0,1011.0,0,0,,4200.0,0.0,0.0,6000.0,2.0,,6000.0,0.0,0.0,7000.0,1.0,,4900.0,0.0,0.0,8000.0,4.0,,,0.0,0.0,10000.0,8.0,,,0.0,0.0,9000.0,2.0,,4800.0
METAR WALS 231900Z AUTO 28002KT 3600 BR FEW030 FEW035 OVC060 24/24 Q1011,WALS,2026-08-23 19:00:00,1,280.0,2.0,,3600.0,"('', None, '', 'BR', None)",FEW,3000.0,,FEW,3500.0,,OVC,6000.0,,0,24.0,24.0,1011.0,0,0,,6000.0,0.0,0.0,3800.0,1.0,,5000.0,0.0,0.0,8000.0,1.0,,,0.0,0.0,8000.0,4.0,,,0.0,0.0,9000.0,8.0,,,0.0,0.0,7000.0,1.0,,4800.0
METAR WALS 231930Z AUTO 25002KT 6000 FEW025 SCT029 OVC060 24/24 Q1011,WALS,2026-08-23 19:30:00,1,250.0,2.0,,6000.0,,FEW,2500.0,,SCT,2900.0,,OVC,6000.0,,0,24.0,24.0,1011.0,0,0,,6000.0,0.0,0.0,6000.0,1.0,,5000.0,0.0,0.0,7000.0,0.0,,,0.0,0.0,9000.0,8.0,,,0.0,0.0,8000.0,8.0,,,0.0,0.0,9000.0,0.0,,5000.0
METAR WALS 232000Z AUTO 36001KT 3800 BR FEW024 BKN050 OVC065 24/24 Q1011,WALS,2026-08-23 20:00:00,1,360.0,1.0,,3800.0,"('', None, '', 'BR', None)",FEW,2400.0,,BKN,5000.0,,OVC,6500.0,,0,24.0,24.0,1011.0,0,0,,5000.0,0.0,0.0,8000.0,0.0,,4900.0,0.0,0.0,6000.0,1.0,,,0.0,0.0,10000.0,8.0,,,0.0,0.0,7000.0,10.0,,,0.0,0.0,9000.0,1.0,,4800.0
METAR WALS 232030Z AUTO VRB01KT 6000 BKN050 OVC060 24/24 Q1012,WALS,2026-08-23 20:30:00,1,,1.0,,6000.0,,BKN,5000.0,,OVC,6000.0,,,,,0,24.0,24.0,1012.0,0,0,,5000.0,0.0,0.0,7000.0,1.0,,4900.0,0.0,0.0,7000.0,2.0,,,0.0,0.0,9000.0,8.0,,,0.0,0.0,7000.0,9.0,,,0.0,0.0,8000.0,2.0,,4700.0
METAR WALS 232100Z AUTO 00000KT 8000 OVC049 24/24 Q1012,WALS,2026-08-23 21:00:00,1,0.0,0.0,,8000.0,,OVC,4900.0,,,,,,,,0,24.0,24.0,1012.0,0,0,,4900.0,0.0,0.0,8000.0,1.0,,,0.0,0.0,7000.0,3.0,,,0.0,0.0,9000.0,8.0,,,0.0,0.0,7000.0,8.0,,,0.0,0.0,9000.0,2.0,,1800.0
METAR WALS 232130Z AUTO 34001KT 7000 OVC049 24/24 Q1012,WALS,2026-08-23 21:30:00,1,340.0,1.0,,7000.0,,OVC,4900.0,,,,,,,,0,24.0,24.0,1012.0,0,0,,4900.0,0.0,0.0,7000.0,0.0,,,0.0,0.0,8000.0,4.0,,,0.0,0.0,9000.0,8.0,,,0.0,0.0,7000.0,8.0,,,0.0,0.0,7000.0,1.0,,4500.0
METAR WALS 232200Z VRB01KT 8000 FEW020 24/24 Q1012 NOSIG,WALS,2026-08-23 22:00:00,0,,1.0,,8000.0,,FEW,2000.0,,,,,,,,0,24.0,24.0,1012.0,0,0,,,0.0,0.0,6000.0,1.0,,,0.0,0.0,8000.0,4.0,,,0.0,0.0,8000.0,8.0,,,0.0,0.0,10000.0,5.0,,,0.0,0.0,4100.0,2.0,,2800.0
METAR WALS 232230Z 00000KT 7000 SCT020 25/24 Q1012 NOSIG,WALS,2026-08-23 22:30:00,0,0.0,0.0,,7000.0,,SCT,2000.0,,,,,,,,0,25.0,24.0,1012.0,0,0,,,0.0,0.0,7000.0,2.0,,,0.0,0.0,9000.0,8.0,,,0.0,0.0,9000.0,7.0,,,0.0,0.0,10000.0,4.0,,3400.0,0.0,0.0,3000.0,1.0,,
METAR WALS 232300Z VRB01KT 6000 FEW020 26/24 Q1013 NOSIG,WALS,2026-08-23 23:00:00,0,,1.0,,6000.0,,FEW,2000.0,,,,,,,,0,26.0,24.0,1013.0,0,0,,,0.0,0.0,7000.0,3.0,,,0.0,0.0,10000.0,8.0,,,0.0,0.0,8000.0,9.0,,,0.0,0.0,10000.0,4.0,,3800.0,0.0,0.0,4000.0,3.0,,
METAR WALS 232330Z VRB02KT 7000 FEW020 26/24 Q1013 NOSIG,WALS,2026-08-23 23:30:00,0,,2.0,,7000.0,,FEW,2000.0,,,,,,,,0,26.0,24.0,1013.0,0,0,,,0.0,0.0,8000.0,4.0,,,0.0,0.0,9000.0,8.0,,,0.0,0.0,8000.0,9.0,,,0.0,0.0,10000.0,5.0,,3900.0,0.0,0.0,5000.0,4.0,,
METAR WALS 240000Z 25003KT 230V320 7000 FEW020 27/25 Q1013 NOSIG,WALS,2026-08-24 00:00:00,0,250.0,3.0,,7000.0,,FEW,2000.0,,,,,,,,0,27.0,25.0,1013.0,0,0,,,0.0,0.0,8000.0,4.0,,,0.0,0.0,9000.0,8.0,,,0.0,0.0,9000.0,8.0,,,0.0,0.0,10000.0,4.0,,5500.0,0.0,0.0,6000.0,6.0,,
METAR WALS 240030Z 23004KT 190V250 8000 FEW020 29/25 Q1014 NOSIG,WALS,2026-08-24 00:30:00,0,230.0,4.0,,8000.0,,FEW,2000.0,,,,,,,,0,29.0,25.0,1014.0,0,0,,,0.0,0.0,9000.0,8.0,,,0.0,0.0,9000.0,8.0,,,0.0,0.0,10000.0,8.0,,,0.0,0.0,10000.0,4.0,,5500.0,0.0,0.0,10000.0,8.0,,
METAR WALS 240130Z 20008KT 160V240 9000 SCT020 30/24 Q1013 NOSIG,WALS,2026-08-24 01:30:00,0,200.0,8.0,,9000.0,,SCT,2000.0,,,,,,,,0,30.0,24.0,1013.0,0,0,,,0.0,0.0,9000.0,8.0,,,0.0,0.0,9000.0,7.0,,,0.0,0.0,8000.0,8.0,,,0.0,0.0,10000.0,1.0,,6000.0,,,,,,
METAR WALS 240200Z 20008KT 160V290 9999 SCT020 30/24 Q1013 NOSIG,WALS,2026-08-24 02:00:00,0,200.0,8.0,,10000.0,,SCT,2000.0,,,,,,,,0,30.0,24.0,1013.0,0,0,,,0.0,0.0,9000.0,8.0,,,0.0,0.0,8000.0,9.0,,,0.0,0.0,7000.0,10.0,,,0.0,0.0,10000.0,1.0,,4500.0,0.0,0.0,10000.0,9.0,,
METAR WALS 240230Z 23008KT 200V260 9000 SCT020 30/24 Q1013 NOSIG,WALS,2026-08-24 02:30:00,0,230.0,8.0,,9000.0,,SCT,2000.0,,,,,,,,0,30.0,24.0,1013.0,0,0,,,0.0,0.0,9000.0,8.0,,,0.0,0.0,8000.0,9.0,,,0.0,0.0,7000.0,9.0,,,0.0,0.0,10000.0,3.0,,5000.0,0.0,0.0,10000.0,9.0,,
METAR WALS 240300Z 20008KT 170V240 9000 SCT020 31/24 Q1013 NOSIG,WALS,2026-08-24 03:00:00,0,200.0,8.0,,9000.0,,SCT,2000.0,,,,,,,,0,31.0,24.0,1013.0,0,0,,,0.0,0.0,8000.0,8.0,,,0.0,0.0,9000.0,8.0,,,0.0,0.0,7000.0,8.0,,,0.0,0.0,10000.0,3.0,,4200.0,0.0,0.0,10000.0,10.0,,
METAR WALS 240330Z 21008KT 140V260 9000 SCT020 31/24 Q1013 NOSIG,WALS,2026-08-24 03:30:00,0,210.0,8.0,,9000.0,,SCT,2000.0,,,,,,,,0,31.0,24.0,1013.0,0,0,,,0.0,0.0,9000.0,7.0,,,0.0,0.0,10000.0,8.0,,,0.0,0.0,7000.0,8.0,,,0.0,0.0,10000.0,0.0,,3400.0,0.0,0.0,10000.0,10.0,,
METAR WALS 240400Z 21008KT 170V250 8000 FEW018 SCT020 31/24 Q1012 NOSIG,WALS,2026-08-24 04:00:00,0,210.0,8.0,,8000.0,,FEW,1800.0,,SCT,2000.0,,,,,0,31.0,24.0,1012.0,0,0,,,0.0,0.0,8000.0,9.0,,,0.0,0.0,9000.0,8.0,,,0.0,0.0,10000.0,5.0,,,0.0,0.0,10000.0,2.0,,3400.0,0.0,0.0,10000.0,8.0,,
METAR WALS 240430Z 21007KT 160V250 9000 SCT020 32/24 Q1012 NOSIG,WALS,2026-08-24 04:30:00,0,210.0,7.0,,9000.0,,SCT,2000.0,,,,,,,,0,32.0,24.0,1012.0,0,0,,,0.0,0.0,8000.0,9.0,,,0.0,0.0,8000.0,8.0,,,0.0,0.0,10000.0,4.0,,3400.0,0.0,0.0,9000.0,1.0,,4600.0,0.0,0.0,10000.0,8.0,,
METAR WALS 240500Z 22009KT 190V270 8000 SCT020 32/23 Q1011 NOSIG,WALS,2026-08-24 05:00:00,0,220.0,9.0,,8000.0,,SCT,2000.0,,,,,,,,0,32.0,23.0,1011.0,0,0,,,0.0,0.0,9000.0,8.0,,,0.0,0.0,7000.0,10.0,,,0.0,0.0,10000.0,4.0,,3800.0,0.0,0.0,5000.0,0.0,,4700.0,0.0,0.0,10000.0,6.0,,
METAR WALS 240600Z 22008KT 180V250 9000 FEW020 34/23 Q1010 NOSIG,WALS,2026-08-24 06:00:00,0,220.0,8.0,,9000.0,,FEW,2000.0,,,,,,,,0,34.0,23.0,1010.0,0,0,,,0.0,0.0,9000.0,8.0,,,0.0,0.0,7000.0,8.0,,,0.0,0.0,10000.0,4.0,,5500.0,0.0,0.0,8000.0,1.0,,4400.0,0.0,0.0,9000.0,7.0,,
METAR WALS 240630Z 21008KT 160V250 9999 FEW020 34/23 Q1010 NOSIG,WALS,2026-08-24 06:30:00,0,210.0,8.0,,10000.0,,FEW,2000.0,,,,,,,,0,34.0,23.0,1010.0,0,0,,,0.0,0.0,8000.0,8.0,,,0.0,0.0,7000.0,8.0,,,0.0,0.0,10000.0,4.0,,5500.0,0.0,0.0,9000.0,2.0,,4800.0,0.0,0.0,10000.0,6.0,,
METAR WALS 240700Z 18008KT 150V250 9000 FEW020 33/23 Q1009 NOSIG,WALS,2026-08-24 07:00:00,0,180.0,8.0,,9000.0,,FEW,2000.0,,,,,,,,0,33.0,23.0,1009.0,0,0,,,0.0,0.0,7000.0,10.0,,,0.0,0.0,10000.0,5.0,,,0.0,0.0,10000.0,3.0,,,0.0,0.0,7000.0,1.0,,4800.0,0.0,0.0,7000.0,9.0,,
METAR WALS 240730Z 19008KT 150V240 8000 NSC 34/23 Q1008 NOSIG,WALS,2026-08-24 07:30:00,0,190.0,8.0,,8000.0,,NSC,,,,,,,,,0,34.0,23.0,1008.0,0,0,,,0.0,0.0,7000.0,9.0,,,0.0,0.0,10000.0,4.0,,3400.0,0.0,0.0,10000.0,1.0,,6000.0,0.0,0.0,9000.0,0.0,,5000.0,0.0,0.0,6000.0,10.0,,
METAR WALS 240800Z 18010KT 150V210 7000 NSC 33/23 Q1008 NOSIG,WALS,2026-08-24 08:00:00,0,180.0,10.0,,7000.0,,NSC,,,,,,,,,0,33.0,23.0,1008.0,0,0,,,0.0,0.0,7000.0,8.0,,,0.0,0.0,10000.0,4.0,,3800.0,0.0,0.0,10000.0,1.0,,4500.0,0.0,0.0,9000.0,1.0,,4800.0,0.0,0.0,4900.0,9.0,,
METAR WALS 240830Z 18009KT 140V220 7000 NSC 32/23 Q1009 NOSIG,WALS,2026-08-24 08:30:00,0,180.0,9.0,,7000.0,,NSC,,,,,,,,,0,32.0,23.0,1009.0,0,0,,,0.0,0.0,7000.0,8.0,,,0.0,0.0,10000.0,5.0,,3900.0,0.0,0.0,10000.0,3.0,,5000.0,0.0,0.0,8000.0,2.0,,4700.0,0.0,0.0,4900.0,9.0,,
METAR WALS 240900Z 17008KT 150V220 7000 NSC 31/24 Q1009 NOSIG,WALS,2026-08-24 09:00:00,0,170.0,8.0,,7000.0,,NSC,,,,,,,,,0,31.0,24.0,1009.0,0,0,,,0.0,0.0,10000.0,5.0,,,0.0,0.0,10000.0,4.0,,5500.0,0.0,0.0,10000.0,3.0,,4200.0,0.0,0.0,9000.0,2.0,,1800.0,0.0,0.0,4800.0,9.0,,
METAR WALS 240930Z 19008KT 140V240 7000 NSC 30/24 Q1009 NOSIG,WALS,2026-08-24 09:30:00,0,190.0,8.0,,7000.0,,NSC,,,,,,,,,0,30.0,24.0,1009.0,0,0,,,0.0,0.0,10000.0,4.0,,3400.0,0.0,0.0,10000.0,4.0,,5500.0,0.0,0.0,10000.0,0.0,,3400.0,0.0,0.0,7000.0,1.0,,4500.0,0.0,0.0,4800.0,7.0,,
METAR WALS 241000Z AUTO 19005KT 130V230 9999 NCD 29/23 Q1010,WALS,2026-08-24 10:00:00,1,190.0,5.0,,10000.0,,NCD,,,,,,,,,0,29.0,23.0,1010.0,0,0,,,0.0,0.0,10000.0,4.0,,3800.0,0.0,0.0,10000.0,3.0,,,0.0,0.0,10000.0,2.0,,3400.0,0.0,0.0,4100.0,2.0,,2800.0,0.0,0.0,4900.0,8.0,,
METAR WALS 241030Z AUTO 21004KT 170V240 9999 SCT025 BKN034 28/23 Q1010,WALS,2026-08-24 10:30:00,1,210.0,4.0,,10000.0,,SCT,2500.0,,BKN,3400.0,,,,,0,28.0,23.0,1010.0,0,0,,3400.0,0.0,0.0,10000.0,5.0,,3900.0,0.0,0.0,10000.0,1.0,,6000.0,0.0,0.0,9000.0,1.0,,4600.0,0.0,0.0,3000.0,1.0,,,0.0,0.0,6000.0,5.0,,1600.0
METAR WALS 241100Z AUTO 21004KT 190V250 9999 FEW023 SCT029 BKN038 27/23 Q1010,WALS,2026-08-24 11:00:00,1,210.0,4.0,,10000.0,,FEW,2300.0,,SCT,2900.0,,BKN,3800.0,,0,27.0,23.0,1010.0,0,0,,3800.0,0.0,0.0,10000.0,4.0,,5500.0,0.0,0.0,10000.0,1.0,,4500.0,0.0,0.0,5000.0,0.0,,4700.0,0.0,0.0,4000.0,3.0,,,0.0,0.0,10000.0,4.0,,1400.0
METAR WALS 241130Z AUTO 21005KT 180V250 9999 FEW026 BKN039 OVC048 27/22 Q1011,WALS,2026-08-24 11:30:00,1,210.0,5.0,,10000.0,,FEW,2600.0,,BKN,3900.0,,OVC,4800.0,,0,27.0,22.0,1011.0,0,0,,3900.0,0.0,0.0,10000.0,4.0,,5500.0,0.0,0.0,10000.0,3.0,,5000.0,0.0,0.0,8000.0,1.0,,5000.0,0.0,0.0,5000.0,4.0,,,0.0,0.0,10000.0,3.0,,2400.0
METAR WALS 241200Z AUTO 22004KT 180V240 9999 FEW026 SCT034 BKN055 27/22 Q1011,WALS,2026-08-24 12:00:00,1,220.0,4.0,,10000.0,,FEW,2600.0,,SCT,3400.0,,BKN,5500.0,,0,27.0,22.0,1011.0,0,0,,5500.0,0.0,0.0,10000.0,3.0,,,0.0,0.0,10000.0,3.0,,4200.0,0.0,0.0,8000.0,1.0,,4400.0,0.0,0.0,6000.0,6.0,,,0.0,0.0,10000.0,3.0,,1300.0
METAR WALS 241230Z AUTO 22004KT 190V260 9999 FEW037 BKN055 26/23 Q1011,WALS,2026-08-24 12:30:00,1,220.0,4.0,,10000.0,,FEW,3700.0,,BKN,5500.0,,,,,0,26.0,23.0,1011.0,0,0,,5500.0,0.0,0.0,10000.0,1.0,,6000.0,0.0,0.0,10000.0,0.0,,3400.0,0.0,0.0,9000.0,2.0,,4800.0,0.0,0.0,10000.0,8.0,,,0.0,0.0,10000.0,2.0,,4700.0
METAR WALS 241300Z AUTO 24003KT 210V270 9999 FEW038 SCT043 SCT055 26/23 Q1011,WALS,2026-08-24 13:00:00,1,240.0,3.0,,10000.0,,FEW,3800.0,,SCT,4300.0,,SCT,5500.0,,0,26.0,23.0,1011.0,0,0,,,0.0,0.0,10000.0,1.0,,4500.0,0.0,0.0,10000.0,2.0,,3400.0,0.0,0.0,7000.0,1.0,,4800.0,0.0,0.0,10000.0,8.0,,,0.0,0.0,10000.0,3.0,,4700.0
METAR WALS 241330Z AUTO VRB01KT 9999 SCT047 SCT055 BKN060 26/23 Q1012,WALS,2026-08-24 13:30:00,1,,1.0,,10000.0,,SCT,4700.0,,SCT,5500.0,,BKN,6000.0,,0,26.0,23.0,1012.0,0,0,,6000.0,0.0,0.0,10000.0,3.0,,5000.0,0.0,0.0,9000.0,1.0,,4600.0,0.0,0.0,9000.0,0.0,,5000.0,,,,,,,0.0,0.0,10000.0,3.0,,2900.0
METAR WALS 241400Z AUTO VRB01KT 9999 FEW038 BKN045 BKN050 25/23 Q1012,WALS,2026-08-24 14:00:00,1,,1.0,,10000.0,,FEW,3800.0,,BKN,4500.0,,BKN,5000.0,,0,25.0,23.0,1012.0,0,0,,4500.0,0.0,0.0,10000.0,3.0,,4200.0,0.0,0.0,5000.0,0.0,,4700.0,0.0,0.0,9000.0,1.0,,4800.0,0.0,0.0,10000.0,9.0,,,0.0,0.0,10000.0,3.0,,2600.0
METAR WALS 241430Z AUTO 32003KT 9999 SCT044 BKN050 BKN060 24/23 Q1012,WALS,2026-08-24 14:30:00,1,320.0,3.0,,10000.0,,SCT,4400.0,,BKN,5000.0,,BKN,6000.0,,0,24.0,23.0,1012.0,0,0,,5000.0,0.0,0.0,10000.0,0.0,,3400.0,0.0,0.0,8000.0,1.0,,5000.0,0.0,0.0,8000.0,2.0,,4700.0,0.0,0.0,10000.0,9.0,,,0.0,0.0,10000.0,1.0,,2900.0
METAR WALS 241500Z AUTO 26003KT 9999 BKN042 BKN050 24/23 Q1013,WALS,2026-08-24 15:00:00,1,260.0,3.0,,10000.0,,BKN,4200.0,,BKN,5000.0,,,,,0,24.0,23.0,1013.0,0,0,,4200.0,0.0,0.0,10000.0,2.0,,3400.0,0.0,0.0,8000.0,1.0,,4400.0,0.0,0.0,9000.0,2.0,,1800.0,0.0,0.0,10000.0,10.0,,,0.0,0.0,10000.0,2.0,,3100.0
METAR WALS 241530Z AUTO 00000KT 9999 BKN034 BKN042 OVC047 24/23 Q1013,WALS,2026-08-24 15:30:00,1,0.0,0.0,,10000.0,,BKN,3400.0,,BKN,4200.0,,OVC,4700.0,,0,24.0,23.0,1013.0,0,0,,3400.0,0.0,0.0,9000.0,1.0,,4600.0,0.0,0.0,9000.0,2.0,,4800.0,0.0,0.0,7000.0,1.0,,4500.0,0.0,0.0,10000.0,10.0,,,0.0,0.0,10000.0,0.0,,3200.0
METAR WALS 241600Z AUTO 27002KT 9999 BKN034 OVC040 23/23 Q1013,WALS,2026-08-24 16:00:00,1,270.0,2.0,,10000.0,,BKN,3400.0,,OVC,4000.0,,,,,0,23.0,23.0,1013.0,0,0,,3400.0,0.0,0.0,5000.0,0.0,,4700.0,0.0,0.0,7000.0,1.0,,4800.0,0.0,0.0,4100.0,2.0,,2800.0,0.0,0.0,10000.0,8.0,,,0.0,0.0,7000.0,1.0,,1900.0
METAR WALS 241630Z AUTO VRB01KT 9000 SCT037 OVC046 23/22 Q1013,WALS,2026-08-24 16:30:00,1,,1.0,,9000.0,,SCT,3700.0,,OVC,4600.0,,,,,0,23.0,22.0,1013.0,0,0,,4600.0,0.0,0.0,8000.0,1.0,,5000.0,0.0,0.0,9000.0,0.0,,5000.0,0.0,0.0,3000.0,1.0,,,0.0,0.0,10000.0,8.0,,,0.0,0.0,8000.0,1.0,,3700.0
METAR WALS 241700Z AUTO 00000KT 5000 FEW018 SCT039 BKN047 23/22 Q1012,WALS,2026-08-24 17:00:00,1,0.0,0.0,,5000.0,,FEW,1800.0,,SCT,3900.0,,BKN,4700.0,,0,23.0,22.0,1012.0,0,0,,4700.0,0.0,0.0,8000.0,1.0,,4400.0,0.0,0.0,9000.0,1.0,,4800.0,0.0,0.0,4000.0,3.0,,,0.0,0.0,10000.0,6.0,,,0.0,0.0,5000.0,0.0,,2600.0
METAR WALS 241730Z AUTO VRB01KT 8000 OVC050 23/22 Q1012,WALS,2026-08-24 17:30:00,1,,1.0,,8000.0,,OVC,5000.0,,,,,,,,0,23.0,22.0,1012.0,0,0,,5000.0,0.0,0.0,9000.0,2.0,,4800.0,0.0,0.0,8000.0,2.0,,4700.0,0.0,0.0,5000.0,4.0,,,0.0,0.0,10000.0,7.0,,,0.0,0.0,2500.0,1.0,,1800.0
METAR WALS 241800Z AUTO VRB01KT 8000 FEW019 OVC044 23/22 Q1012,WALS,2026-08-24 18:00:00,1,,1.0,,8000.0,,FEW,1900.0,,OVC,4400.0,,,,,0,23.0,22.0,1012.0,0,0,,4400.0,0.0,0.0,7000.0,1.0,,4800.0,0.0,0.0,9000.0,2.0,,1800.0,0.0,0.0,6000.0,6.0,,,0.0,0.0,9000.0,7.0,,,0.0,0.0,2100.0,1.0,,1800.0
METAR WALS 241830Z AUTO VRB02KT 9000 SCT017 SCT024 OVC048 23/22 Q1012,WALS,2026-08-24 18:30:00,1,,2.0,,9000.0,,SCT,1700.0,,SCT,2400.0,,OVC,4800.0,,0,23.0,22.0,1012.0,0,0,,4800.0,0.0,0.0,9000.0,0.0,,5000.0,0.0,0.0,7000.0,1.0,,4500.0,0.0,0.0,10000.0,8.0,,,0.0,0.0,10000.0,6.0,,,0.0,0.0,2600.0,1.0,,4900.0
METAR WALS 241900Z AUTO VRB01KT 7000 SCT016 SCT022 OVC048 23/22 Q1012,WALS,2026-08-24 19:00:00,1,,1.0,,7000.0,,SCT,1600.0,,SCT,2200.0,,OVC,4800.0,,0,23.0,22.0,1012.0,0,0,,4800.0,0.0,0.0,9000.0,1.0,,4800.0,0.0,0.0,4100.0,2.0,,2800.0,0.0,0.0,10000.0,8.0,,,0.0,0.0,7000.0,9.0,,,0.0,0.0,450.0,0.0,,2000.0
METAR WALS 241930Z AUTO 00000KT 9000 FEW017 SCT024 OVC050 22/22 Q1012,WALS,2026-08-24 19:30:00,1,0.0,0.0,,9000.0,,FEW,1700.0,,SCT,2400.0,,OVC,5000.0,,0,22.0,22.0,1012.0,0,0,,5000.0,0.0,0.0,8000.0,2.0,,4700.0,0.0,0.0,3000.0,1.0,,,,,,,,,0.0,0.0,6000.0,10.0,,,0.0,0.0,550.0,1.0,,2000.0
METAR WALS 242000Z AUTO VRB01KT 9000 FEW015 SCT033 OVC048 22/22 Q1012,WALS,2026-08-24 20:00:00,1,,1.0,,9000.0,,FEW,1500.0,,SCT,3300.0,,OVC,4800.0,,0,22.0,22.0,1012.0,0,0,,4800.0,0.0,0.0,9000.0,2.0,,1800.0,0.0,0.0,4000.0,3.0,,,0.0,0.0,10000.0,9.0,,,0.0,0.0,4900.0,9.0,,,0.0,0.0,3500.0,1.0,,2100.0
METAR WALS 242030Z AUTO 29002KT 8000 SCT016 SCT021 OVC047 22/22 Q1012,WALS,2026-08-24 20:30:00,1,290.0,2.0,,8000.0,,SCT,1600.0,,SCT,2100.0,,OVC,4700.0,,0,22.0,22.0,1012.0,0,0,,4700.0,0.0,0.0,7000.0,1.0,,4500.0,0.0,0.0,5000.0,4.0,,,0.0,0.0,10000.0,9.0,,,0.0,0.0,4900.0,9.0,,,0.0,0.0,1200.0,1.0,,2100.0
METAR WALS 242100Z AUTO 32002KT 9000 BKN018 BKN028 OVC046 22/22 Q1012,WALS,2026-08-24 21:00:00,1,320.0,2.0,,9000.0,,BKN,1800.0,,BKN,2800.0,,OVC,4600.0,,0,22.0,22.0,1012.0,0,0,,1800.0,0.0,0.0,4100.0,2.0,,2800.0,0.0,0.0,6000.0,6.0,,,0.0,0.0,10000.0,10.0,,,0.0,0.0,4800.0,9.0,,,0.0,0.0,6000.0,1.0,,2200.0
METAR WALS 242130Z AUTO VRB01KT 7000 FEW017 SCT023 BKN045 22/22 Q1012,WALS,2026-08-24 21:30:00,1,,1.0,,7000.0,,FEW,1700.0,,SCT,2300.0,,BKN,4500.0,,0,22.0,22.0,1012.0,0,0,,4500.0,0.0,0.0,3000.0,1.0,,,0.0,0.0,10000.0,8.0,,,0.0,0.0,10000.0,10.0,,,0.0,0.0,4800.0,7.0,,,0.0,0.0,4100.0,1.0,,5500.0
METAR WALS 242200Z AUTO 25002KT 4100 BR SCT022 BKN028 BKN042 23/22 Q1013,WALS,2026-08-24 22:00:00,1,250.0,2.0,,4100.0,"('', None, '', 'BR', None)",SCT,2200.0,,BKN,2800.0,,BKN,4200.0,,0,23.0,22.0,1013.0,0,0,,2800.0,0.0,0.0,4000.0,3.0,,,0.0,0.0,10000.0,8.0,,,0.0,0.0,10000.0,8.0,,,0.0,0.0,4900.0,8.0,,,0.0,0.0,3200.0,2.0,,5000.0
METAR WALS 242230Z 21001KT 3000 BR FEW005 22/22 Q1013 BECMG TL2330 5000 NSW,WALS,2026-08-24 22:30:00,0,210.0,1.0,,3000.0,"('', None, '', 'BR', None)",FEW,500.0,,,,,,,,0,22.0,22.0,1013.0,0,0,,,0.0,0.0,5000.0,4.0,,,,,,,,,0.0,0.0,10000.0,8.0,,,0.0,0.0,6000.0,5.0,,1600.0,0.0,0.0,3600.0,1.0,,
METAR WALS 242300Z 26003KT 220V290 4000 BR NSC 25/23 Q1013 BECMG TL2330 5000 NSW,WALS,2026-08-24 23:00:00,0,260.0,3.0,,4000.0,"('', None, '', 'BR', None)",NSC,,,,,,,,,0,25.0,23.0,1013.0,0,0,,,0.0,0.0,6000.0,6.0,,,0.0,0.0,10000.0,9.0,,,0.0,0.0,10000.0,6.0,,,0.0,0.0,10000.0,4.0,,1400.0,0.0,0.0,4800.0,2.0,,
METAR WALS 242330Z 27004KT 230V290 5000 NSC 25/24 Q1013 NOSIG,WALS,2026-08-24 23:30:00,0,270.0,4.0,,5000.0,,NSC,,,,,,,,,0,25.0,24.0,1013.0,0,0,,,0.0,0.0,10000.0,8.0,,,0.0,0.0,10000.0,9.0,,,0.0,0.0,10000.0,7.0,,,0.0,0.0,10000.0,3.0,,2400.0,0.0,0.0,5000.0,1.0,,
METAR WALS 250000Z 25006KT 230V300 6000 FEW010 27/24 Q1013 NOSIG,WALS,2026-08-25 00:00:00,0,250.0,6.0,,6000.0,,FEW,1000.0,,,,,,,,0,27.0,24.0,1013.0,0,0,,,0.0,0.0,10000.0,8.0,,,0.0,0.0,10000.0,10.0,,,0.0,0.0,9000.0,7.0,,,0.0,0.0,10000.0,3.0,,1300.0,0.0,0.0,5000.0,1.0,,
METAR WALS 250030Z 24008KT 220V280 9999 FEW016 28/24 Q1014 NOSIG,WALS,2026-08-25 00:30:00,0,240.0,8.0,,10000.0,,FEW,1600.0,,,,,,,,0,28.0,24.0,1014.0,0,0,,,,,,,,,0.0,0.0,10000.0,10.0,,,0.0,0.0,10000.0,6.0,,,0.0,0.0,10000.0,2.0,,4700.0,,,,,,
METAR WALS 250230Z 24009KT 210V270 9999 SCT022 32/22 Q1013 NOSIG,WALS,2026-08-25 02:30:00,0,240.0,9.0,,10000.0,,SCT,2200.0,,,,,,,,0,32.0,22.0,1013.0,0,0,,,0.0,0.0,10000.0,10.0,,,0.0,0.0,10000.0,7.0,,,0.0,0.0,4900.0,9.0,,,0.0,0.0,10000.0,1.0,,2900.0,,,,,,
METAR WALS 250300Z 22010KT 190V260 9999 FEW025 32/22 Q1013 NOSIG,WALS,2026-08-25 03:00:00,0,220.0,10.0,,10000.0,,FEW,2500.0,,,,,,,,0,32.0,22.0,1013.0,0,0,,,0.0,0.0,10000.0,8.0,,,0.0,0.0,9000.0,7.0,,,0.0,0.0,4800.0,9.0,,,0.0,0.0,10000.0,2.0,,3100.0,,,,,,
METAR WALS 250330Z 22010KT 180V260 9999 SCT025 33/22 Q1012 NOSIG,WALS,2026-08-25 03:30:00,0,220.0,10.0,,10000.0,,SCT,2500.0,,,,,,,,0,33.0,22.0,1012.0,0,0,,,0.0,0.0,10000.0,8.0,,,0.0,0.0,10000.0,6.0,,,0.0,0.0,4800.0,7.0,,,0.0,0.0,10000.0,0.0,,3200.0,,,,,,
METAR WALS 250400Z 25008KT 210V270 9999 SCT025 33/22 Q1012 NOSIG,WALS,2026-08-25 04:00:00,0,250.0,8.0,,10000.0,,SCT,2500.0,,,,,,,,0,33.0,22.0,1012.0,0,0,,,0.0,0.0,10000.0,6.0,,,0.0,0.0,7000.0,9.0,,,0.0,0.0,4900.0,8.0,,,0.0,0.0,7000.0,1.0,,1900.0,,,,,,
METAR WALS 250430Z 24008KT 200V290 9999 SCT025 34/22 Q1012 NOSIG,WALS,2026-08-25 04:30:00,0,240.0,8.0,,10000.0,,SCT,2500.0,,,,,,,,0,34.0,22.0,1012.0,0,0,,,0.0,0.0,10000.0,7.0,,,0.0,0.0,6000.0,10.0,,,0.0,0.0,6000.0,5.0,,1600.0,0.0,0.0,8000.0,1.0,,3700.0,,,,,,
METAR WALS 250500Z 24006KT 200V300 9999 SCT025 34/22 Q1011 NOSIG,WALS,2026-08-25 05:00:00,0,240.0,6.0,,10000.0,,SCT,2500.0,,,,,,,,0,34.0,22.0,1011.0,0,0,,,0.0,0.0,9000.0,7.0,,,0.0,0.0,4900.0,9.0,,,0.0,0.0,10000.0,4.0,,1400.0,0.0,0.0,5000.0,0.0,,2600.0,,,,,,
METAR WALS 250530Z 21007KT 150V250 9999 SCT025 34/22 Q1010 NOSIG,WALS,2026-08-25 05:30:00,0,210.0,7.0,,10000.0,,SCT,2500.0,,,,,,,,0,34.0,22.0,1010.0,0,0,,,0.0,0.0,10000.0,6.0,,,0.0,0.0,4900.0,9.0,,,0.0,0.0,10000.0,3.0,,2400.0,0.0,0.0,2500.0,1.0,,1800.0,,,,,,
METAR WALS 250600Z 23007KT 170V300 9000 SCT025 35/22 Q1010 NOSIG,WALS,2026-08-25 06:00:00,0,230.0,7.0,,9000.0,,SCT,2500.0,,,,,,,,0,35.0,22.0,1010.0,0,0,,,0.0,0.0,7000.0,9.0,,,0.0,0.0,4800.0,9.0,,,0.0,0.0,10000.0,3.0,,1300.0,0.0,0.0,2100.0,1.0,,1800.0,,,,,,
METAR WALS 250630Z 23006KT 170V270 9999 SCT025 35/21 Q1010 NOSIG,WALS,2026-08-25 06:30:00,0,230.0,6.0,,10000.0,,SCT,2500.0,,,,,,,,0,35.0,21.0,1010.0,0,0,,,0.0,0.0,6000.0,10.0,,,0.0,0.0,4800.0,7.0,,,0.0,0.0,10000.0,2.0,,4700.0,0.0,0.0,2600.0,1.0,,4900.0,,,,,,
METAR WALS 250700Z 18009KT 150V220 7000 SCT025 34/23 Q1009 NOSIG,WALS,2026-08-25 07:00:00,0,180.0,9.0,,7000.0,,SCT,2500.0,,,,,,,,0,34.0,23.0,1009.0,0,0,,,0.0,0.0,4900.0,9.0,,,0.0,0.0,4900.0,8.0,,,0.0,0.0,10000.0,3.0,,4700.0,0.0,0.0,450.0,0.0,,2000.0,,,,,,
METAR WALS 250730Z 18010KT 140V240 6000 SCT025 33/23 Q1009 NOSIG,WALS,2026-08-25 07:30:00,0,180.0,10.0,,6000.0,,SCT,2500.0,,,,,,,,0,33.0,23.0,1009.0,0,0,,,0.0,0.0,4900.0,9.0,,,0.0,0.0,6000.0,5.0,,1600.0,0.0,0.0,10000.0,3.0,,2900.0,0.0,0.0,550.0,1.0,,2000.0,,,,,,
METAR WALS 250800Z 18009KT 150V240 4900 FU FEW025 33/23 Q1009 NOSIG,WALS,2026-08-25 08:00:00,0,180.0,9.0,,4900.0,"('', None, '', 'FU', None)",FEW,2500.0,,,,,,,,0,33.0,23.0,1009.0,0,0,,,0.0,0.0,4800.0,9.0,,,0.0,0.0,10000.0,4.0,,1400.0,0.0,0.0,10000.0,3.0,,2600.0,0.0,0.0,3500.0,1.0,,2100.0,,,,,,
METAR WALS 250830Z 20009KT 130V230 4900 FU FEW025 33/23 Q1009 NOSIG,WALS,2026-08-25 08:30:00,0,200.0,9.0,,4900.0,"('', None, '', 'FU', None)",FEW,2500.0,,,,,,,,0,33.0,23.0,1009.0,0,0,,,0.0,0.0,4800.0,7.0,,,0.0,0.0,10000.0,3.0,,2400.0,0.0,0.0,10000.0,1.0,,2900.0,0.0,0.0,1200.0,1.0,,2100.0,,,,,,
METAR WALS 250900Z 20009KT 4800 FU NSC 32/23 Q1009 NOSIG,WALS,2026-08-25 09:00:00,0,200.0,9.0,,4800.0,"('', None, '', 'FU', None)",NSC,,,,,,,,,0,32.0,23.0,1009.0,0,0,,,0.0,0.0,4900.0,8.0,,,0.0,0.0,10000.0,3.0,,1300.0,0.0,0.0,10000.0,2.0,,3100.0,0.0,0.0,6000.0,1.0,,2200.0,,,,,,
METAR WALS 250930Z 20007KT 170V230 4800 FU NSC 31/22 Q1009 NOSIG,WALS,2026-08-25 09:30:00,0,200.0,7.0,,4800.0,"('', None, '', 'FU', None)",NSC,,,,,,,,,0,31.0,22.0,1009.0,0,0,,,0.0,0.0,6000.0,5.0,,1600.0,0.0,0.0,10000.0,2.0,,4700.0,0.0,0.0,10000.0,0.0,,3200.0,0.0,0.0,4100.0,1.0,,5500.0,,,,,,
METAR WALS 251000Z 20008KT 170V230 4900 FU NSC 30/22 Q1010 NOSIG,WALS,2026-08-25 10:00:00,0,200.0,8.0,,4900.0,"('', None, '', 'FU', None)",NSC,,,,,,,,,0,30.0,22.0,1010.0,0,0,,,0.0,0.0,10000.0,4.0,,1400.0,0.0,0.0,10000.0,3.0,,4700.0,0.0,0.0,7000.0,1.0,,1900.0,0.0,0.0,3200.0,2.0,,5000.0,,,,,,
METAR WALS 251030Z AUTO 21005KT 6000 BKN016 BKN020 28/21 Q1010,WALS,2026-08-25 10:30:00,1,210.0,5.0,,6000.0,,BKN,1600.0,,BKN,2000.0,,,,,0,28.0,21.0,1010.0,0,0,,1600.0,0.0,0.0,10000.0,3.0,,2400.0,0.0,0.0,10000.0,3.0,,2900.0,0.0,0.0,8000.0,1.0,,3700.0,0.0,0.0,3600.0,1.0,,,,,,,,
METAR WALS 251100Z AUTO 20004KT 150V230 9999 BKN014 BKN020 OVC035 27/22 Q1010,WALS,2026-08-25 11:00:00,1,200.0,4.0,,10000.0,,BKN,1400.0,,BKN,2000.0,,OVC,3500.0,,0,27.0,22.0,1010.0,0,0,,1400.0,0.0,0.0,10000.0,3.0,,1300.0,0.0,0.0,10000.0,3.0,,2600.0,0.0,0.0,5000.0,0.0,,2600.0,0.0,0.0,4800.0,2.0,,,,,,,,
METAR WALS 251130Z AUTO 21003KT 170V240 9999 SCT013 SCT017 BKN024 27/22 Q1011,WALS,2026-08-25 11:30:00,1,210.0,3.0,,10000.0,,SCT,1300.0,,SCT,1700.0,,BKN,2400.0,,0,27.0,22.0,1011.0,0,0,,2400.0,0.0,0.0,10000.0,2.0,,4700.0,0.0,0.0,10000.0,1.0,,2900.0,0.0,0.0,2500.0,1.0,,1800.0,0.0,0.0,5000.0,1.0,,,,,,,,
METAR WALS 251200Z AUTO 22003KT 9999 BKN013 BKN018 BKN024 26/22 Q1011,WALS,2026-08-25 12:00:00,1,220.0,3.0,,10000.0,,BKN,1300.0,,BKN,1800.0,,BKN,2400.0,,0,26.0,22.0,1011.0,0,0,,1300.0,0.0,0.0,10000.0,3.0,,4700.0,0.0,0.0,10000.0,2.0,,3100.0,0.0,0.0,2100.0,1.0,,1800.0,0.0,0.0,5000.0,1.0,,,,,,,,
METAR WALS 251230Z AUTO 24002KT 9999 FEW013 FEW018 OVC047 26/23 Q1012,WALS,2026-08-25 12:30:00,1,240.0,2.0,,10000.0,,FEW,1300.0,,FEW,1800.0,,OVC,4700.0,,0,26.0,23.0,1012.0,0,0,,4700.0,0.0,0.0,10000.0,3.0,,2900.0,0.0,0.0,10000.0,0.0,,3200.0,0.0,0.0,2600.0,1.0,,4900.0,,,,,,,,,,,,
METAR WALS 251300Z AUTO 25003KT 9999 SCT013 SCT027 OVC047 25/23 Q1012,WALS,2026-08-25 13:00:00,1,250.0,3.0,,10000.0,,SCT,1300.0,,SCT,2700.0,,OVC,4700.0,,0,25.0,23.0,1012.0,0,0,,4700.0,0.0,0.0,10000.0,3.0,,2600.0,0.0,0.0,7000.0,1.0,,1900.0,0.0,0.0,450.0,0.0,,2000.0,,,,,,,,,,,,
METAR WALS 251330Z AUTO 26003KT 9999 SCT016 BKN029 OVC046 25/23 Q1012,WALS,2026-08-25 13:30:00,1,260.0,3.0,,10000.0,,SCT,1600.0,,BKN,2900.0,,OVC,4600.0,,0,25.0,23.0,1012.0,0,0,,2900.0,0.0,0.0,10000.0,1.0,,2900.0,0.0,0.0,8000.0,1.0,,3700.0,0.0,0.0,550.0,1.0,,2000.0,,,,,,,,,,,,
METAR WALS 251400Z AUTO 26003KT 240V300 9999 SCT013 SCT018 OVC026 25/23 Q1013,WALS,2026-08-25 14:00:00,1,260.0,3.0,,10000.0,,SCT,1300.0,,SCT,1800.0,,OVC,2600.0,,0,25.0,23.0,1013.0,0,0,,2600.0,0.0,0.0,10000.0,2.0,,3100.0,0.0,0.0,5000.0,0.0,,2600.0,0.0,0.0,3500.0,1.0,,2100.0,,,,,,,,,,,,
METAR WALS 251430Z AUTO VRB01KT 9999 OVC029 24/23 Q1013,WALS,2026-08-25 14:30:00,1,,1.0,,10000.0,,OVC,2900.0,,,,,,,,0,24.0,23.0,1013.0,0,0,,2900.0,0.0,0.0,10000.0,0.0,,3200.0,0.0,0.0,2500.0,1.0,,1800.0,0.0,0.0,1200.0,1.0,,2100.0,,,,,,,,,,,,
METAR WALS 251500Z AUTO 29002KT 9999 OVC031 24/23 Q1013,WALS,2026-08-25 15:00:00,1,290.0,2.0,,10000.0,,OVC,3100.0,,,,,,,,0,24.0,23.0,1013.0,0,0,,3100.0,0.0,0.0,7000.0,1.0,,1900.0,0.0,0.0,2100.0,1.0,,1800.0,0.0,0.0,6000.0,1.0,,2200.0,,,,,,,,,,,,
METAR WALS 251530Z AUTO 00000KT 9999 SCT018 OVC032 23/23 Q1013,WALS,2026-08-25 15:30:00,1,0.0,0.0,,10000.0,,SCT,1800.0,,OVC,3200.0,,,,,0,23.0,23.0,1013.0,0,0,,3200.0,0.0,0.0,8000.0,1.0,,3700.0,0.0,0.0,2600.0,1.0,,4900.0,0.0,0.0,4100.0,1.0,,5500.0,,,,,,,,,,,,
METAR WALS 251600Z AUTO VRB01KT 7000 FEW004 BKN019 OVC034 23/23 Q1013,WALS,2026-08-25 16:00:00,1,,1.0,,7000.0,,FEW,400.0,,BKN,1900.0,,OVC,3400.0,,0,23.0,23.0,1013.0,0,0,,1900.0,0.0,0.0,5000.0,0.0,,2600.0,0.0,0.0,450.0,0.0,,2000.0,0.0,0.0,3200.0,2.0,,5000.0,,,,,,,,,,,,
METAR WALS 251630Z AUTO 28001KT 8000 SCT017 OVC037 23/22 Q1013,WALS,2026-08-25 16:30:00,1,280.0,1.0,,8000.0,,SCT,1700.0,,OVC,3700.0,,,,,0,23.0,22.0,1013.0,0,0,,3700.0,0.0,0.0,2500.0,1.0,,1800.0,0.0,0.0,550.0,1.0,,2000.0,0.0,0.0,3600.0,1.0,,,,,,,,,,,,,,
METAR WALS 251700Z AUTO 00000KT 5000 SCT018 BKN026 OVC036 23/22 Q1013,WALS,2026-08-25 17:00:00,1,0.0,0.0,,5000.0,,SCT,1800.0,,BKN,2600.0,,OVC,3600.0,,0,23.0,22.0,1013.0,0,0,,2600.0,0.0,0.0,2100.0,1.0,,1800.0,0.0,0.0,3500.0,1.0,,2100.0,0.0,0.0,4800.0,2.0,,,,,,,,,,,,,,
METAR WALS 251730Z AUTO VRB01KT 2500 BR BKN018 OVC050 22/22 Q1013,WALS,2026-08-25 17:30:00,1,,1.0,,2500.0,"('', None, '', 'BR', None)",BKN,1800.0,,OVC,5000.0,,,,,0,22.0,22.0,1013.0,0,0,,1800.0,0.0,0.0,2600.0,1.0,,4900.0,0.0,0.0,1200.0,1.0,,2100.0,0.0,0.0,5000.0,1.0,,,,,,,,,,,,,,
METAR WALS 251800Z AUTO 13001KT 2100 BR BKN018 OVC050 22/22 Q1012,WALS,2026-08-25 18:00:00,1,130.0,1.0,,2100.0,"('', None, '', 'BR', None)",BKN,1800.0,,OVC,5000.0,,,,,0,22.0,22.0,1012.0,0,0,,1800.0,0.0,0.0,450.0,0.0,,2000.0,0.0,0.0,6000.0,1.0,,2200.0,0.0,0.0,5000.0,1.0,,,,,,,,,,,,,,
METAR WALS 251830Z AUTO VRB01KT 2600 BR FEW021 OVC049 22/22 Q1012,WALS,2026-08-25 18:30:00,1,,1.0,,2600.0,"('', None, '', 'BR', None)",FEW,2100.0,,OVC,4900.0,,,,,0,22.0,22.0,1012.0,0,0,,4900.0,0.0,0.0,550.0,1.0,,2000.0,0.0,0.0,4100.0,1.0,,5500.0,,,,,,,,,,,,,,,,,,
METAR WALS 251900Z AUTO 00000KT 0450 R04/P2000D R22/0650D FG OVC020 22/21 Q1012,WALS,2026-08-25 19:00:00,1,0.0,0.0,,450.0,"('', None, '', 'FG', None)",OVC,2000.0,,,,,,,,0,22.0,21.0,1012.0,0,0,,2000.0,0.0,0.0,3500.0,1.0,,2100.0,0.0,0.0,3200.0,2.0,,5000.0,,,,,,,,,,,,,,,,,,
METAR WALS 251930Z AUTO 36001KT 0550 R04/P2000U R22/0800D FG OVC020 22/21 Q1012,WALS,2026-08-25 19:30:00,1,360.0,1.0,,550.0,"('', None, '', 'FG', None)",OVC,2000.0,,,,,,,,0,22.0,21.0,1012.0,0,0,,2000.0,0.0,0.0,1200.0,1.0,,2100.0,0.0,0.0,3600.0,1.0,,,,,,,,,,,,,,,,,,,,
METAR WALS 252000Z AUTO VRB01KT 3500 BR OVC021 21/21 Q1012,WALS,2026-08-25 20:00:00,1,,1.0,,3500.0,"('', None, '', 'BR', None)",OVC,2100.0,,,,,,,,0,21.0,21.0,1012.0,0,0,,2100.0,0.0,0.0,6000.0,1.0,,2200.0,0.0,0.0,4800.0,2.0,,,,,,,,,,,,,,,,,,,,
METAR WALS 252030Z AUTO 36001KT 1200 R04/P2000D R22/1700D BR OVC021 21/21 Q1012,WALS,2026-08-25 20:30:00,1,360.0,1.0,,1200.0,"('', None, '', 'BR', None)",OVC,2100.0,,,,,,,,0,21.0,21.0,1012.0,0,0,,2100.0,0.0,0.0,4100.0,1.0,,5500.0,0.0,0.0,5000.0,1.0,,,,,,,,,,,,,,,,,,,,
METAR WALS 252100Z AUTO 10001KT 6000 BKN022 BKN038 OVC049 21/21 Q1012,WALS,2026-08-25 21:00:00,1,100.0,1.0,,6000.0,,BKN,2200.0,,BKN,3800.0,,OVC,4900.0,,0,21.0,21.0,1012.0,0,0,,2200.0,0.0,0.0,3200.0,2.0,,5000.0,0.0,0.0,5000.0,1.0,,,,,,,,,,,,,,,,,,,,
METAR WALS 252130Z AUTO VRB01KT 4100 BR FEW022 SCT049 OVC055 21/21 Q1013,WALS,2026-08-25 21:30:00,1,,1.0,,4100.0,"('', None, '', 'BR', None)",FEW,2200.0,,SCT,4900.0,,OVC,5500.0,,0,21.0,21.0,1013.0,0,0,,5500.0,0.0,0.0,3600.0,1.0,,,,,,,,,,,,,,,,,,,,,,,,,,
METAR WALS 252200Z AUTO 02002KT 3200 BR OVC050 21/21 Q1013,WALS,2026-08-25 22:00:00,1,20.0,2.0,,3200.0,"('', None, '', 'BR', None)",OVC,5000.0,,,,,,,,0,21.0,21.0,1013.0,0,0,,5000.0,0.0,0.0,4800.0,2.0,,,,,,,,,,,,,,,,,,,,,,,,,,
METAR WALS 252230Z VRB01KT 3600 BR SCT012 21/21 Q1013 BECMG TL2330 7000 NSW,WALS,2026-08-25 22:30:00,0,,1.0,,3600.0,"('', None, '', 'BR', None)",SCT,1200.0,,,,,,,,0,21.0,21.0,1013.0,0,0,,,0.0,0.0,5000.0,1.0,,,,,,,,,,,,,,,,,,,,,,,,,,
METAR WALS 252300Z 15002KT 4800 BR FEW015 22/22 Q1014 NOSIG,WALS,2026-08-25 23:00:00,0,150.0,2.0,,4800.0,"('', None, '', 'BR', None)",FEW,1500.0,,,,,,,,0,22.0,22.0,1014.0,0,0,,,0.0,0.0,5000.0,1.0,,,,,,,,,,,,,,,,,,,,,,,,,,
METAR WALS 252330Z VRB01KT 5000 FEW020 24/22 Q1014 NOSIG,WALS,2026-08-25 23:30:00,0,,1.0,,5000.0,,FEW,2000.0,,,,,,,,0,24.0,22.0,1014.0,0,0,,,,,,,,,,,,,,,,,,,,,,,,,,,,,,,,
